DROP DATABASE IF EXISTS foottour;

CREATE DATABASE foottour
	CHARACTER SET utf8
	COLLATE utf8_hungarian_ci;

use foottour;

CREATE TABLE foottour.users (
  id INT(11) NOT NULL AUTO_INCREMENT,
  name VARCHAR(50) NOT NULL,
  email VARCHAR(50) NOT NULL,
  password VARCHAR(50) NOT NULL,
  isDeleted TINYINT(1) NOT NULL,
  isOrganizer TINYINT(1) NOT NULL,
  isReferee TINYINT(1) NOT NULL,
  isLeader TINYINT(1) NOT NULL,
  confirmation TINYINT(1) NOT NULL DEFAULT 0,
  PRIMARY KEY (id)
)
ENGINE = INNODB;

CREATE TABLE foottour.tournaments (
  id INT(11) NOT NULL AUTO_INCREMENT,
  organizerId INT(11) NOT NULL,
  startDate DATETIME NOT NULL,
  endDate DATETIME NOT NULL,
  name VARCHAR(50) NOT NULL,
  location VARCHAR(255) NOT NULL,
  bestPlayer VARCHAR(50) DEFAULT NULL,
  topScorer VARCHAR(50) DEFAULT NULL,
  bestGoalkeeper VARCHAR(50) DEFAULT NULL,
  entryFee INT(11) NOT NULL,
  description VARCHAR(1000) NOT NULL,
  teamsCount INT(11) NOT NULL,
  type VARCHAR(255) NOT NULL,
  groupMatches INT(11) NOT NULL DEFAULT 1,
  knockoutMatches INT(11) NOT NULL DEFAULT 1,
  finalMatches INT(11) NOT NULL DEFAULT 1,
  fields INT(11) NOT NULL,
  PRIMARY KEY (id)
)
ENGINE = INNODB;

CREATE TABLE foottour.teams (
  id INT(11) NOT NULL AUTO_INCREMENT,
  leaderId INT(11) NOT NULL,
  name VARCHAR(50) NOT NULL,
  PRIMARY KEY (id)
)
ENGINE = INNODB;

CREATE TABLE foottour.players (
  id INT(11) NOT NULL AUTO_INCREMENT,
  name VARCHAR(50) NOT NULL,
  goals INT(11) NOT NULL,
  PRIMARY KEY (id)
)
ENGINE = INNODB;

CREATE TABLE foottour.matches (
  id INT(11) NOT NULL AUTO_INCREMENT,
  refereeId INT(11) NOT NULL,

  team1Goals INT(11) DEFAULT NULL,
  team2Goals INT(11) DEFAULT NULL,
  code VARCHAR(50) NOT NULL,
  groupId INT(11) NOT NULL,
  time DATETIME NOT NULL,
  team1Id INT(11) NOT NULL,
  team2Id INT(11) NOT NULL,
  PRIMARY KEY (id)
)
ENGINE = INNODB;

CREATE TABLE foottour.events (
  id INT(11) NOT NULL AUTO_INCREMENT,
  matchId INT(11) NOT NULL,
  playerId INT(11) NOT NULL,
  type VARCHAR(50) NOT NULL,
  minute INT(11) NOT NULL,
  PRIMARY KEY (id)
)
ENGINE = INNODB;

CREATE TABLE foottour.players_to_teams (
  id INT(11) NOT NULL AUTO_INCREMENT,
  playerId INT(11) NOT NULL,
  teamId INT(11) NOT NULL,
  PRIMARY KEY (id)
)
ENGINE = INNODB;

CREATE TABLE foottour.teams_to_tournaments (
  id INT(11) NOT NULL AUTO_INCREMENT,
  teamId INT(11) NOT NULL,
  tournamentId INT(11) NOT NULL,
  PRIMARY KEY (id)
)
ENGINE = INNODB;

CREATE TABLE foottour.groups (
  id INT(11) NOT NULL AUTO_INCREMENT,
  tournamentId INT(11) NOT NULL,
  name VARCHAR(50) NOT NULL,
  PRIMARY KEY (id)
)
ENGINE = INNODB;

CREATE TABLE foottour.teams_to_groups (
  id INT(11) NOT NULL AUTO_INCREMENT,
  teamId INT(11) NOT NULL,
  groupId INT(11) NOT NULL,
  PRIMARY KEY (id)
)
ENGINE = INNODB;

CREATE TABLE foottour.kit_numbers_to_players (
  id INT(11) NOT NULL AUTO_INCREMENT,
  playerId INT(11) NOT NULL,
  tournamentId INT(11) NOT NULL,
  kitNumber INT(11) NOT NULL,
  PRIMARY KEY (id)
)
ENGINE = INNODB;

CREATE TABLE foottour.referees_to_tournaments (
  id INT(11) NOT NULL AUTO_INCREMENT,
  refereeId INT(11) NOT NULL,
  tournamentId INT(11) NOT NULL,
  PRIMARY KEY (id)
)
ENGINE = INNODB;

ALTER TABLE foottour.teams_to_tournaments 
  ADD CONSTRAINT FK_teams_to_tournaments_team_id FOREIGN KEY (teamId)
    REFERENCES foottour.teams(id) ON DELETE NO ACTION;

ALTER TABLE foottour.teams_to_tournaments 
  ADD CONSTRAINT FK_teams_to_tournaments_tournament_id FOREIGN KEY (tournamentId)
    REFERENCES foottour.tournaments(id) ON DELETE NO ACTION;

ALTER TABLE foottour.tournaments 
  ADD CONSTRAINT FK_tournaments_organizer_id FOREIGN KEY (organizerId)
    REFERENCES foottour.users(id) ON DELETE NO ACTION;

ALTER TABLE foottour.users 
  ADD UNIQUE INDEX UK_users_email(email);

ALTER TABLE foottour.teams 
  ADD CONSTRAINT FK_teams_leader_id FOREIGN KEY (leaderId)
    REFERENCES foottour.users(id) ON DELETE NO ACTION;

ALTER TABLE foottour.players_to_teams 
  ADD CONSTRAINT FK_players_to_teams_player_id FOREIGN KEY (playerId)
    REFERENCES foottour.players(id) ON DELETE NO ACTION;

ALTER TABLE foottour.players_to_teams 
  ADD CONSTRAINT FK_players_to_teams_team_id FOREIGN KEY (teamId)
    REFERENCES foottour.teams(id) ON DELETE NO ACTION;

ALTER TABLE foottour.matches 
  ADD CONSTRAINT FK_matches_group_id FOREIGN KEY (groupId)
    REFERENCES foottour.groups(id) ON DELETE NO ACTION;

ALTER TABLE foottour.matches 
  ADD CONSTRAINT FK_matches_referee_id FOREIGN KEY (refereeId)
    REFERENCES foottour.users(id) ON DELETE NO ACTION;

ALTER TABLE foottour.matches 
  ADD CONSTRAINT FK_matches_team1_id FOREIGN KEY (team1Id)
    REFERENCES foottour.teams(id) ON DELETE NO ACTION;

ALTER TABLE foottour.matches 
  ADD CONSTRAINT FK_matches_team2_id FOREIGN KEY (team2Id)
    REFERENCES foottour.teams(id) ON DELETE NO ACTION;

ALTER TABLE foottour.events 
  ADD CONSTRAINT FK_events_match_id FOREIGN KEY (matchId)
    REFERENCES foottour.matches(id) ON DELETE NO ACTION;

ALTER TABLE foottour.events 
  ADD CONSTRAINT FK_events_player_id FOREIGN KEY (playerId)
    REFERENCES foottour.players(id) ON DELETE NO ACTION;
    
ALTER TABLE foottour.groups 
  ADD CONSTRAINT FK_groups_tournament_id FOREIGN KEY (tournamentId)
    REFERENCES foottour.tournaments(id) ON DELETE NO ACTION;
    
ALTER TABLE foottour.teams_to_groups 
  ADD CONSTRAINT FK_teams_to_groups_group_id FOREIGN KEY (groupId)
    REFERENCES foottour.groups(id) ON DELETE NO ACTION;

ALTER TABLE foottour.teams_to_groups 
  ADD CONSTRAINT FK_teams_to_groups_team_id FOREIGN KEY (teamId)
    REFERENCES foottour.teams(id) ON DELETE NO ACTION;

ALTER TABLE foottour.kit_numbers_to_players 
  ADD CONSTRAINT FK_kit_numbers_to_players_playerId FOREIGN KEY (playerId)
    REFERENCES foottour.players(id) ON DELETE NO ACTION;

ALTER TABLE foottour.kit_numbers_to_players 
  ADD CONSTRAINT FK_kit_numbers_to_players_tournamentId FOREIGN KEY (tournamentId)
    REFERENCES foottour.tournaments(id) ON DELETE NO ACTION;

ALTER TABLE foottour.referees_to_tournaments 
  ADD CONSTRAINT FK_referees_to_tournaments_refereeId FOREIGN KEY (refereeId)
    REFERENCES foottour.users(id) ON DELETE NO ACTION;

ALTER TABLE foottour.referees_to_tournaments 
  ADD CONSTRAINT FK_referees_to_tournaments_tournamentId FOREIGN KEY (tournamentId)

REFERENCES foottour.tournaments(id) ON DELETE NO ACTION;

INSERT INTO foottour.users (name, email, password, isDeleted, isOrganizer, isReferee, isLeader, confirmation) VALUES ('Admin', 'admin', 'admin', 0, 1, 1, 1, 0);
insert into users (id, name, email, password, isDeleted, isOrganizer, isReferee, isLeader, confirmation) values (2, 'Alys Itshak', 'aitshak1@naver.com', 'hzb5rek', false, true, true, false, false);
insert into users (id, name, email, password, isDeleted, isOrganizer, isReferee, isLeader, confirmation) values (3, 'Frasier Speke', 'fspeke2@irs.gov', 'oKsCBY62Jvk', true, true, true, true, false);
insert into users (id, name, email, password, isDeleted, isOrganizer, isReferee, isLeader, confirmation) values (4, 'Prinz Tanser', 'ptanser3@furl.net', 'IP9LSnqJjIkm', false, false, true, false, true);
insert into users (id, name, email, password, isDeleted, isOrganizer, isReferee, isLeader, confirmation) values (5, 'Garrett Grandin', 'ggrandin4@stanford.edu', '7nEiqvAyOZf', false, true, true, true, false);
insert into users (id, name, email, password, isDeleted, isOrganizer, isReferee, isLeader, confirmation) values (6, 'Maryanne Goudman', 'mgoudman5@vk.com', 'd81oaO', true, true, false, true, false);
insert into users (id, name, email, password, isDeleted, isOrganizer, isReferee, isLeader, confirmation) values (7, 'Brodie Schofield', 'bschofield6@prnewswire.com', 'NfTU5mfNAMez', false, true, true, false, false);
insert into users (id, name, email, password, isDeleted, isOrganizer, isReferee, isLeader, confirmation) values (8, 'Darrick Meaker', 'dmeaker7@sphinn.com', 'XssvIHli6kch', false, true, true, true, true);
insert into users (id, name, email, password, isDeleted, isOrganizer, isReferee, isLeader, confirmation) values (9, 'Yancey Daly', 'ydaly8@irs.gov', 'WkaPvqhLd', true, true, true, true, false);
insert into users (id, name, email, password, isDeleted, isOrganizer, isReferee, isLeader, confirmation) values (10, 'Sari Axon', 'saxon9@addtoany.com', 'axAjdbboy', false, false, true, false, true);


insert into tournaments (id, organizerId, startDate, endDate, name, location, bestPlayer, topScorer, bestGoalkeeper, entryFee, description, teamsCount, type, groupMatches, knockoutMatches, finalMatches, fields) values (1, 10, '2022-06-03 12:09:47', '2022-06-14 12:09:47', 'Tin', '9404 Sopron, Spohn 308. (Győr-Moson-Sopron)', null, null, null, 9543, 'Nullam orci pede, venenatis non, sodales sed, tincidunt eu, felis. Fusce posuere felis sed lacus. Morbi sem mauris, laoreet ut, rhoncus aliquet, pulvinar sed, nisl. Nunc rhoncus dui vel sem. Sed sagittis. Nam congue, risus semper porta volutpat, quam pede lobortis ligula, sit amet eleifend pede libero quis orci. Nullam molestie nibh in lectus. Pellentesque at nulla.', 8, 'Egyenes kieséses', 2, 1, 1, 2);
insert into tournaments (id, organizerId, startDate, endDate, name, location, bestPlayer, topScorer, bestGoalkeeper, entryFee, description, teamsCount, type, groupMatches, knockoutMatches, finalMatches, fields) values (2, 6, '2022-06-07 09:32:15', '2022-06-12 09:32:15', 'Vagram', '3504 Miskolc, Kennedy 48502. (Borsod-Abaúj-Zemplén)', null, null, null, 4482, 'Fusce consequat. Nulla nisl. Nunc nisl. Duis bibendum, felis sed interdum venenatis, turpis enim blandit mi, in porttitor pede justo eu massa. Donec dapibus. Duis at velit eu est congue elementum. In hac habitasse platea dictumst. Morbi vestibulum, velit id pretium iaculis, diam erat fermentum justo, nec condimentum neque sapien placerat ante.', 8, 'Egyenes kieséses', 2, 2, 2, 5);
insert into tournaments (id, organizerId, startDate, endDate, name, location, bestPlayer, topScorer, bestGoalkeeper, entryFee, description, teamsCount, type, groupMatches, knockoutMatches, finalMatches, fields) values (3, 4, '2022-04-16 18:52:34', '2022-04-20 18:52:34', 'Cardify', '3304 Eger, Northridge 46. (Heves)', null, null, null, 1471, 'Nulla facilisi. Cras non velit nec nisi vulputate nonummy. Maecenas tincidunt lacus at velit. Vivamus vel nulla eget eros elementum pellentesque. Quisque porta volutpat erat. Quisque erat eros, viverra eget, congue eget, semper rutrum, nulla.', 32, 'Egyenes kieséses', 1, 1, 2, 2);
insert into tournaments (id, organizerId, startDate, endDate, name, location, bestPlayer, topScorer, bestGoalkeeper, entryFee, description, teamsCount, type, groupMatches, knockoutMatches, finalMatches, fields) values (4, 4, '2022-04-13 12:57:40', '2022-04-23 12:57:40', 'Lotlux', '9704 Szombathely, Hollow Ridge 456. (Vas)', null, null, null, 6956, 'Pellentesque ultrices mattis odio. Donec vitae nisi. Nam ultrices, libero non mattis pulvinar, nulla pede ullamcorper augue, a suscipit nulla elit ac nulla. Sed vel enim sit amet nunc viverra dapibus. Nulla suscipit ligula in lacus. Curabitur at ipsum ac tellus semper interdum. Mauris ullamcorper purus sit amet nulla. Quisque arcu libero, rutrum ac, lobortis vel, dapibus at, diam. Nam tristique tortor eu pede.', 32, 'Egyenes kieséses', 2, 1, 1, 1);
insert into tournaments (id, organizerId, startDate, endDate, name, location, bestPlayer, topScorer, bestGoalkeeper, entryFee, description, teamsCount, type, groupMatches, knockoutMatches, finalMatches, fields) values (5, 5, '2022-04-15 12:20:09', '2022-04-25 12:20:09', 'Tin', '3543 Miskolc, Hallows 1497. (Borsod-Abaúj-Zemplén)', null, null, null, 463, 'Vestibulum ante ipsum primis in faucibus orci luctus et ultrices posuere cubilia Curae; Mauris viverra diam vitae quam. Suspendisse potenti. Nullam porttitor lacus at turpis. Donec posuere metus vitae ipsum. Aliquam non mauris. Morbi non lectus. Aliquam sit amet diam in magna bibendum imperdiet.', 32, 'Csoportkör és kieséses', 2, 1, 2, 3);
insert into tournaments (id, organizerId, startDate, endDate, name, location, bestPlayer, topScorer, bestGoalkeeper, entryFee, description, teamsCount, type, groupMatches, knockoutMatches, finalMatches, fields) values (6, 4, '2022-05-10 16:23:38', '2022-05-16 16:23:38', 'Treeflex', '4045 Debrecen, Roth 1840. (Hajdú-Bihar)', null, null, null, 9864, 'Maecenas pulvinar lobortis est. Phasellus sit amet erat. Nulla tempus. Vivamus in felis eu sapien cursus vestibulum.', 32, 'Csoportkör és kieséses', 1, 2, 1, 5);
insert into tournaments (id, organizerId, startDate, endDate, name, location, bestPlayer, topScorer, bestGoalkeeper, entryFee, description, teamsCount, type, groupMatches, knockoutMatches, finalMatches, fields) values (7, 7, '2022-05-12 01:29:21', '2022-05-13 01:29:21', 'Bitwolf', '8011 Székesfehérvár, Derek 31. (Fejér)', null, null, null, 2740, 'Donec odio justo, sollicitudin ut, suscipit a, feugiat et, eros. Vestibulum ac est lacinia nisi venenatis tristique. Fusce congue, diam id ornare imperdiet, sapien urna pretium nisl, ut volutpat sapien arcu sed augue. Aliquam erat volutpat. In congue. Etiam justo. Etiam pretium iaculis justo.', 32, 'Csoportkör és kieséses', 1, 1, 2, 5);
insert into tournaments (id, organizerId, startDate, endDate, name, location, bestPlayer, topScorer, bestGoalkeeper, entryFee, description, teamsCount, type, groupMatches, knockoutMatches, finalMatches, fields) values (8, 10, '2022-04-28 10:37:46', '2022-05-12 10:37:46', 'Aerified', '8011 Székesfehérvár, Fuller 0828. (Fejér)', null, null, null, 5077, 'Praesent lectus. Vestibulum quam sapien, varius ut, blandit non, interdum in, ante. Vestibulum ante ipsum primis in faucibus orci luctus et ultrices posuere cubilia Curae; Duis faucibus accumsan odio. Curabitur convallis. Duis consequat dui nec nisi volutpat eleifend. Donec ut dolor. Morbi vel lectus in quam fringilla rhoncus. Mauris enim leo, rhoncus sed, vestibulum sit amet, cursus id, turpis.', 16, 'Egyenes kieséses', 1, 1, 1, 4);
insert into tournaments (id, organizerId, startDate, endDate, name, location, bestPlayer, topScorer, bestGoalkeeper, entryFee, description, teamsCount, type, groupMatches, knockoutMatches, finalMatches, fields) values (9, 1, '2022-04-24 06:15:33', '2022-04-25 06:15:33', 'Asoka', '4029 Debrecen, Mendota 28. (Hajdú-Bihar)', null, null, null, 2780, 'Nulla tempus. Vivamus in felis eu sapien cursus vestibulum. Proin eu mi. Nulla ac enim. In tempor, turpis nec euismod scelerisque, quam turpis adipiscing lorem, vitae mattis nibh ligula nec sem.', 16, 'Egyenes kieséses', 2, 1, 2, 4);
insert into tournaments (id, organizerId, startDate, endDate, name, location, bestPlayer, topScorer, bestGoalkeeper, entryFee, description, teamsCount, type, groupMatches, knockoutMatches, finalMatches, fields) values (10, 2, '2022-03-30 22:56:46', '2022-04-12 22:56:46', 'Cardguard', '8011 Székesfehérvár, Green 17. (Fejér)', null, null, null, 7980, 'In sagittis dui vel nisl. Duis ac nibh. Fusce lacus purus, aliquet at, feugiat non, pretium quis, lectus. Suspendisse potenti. In eleifend quam a odio. In hac habitasse platea dictumst. Maecenas ut massa quis augue luctus tincidunt. Nulla mollis molestie lorem. Quisque ut erat. Curabitur gravida nisi at nibh.', 16, 'Egyenes kieséses', 2, 1, 2, 1);
insert into tournaments (id, organizerId, startDate, endDate, name, location, bestPlayer, topScorer, bestGoalkeeper, entryFee, description, teamsCount, type, groupMatches, knockoutMatches, finalMatches, fields) values (11, 7, '2022-05-31 07:09:24', '2022-06-06 07:09:24', 'Domainer', '6004 Kecskemét, Troy 662. (Bács-Kiskun)', null, null, null, 9487, 'Proin eu mi. Nulla ac enim. In tempor, turpis nec euismod scelerisque, quam turpis adipiscing lorem, vitae mattis nibh ligula nec sem. Duis aliquam convallis nunc. Proin at turpis a pede posuere nonummy. Integer non velit. Donec diam neque, vestibulum eget, vulputate ut, ultrices vel, augue. Vestibulum ante ipsum primis in faucibus orci luctus et ultrices posuere cubilia Curae; Donec pharetra, magna vestibulum aliquet ultrices, erat tortor sollicitudin mi, sit amet lobortis sapien sapien non mi. Integer ac neque. Duis bibendum. Morbi non quam nec dui luctus rutrum. Nulla tellus.', 16, 'Egyenes kieséses', 2, 1, 1, 5);
insert into tournaments (id, organizerId, startDate, endDate, name, location, bestPlayer, topScorer, bestGoalkeeper, entryFee, description, teamsCount, type, groupMatches, knockoutMatches, finalMatches, fields) values (12, 5, '2022-04-09 18:55:12', '2022-04-14 18:55:12', 'Duobam', '6718 Szeged, Wayridge 540. (Csongrád)', null, null, null, 4857, 'Fusce lacus purus, aliquet at, feugiat non, pretium quis, lectus. Suspendisse potenti. In eleifend quam a odio. In hac habitasse platea dictumst. Maecenas ut massa quis augue luctus tincidunt. Nulla mollis molestie lorem. Quisque ut erat. Curabitur gravida nisi at nibh. In hac habitasse platea dictumst.', 32, 'Csoportkör és kieséses', 2, 1, 1, 5);
insert into tournaments (id, organizerId, startDate, endDate, name, location, bestPlayer, topScorer, bestGoalkeeper, entryFee, description, teamsCount, type, groupMatches, knockoutMatches, finalMatches, fields) values (13, 5, '2022-03-27 13:30:08', '2022-03-28 13:30:08', 'Tres-Zap', '4045 Debrecen, Sycamore 8179. (Hajdú-Bihar)', null, null, null, 5564, 'Lorem ipsum dolor sit amet, consectetuer adipiscing elit. Proin interdum mauris non ligula pellentesque ultrices. Phasellus id sapien in sapien iaculis congue. Vivamus metus arcu, adipiscing molestie, hendrerit at, vulputate vitae, nisl. Aenean lectus. Pellentesque eget nunc. Donec quis orci eget orci vehicula condimentum. Curabitur in libero ut massa volutpat convallis. Morbi odio odio, elementum eu, interdum eu, tincidunt in, leo. Maecenas pulvinar lobortis est. Phasellus sit amet erat. Nulla tempus.', 16, 'Csoportkör és kieséses', 1, 2, 2, 2);
insert into tournaments (id, organizerId, startDate, endDate, name, location, bestPlayer, topScorer, bestGoalkeeper, entryFee, description, teamsCount, type, groupMatches, knockoutMatches, finalMatches, fields) values (14, 7, '2022-03-29 20:22:52', '2022-04-06 20:22:52', 'Flexidy', '5009 Szolnok, Vera 9. (Jász-Nagykun-Szolnok)', null, null, null, 5160, 'Nulla tellus. In sagittis dui vel nisl. Duis ac nibh.', 16, 'Csoportkör és kieséses', 2, 2, 2, 1);
insert into tournaments (id, organizerId, startDate, endDate, name, location, bestPlayer, topScorer, bestGoalkeeper, entryFee, description, teamsCount, type, groupMatches, knockoutMatches, finalMatches, fields) values (15, 10, '2022-05-09 05:17:34', '2022-05-19 05:17:34', 'Konklab', '4014 Debrecen, Westport 76819. (Hajdú-Bihar)', null, null, null, 7647, 'Duis ac nibh. Fusce lacus purus, aliquet at, feugiat non, pretium quis, lectus. Suspendisse potenti. In eleifend quam a odio. In hac habitasse platea dictumst. Maecenas ut massa quis augue luctus tincidunt. Nulla mollis molestie lorem. Quisque ut erat. Curabitur gravida nisi at nibh. In hac habitasse platea dictumst. Aliquam augue quam, sollicitudin vitae, consectetuer eget, rutrum at, lorem. Integer tincidunt ante vel ipsum. Praesent blandit lacinia erat. Vestibulum sed magna at nunc commodo placerat.', 8, 'Egyenes kieséses', 2, 1, 1, 5);
insert into tournaments (id, organizerId, startDate, endDate, name, location, bestPlayer, topScorer, bestGoalkeeper, entryFee, description, teamsCount, type, groupMatches, knockoutMatches, finalMatches, fields) values (16, 1, '2022-04-05 12:59:22', '2022-04-09 12:59:22', 'Namfix', '6748 Szeged, Arizona 0994. (Csongrád)', null, null, null, 9659, 'Donec ut dolor. Morbi vel lectus in quam fringilla rhoncus. Mauris enim leo, rhoncus sed, vestibulum sit amet, cursus id, turpis. Integer aliquet, massa id lobortis convallis, tortor risus dapibus augue, vel accumsan tellus nisi eu orci. Mauris lacinia sapien quis libero. Nullam sit amet turpis elementum ligula vehicula consequat. Morbi a ipsum. Integer a nibh. In quis justo.', 16, 'Csoportkör és kieséses', 1, 1, 2, 5);
insert into tournaments (id, organizerId, startDate, endDate, name, location, bestPlayer, topScorer, bestGoalkeeper, entryFee, description, teamsCount, type, groupMatches, knockoutMatches, finalMatches, fields) values (17, 2, '2022-06-10 13:21:11', '2022-06-18 13:21:11', 'Tempsoft', '5604 Békéscsaba, Carpenter 57. (Békés)', null, null, null, 7327, 'Nulla nisl. Nunc nisl. Duis bibendum, felis sed interdum venenatis, turpis enim blandit mi, in porttitor pede justo eu massa.', 8, 'Egyenes kieséses', 1, 1, 1, 3);
insert into tournaments (id, organizerId, startDate, endDate, name, location, bestPlayer, topScorer, bestGoalkeeper, entryFee, description, teamsCount, type, groupMatches, knockoutMatches, finalMatches, fields) values (18, 3, '2022-05-13 17:43:31', '2022-05-20 17:43:31', 'Hatity', '7646 Pécs, Oriole 6074. (Baranya)', null, null, null, 2039, 'Nunc nisl. Duis bibendum, felis sed interdum venenatis, turpis enim blandit mi, in porttitor pede justo eu massa. Donec dapibus. Duis at velit eu est congue elementum. In hac habitasse platea dictumst. Morbi vestibulum, velit id pretium iaculis, diam erat fermentum justo, nec condimentum neque sapien placerat ante. Nulla justo. Aliquam quis turpis eget elit sodales scelerisque. Mauris sit amet eros. Suspendisse accumsan tortor quis turpis.', 8, 'Egyenes kieséses', 1, 1, 1, 3);
insert into tournaments (id, organizerId, startDate, endDate, name, location, bestPlayer, topScorer, bestGoalkeeper, entryFee, description, teamsCount, type, groupMatches, knockoutMatches, finalMatches, fields) values (19, 6, '2022-04-24 02:41:33', '2022-05-07 02:41:33', 'Rank', '6748 Szeged, Onsgard 80686. (Csongrád)', null, null, null, 2994, 'Maecenas tincidunt lacus at velit. Vivamus vel nulla eget eros elementum pellentesque. Quisque porta volutpat erat. Quisque erat eros, viverra eget, congue eget, semper rutrum, nulla. Nunc purus. Phasellus in felis. Donec semper sapien a libero. Nam dui. Proin leo odio, porttitor id, consequat in, consequat ut, nulla. Sed accumsan felis. Ut at dolor quis odio consequat varius. Integer ac leo. Pellentesque ultrices mattis odio. Donec vitae nisi. Nam ultrices, libero non mattis pulvinar, nulla pede ullamcorper augue, a suscipit nulla elit ac nulla.', 16, 'Csoportkör és kieséses', 2, 2, 2, 4);
insert into tournaments (id, organizerId, startDate, endDate, name, location, bestPlayer, topScorer, bestGoalkeeper, entryFee, description, teamsCount, type, groupMatches, knockoutMatches, finalMatches, fields) values (20, 5, '2022-05-12 22:27:23', '2022-05-20 22:27:23', 'Ronstring', '9404 Sopron, Eggendart 95411. (Győr-Moson-Sopron)', null, null, null, 3059, 'Duis bibendum. Morbi non quam nec dui luctus rutrum. Nulla tellus. In sagittis dui vel nisl.', 16, 'Egyenes kieséses', 1, 2, 2, 3);
insert into tournaments (id, organizerId, startDate, endDate, name, location, bestPlayer, topScorer, bestGoalkeeper, entryFee, description, teamsCount, type, groupMatches, knockoutMatches, finalMatches, fields) values (21, 7, '2022-03-26 02:41:42', '2022-04-01 02:41:42', 'Bitwolf', '8505 Pápa, Merry 6031. (Veszprém)', null, null, null, 9696, 'Nulla neque libero, convallis eget, eleifend luctus, ultricies eu, nibh. Quisque id justo sit amet sapien dignissim vestibulum. Vestibulum ante ipsum primis in faucibus orci luctus et ultrices posuere cubilia Curae; Nulla dapibus dolor vel est. Donec odio justo, sollicitudin ut, suscipit a, feugiat et, eros. Vestibulum ac est lacinia nisi venenatis tristique. Fusce congue, diam id ornare imperdiet, sapien urna pretium nisl, ut volutpat sapien arcu sed augue. Aliquam erat volutpat. In congue.', 16, 'Egyenes kieséses', 1, 1, 1, 1);
insert into tournaments (id, organizerId, startDate, endDate, name, location, bestPlayer, topScorer, bestGoalkeeper, entryFee, description, teamsCount, type, groupMatches, knockoutMatches, finalMatches, fields) values (22, 2, '2022-05-22 05:37:19', '2022-05-25 05:37:19', 'Tresom', '3515 Miskolc, Esker 9837. (Borsod-Abaúj-Zemplén)', null, null, null, 4880, 'Duis ac nibh. Fusce lacus purus, aliquet at, feugiat non, pretium quis, lectus. Suspendisse potenti. In eleifend quam a odio. In hac habitasse platea dictumst. Maecenas ut massa quis augue luctus tincidunt. Nulla mollis molestie lorem. Quisque ut erat. Curabitur gravida nisi at nibh. In hac habitasse platea dictumst. Aliquam augue quam, sollicitudin vitae, consectetuer eget, rutrum at, lorem. Integer tincidunt ante vel ipsum. Praesent blandit lacinia erat. Vestibulum sed magna at nunc commodo placerat.', 8, 'Egyenes kieséses', 2, 1, 2, 1);
insert into tournaments (id, organizerId, startDate, endDate, name, location, bestPlayer, topScorer, bestGoalkeeper, entryFee, description, teamsCount, type, groupMatches, knockoutMatches, finalMatches, fields) values (23, 2, '2022-04-08 11:35:52', '2022-04-16 11:35:52', 'Zontrax', '4014 Debrecen, Novick 45. (Hajdú-Bihar)', null, null, null, 2802, 'Proin interdum mauris non ligula pellentesque ultrices. Phasellus id sapien in sapien iaculis congue. Vivamus metus arcu, adipiscing molestie, hendrerit at, vulputate vitae, nisl. Aenean lectus. Pellentesque eget nunc. Donec quis orci eget orci vehicula condimentum. Curabitur in libero ut massa volutpat convallis. Morbi odio odio, elementum eu, interdum eu, tincidunt in, leo. Maecenas pulvinar lobortis est. Phasellus sit amet erat. Nulla tempus.', 16, 'Csoportkör és kieséses', 2, 2, 2, 5);
insert into tournaments (id, organizerId, startDate, endDate, name, location, bestPlayer, topScorer, bestGoalkeeper, entryFee, description, teamsCount, type, groupMatches, knockoutMatches, finalMatches, fields) values (24, 4, '2022-04-29 06:07:57', '2022-05-01 06:07:57', 'Gembucket', '7621 Pécs, Meadow Valley 5866. (Baranya)', null, null, null, 3292, 'Vivamus tortor. Duis mattis egestas metus. Aenean fermentum. Donec ut mauris eget massa tempor convallis. Nulla neque libero, convallis eget, eleifend luctus, ultricies eu, nibh. Quisque id justo sit amet sapien dignissim vestibulum.', 32, 'Csoportkör és kieséses', 2, 1, 2, 3);
insert into tournaments (id, organizerId, startDate, endDate, name, location, bestPlayer, topScorer, bestGoalkeeper, entryFee, description, teamsCount, type, groupMatches, knockoutMatches, finalMatches, fields) values (25, 4, '2022-06-02 08:30:40', '2022-06-07 08:30:40', 'Duobam', '2809 Tatabánya, Division 2. (Komárom-Esztergom)', null, null, null, 9644, 'Etiam vel augue. Vestibulum rutrum rutrum neque. Aenean auctor gravida sem. Praesent id massa id nisl venenatis lacinia. Aenean sit amet justo.', 32, 'Egyenes kieséses', 1, 2, 1, 4);

insert into teams (id, leaderId, name) values (1, 9, 'Lotstring');
insert into teams (id, leaderId, name) values (2, 5, 'Tin');
insert into teams (id, leaderId, name) values (3, 8, 'Rank');
insert into teams (id, leaderId, name) values (4, 8, 'Viva');
insert into teams (id, leaderId, name) values (5, 6, 'Fintone');
insert into teams (id, leaderId, name) values (6, 8, 'Vagram');
insert into teams (id, leaderId, name) values (7, 5, 'Wrapsafe');
insert into teams (id, leaderId, name) values (8, 9, 'Otcom');
insert into teams (id, leaderId, name) values (9, 5, 'Pannier');
insert into teams (id, leaderId, name) values (10, 6, 'Daltfresh');
insert into teams (id, leaderId, name) values (11, 1, 'Opela');
insert into teams (id, leaderId, name) values (12, 9, 'Kanlam');
insert into teams (id, leaderId, name) values (13, 6, 'Fixflex');
insert into teams (id, leaderId, name) values (14, 9, 'Stringtough');
insert into teams (id, leaderId, name) values (15, 5, 'Domainer');
insert into teams (id, leaderId, name) values (16, 1, 'Rank');
insert into teams (id, leaderId, name) values (17, 5, 'Tempsoft');
insert into teams (id, leaderId, name) values (18, 8, 'Bitchip');
insert into teams (id, leaderId, name) values (19, 1, 'Prodder');
insert into teams (id, leaderId, name) values (20, 3, 'Veribet');
insert into teams (id, leaderId, name) values (21, 1, 'Bytecard');
insert into teams (id, leaderId, name) values (22, 1, 'Home Ing');
insert into teams (id, leaderId, name) values (23, 9, 'Lotlux');
insert into teams (id, leaderId, name) values (24, 9, 'Bamity');
insert into teams (id, leaderId, name) values (25, 6, 'Sonsing');
insert into teams (id, leaderId, name) values (26, 9, 'Pannier');
insert into teams (id, leaderId, name) values (27, 3, 'Zoolab');
insert into teams (id, leaderId, name) values (28, 3, 'Aerified');
insert into teams (id, leaderId, name) values (29, 6, 'Transcof');
insert into teams (id, leaderId, name) values (30, 6, 'Wrapsafe');
insert into teams (id, leaderId, name) values (31, 6, 'Andalax');
insert into teams (id, leaderId, name) values (32, 9, 'Cardify');
insert into teams (id, leaderId, name) values (33, 1, 'Cardify');
insert into teams (id, leaderId, name) values (34, 9, 'Alpha');
insert into teams (id, leaderId, name) values (35, 5, 'Matsoft');
insert into teams (id, leaderId, name) values (36, 3, 'Regrant');
insert into teams (id, leaderId, name) values (37, 5, 'Tempsoft');
insert into teams (id, leaderId, name) values (38, 9, 'Job');
insert into teams (id, leaderId, name) values (39, 1, 'Konklab');
insert into teams (id, leaderId, name) values (40, 1, 'Aerified');
insert into teams (id, leaderId, name) values (41, 6, 'Opela');
insert into teams (id, leaderId, name) values (42, 9, 'Sonair');
insert into teams (id, leaderId, name) values (43, 6, 'Stringtough');
insert into teams (id, leaderId, name) values (44, 3, 'Zamit');
insert into teams (id, leaderId, name) values (45, 6, 'It');
insert into teams (id, leaderId, name) values (46, 5, 'It');
insert into teams (id, leaderId, name) values (47, 8, 'Voltsillam');
insert into teams (id, leaderId, name) values (48, 6, 'Quo Lux');
insert into teams (id, leaderId, name) values (49, 5, 'Namfix');
insert into teams (id, leaderId, name) values (50, 9, 'Span');
insert into teams (id, leaderId, name) values (51, 6, 'Flexidy');
insert into teams (id, leaderId, name) values (52, 8, 'Zoolab');
insert into teams (id, leaderId, name) values (53, 9, 'Sonsing');
insert into teams (id, leaderId, name) values (54, 8, 'Stronghold');
insert into teams (id, leaderId, name) values (55, 8, 'Daltfresh');
insert into teams (id, leaderId, name) values (56, 8, 'Stringtough');
insert into teams (id, leaderId, name) values (57, 8, 'Zaam-Dox');
insert into teams (id, leaderId, name) values (58, 3, 'Pannier');
insert into teams (id, leaderId, name) values (59, 9, 'Zontrax');
insert into teams (id, leaderId, name) values (60, 8, 'Zaam-Dox');
insert into teams (id, leaderId, name) values (61, 8, 'Kanlam');
insert into teams (id, leaderId, name) values (62, 9, 'Vagram');
insert into teams (id, leaderId, name) values (63, 9, 'Greenlam');
insert into teams (id, leaderId, name) values (64, 6, 'Alphazap');
insert into teams (id, leaderId, name) values (65, 8, 'Flexidy');
insert into teams (id, leaderId, name) values (66, 1, 'Ventosanzap');
insert into teams (id, leaderId, name) values (67, 3, 'Otcom');
insert into teams (id, leaderId, name) values (68, 8, 'Temp');
insert into teams (id, leaderId, name) values (69, 3, 'Hatity');
insert into teams (id, leaderId, name) values (70, 1, 'Quo Lux');
insert into teams (id, leaderId, name) values (71, 6, 'Toughjoyfax');
insert into teams (id, leaderId, name) values (72, 5, 'Bitwolf');
insert into teams (id, leaderId, name) values (73, 6, 'Cardguard');
insert into teams (id, leaderId, name) values (74, 6, 'Viva');
insert into teams (id, leaderId, name) values (75, 3, 'Cardify');
insert into teams (id, leaderId, name) values (76, 9, 'Lotstring');
insert into teams (id, leaderId, name) values (77, 8, 'Otcom');
insert into teams (id, leaderId, name) values (78, 9, 'Otcom');
insert into teams (id, leaderId, name) values (79, 9, 'Fintone');
insert into teams (id, leaderId, name) values (80, 8, 'Cookley');
insert into teams (id, leaderId, name) values (81, 3, 'Alphazap');
insert into teams (id, leaderId, name) values (82, 5, 'Quo Lux');
insert into teams (id, leaderId, name) values (83, 9, 'Voyatouch');
insert into teams (id, leaderId, name) values (84, 6, 'Y-Solowarm');
insert into teams (id, leaderId, name) values (85, 5, 'Opela');
insert into teams (id, leaderId, name) values (86, 9, 'Trippledex');
insert into teams (id, leaderId, name) values (87, 9, 'Tres-Zap');
insert into teams (id, leaderId, name) values (88, 1, 'Prodder');
insert into teams (id, leaderId, name) values (89, 6, 'Zamit');
insert into teams (id, leaderId, name) values (90, 3, 'Latlux');
insert into teams (id, leaderId, name) values (91, 3, 'Latlux');
insert into teams (id, leaderId, name) values (92, 5, 'Ronstring');
insert into teams (id, leaderId, name) values (93, 8, 'Tampflex');
insert into teams (id, leaderId, name) values (94, 8, 'Toughjoyfax');
insert into teams (id, leaderId, name) values (95, 1, 'Cookley');
insert into teams (id, leaderId, name) values (96, 6, 'Bitchip');
insert into teams (id, leaderId, name) values (97, 1, 'Bytecard');
insert into teams (id, leaderId, name) values (98, 1, 'Viva');
insert into teams (id, leaderId, name) values (99, 5, 'Home Ing');
insert into teams (id, leaderId, name) values (100, 9, 'Namfix');
insert into teams (id, leaderId, name) values (101, 3, 'Voltsillam');
insert into teams (id, leaderId, name) values (102, 5, 'Matsoft');
insert into teams (id, leaderId, name) values (103, 3, 'Gembucket');
insert into teams (id, leaderId, name) values (104, 6, 'Temp');
insert into teams (id, leaderId, name) values (105, 6, 'Flowdesk');
insert into teams (id, leaderId, name) values (106, 5, 'Cookley');
insert into teams (id, leaderId, name) values (107, 5, 'Y-Solowarm');
insert into teams (id, leaderId, name) values (108, 3, 'Zaam-Dox');
insert into teams (id, leaderId, name) values (109, 9, 'Job');
insert into teams (id, leaderId, name) values (110, 8, 'Konklux');
insert into teams (id, leaderId, name) values (111, 8, 'Andalax');
insert into teams (id, leaderId, name) values (112, 1, 'Mat Lam Tam');
insert into teams (id, leaderId, name) values (113, 5, 'Tresom');
insert into teams (id, leaderId, name) values (114, 3, 'Konklab');
insert into teams (id, leaderId, name) values (115, 5, 'Tampflex');
insert into teams (id, leaderId, name) values (116, 3, 'Overhold');
insert into teams (id, leaderId, name) values (117, 8, 'Stim');
insert into teams (id, leaderId, name) values (118, 5, 'Bigtax');
insert into teams (id, leaderId, name) values (119, 6, 'Tresom');
insert into teams (id, leaderId, name) values (120, 9, 'Lotstring');
insert into teams (id, leaderId, name) values (121, 8, 'Fintone');
insert into teams (id, leaderId, name) values (122, 8, 'Konklab');
insert into teams (id, leaderId, name) values (123, 5, 'Sub-Ex');
insert into teams (id, leaderId, name) values (124, 8, 'Fintone');
insert into teams (id, leaderId, name) values (125, 1, 'Tres-Zap');
insert into teams (id, leaderId, name) values (126, 9, 'Ventosanzap');
insert into teams (id, leaderId, name) values (127, 3, 'Lotstring');
insert into teams (id, leaderId, name) values (128, 6, 'Domainer');
insert into teams (id, leaderId, name) values (129, 8, 'Quo Lux');
insert into teams (id, leaderId, name) values (130, 9, 'Bigtax');
insert into teams (id, leaderId, name) values (131, 6, 'Aerified');
insert into teams (id, leaderId, name) values (132, 9, 'Treeflex');
insert into teams (id, leaderId, name) values (133, 6, 'Bitchip');
insert into teams (id, leaderId, name) values (134, 1, 'Ventosanzap');
insert into teams (id, leaderId, name) values (135, 6, 'Ronstring');
insert into teams (id, leaderId, name) values (136, 9, 'Domainer');
insert into teams (id, leaderId, name) values (137, 6, 'Bamity');
insert into teams (id, leaderId, name) values (138, 8, 'Solarbreeze');
insert into teams (id, leaderId, name) values (139, 8, 'Wrapsafe');
insert into teams (id, leaderId, name) values (140, 8, 'Tresom');
insert into teams (id, leaderId, name) values (141, 9, 'Alphazap');
insert into teams (id, leaderId, name) values (142, 5, 'Flexidy');
insert into teams (id, leaderId, name) values (143, 9, 'Zaam-Dox');
insert into teams (id, leaderId, name) values (144, 6, 'Latlux');
insert into teams (id, leaderId, name) values (145, 8, 'Viva');
insert into teams (id, leaderId, name) values (146, 1, 'Zontrax');
insert into teams (id, leaderId, name) values (147, 8, 'Zamit');
insert into teams (id, leaderId, name) values (148, 3, 'Bigtax');
insert into teams (id, leaderId, name) values (149, 6, 'Vagram');
insert into teams (id, leaderId, name) values (150, 1, 'Trippledex');
insert into teams (id, leaderId, name) values (151, 5, 'Bitwolf');
insert into teams (id, leaderId, name) values (152, 5, 'Tresom');
insert into teams (id, leaderId, name) values (153, 8, 'Vagram');
insert into teams (id, leaderId, name) values (154, 8, 'Temp');
insert into teams (id, leaderId, name) values (155, 9, 'Hatity');
insert into teams (id, leaderId, name) values (156, 6, 'Solarbreeze');
insert into teams (id, leaderId, name) values (157, 8, 'Lotstring');
insert into teams (id, leaderId, name) values (158, 9, 'Rank');
insert into teams (id, leaderId, name) values (159, 9, 'Mat Lam Tam');
insert into teams (id, leaderId, name) values (160, 3, 'Voltsillam');
insert into teams (id, leaderId, name) values (161, 1, 'Andalax');
insert into teams (id, leaderId, name) values (162, 3, 'Toughjoyfax');
insert into teams (id, leaderId, name) values (163, 3, 'Matsoft');
insert into teams (id, leaderId, name) values (164, 9, 'Voltsillam');
insert into teams (id, leaderId, name) values (165, 8, 'Viva');
insert into teams (id, leaderId, name) values (166, 1, 'Tres-Zap');
insert into teams (id, leaderId, name) values (167, 5, 'Overhold');
insert into teams (id, leaderId, name) values (168, 6, 'Fixflex');
insert into teams (id, leaderId, name) values (169, 9, 'Vagram');
insert into teams (id, leaderId, name) values (170, 6, 'Cookley');
insert into teams (id, leaderId, name) values (171, 3, 'Lotstring');
insert into teams (id, leaderId, name) values (172, 8, 'Cardguard');
insert into teams (id, leaderId, name) values (173, 9, 'Y-find');
insert into teams (id, leaderId, name) values (174, 5, 'Tampflex');
insert into teams (id, leaderId, name) values (175, 5, 'Keylex');
insert into teams (id, leaderId, name) values (176, 9, 'Konklab');
insert into teams (id, leaderId, name) values (177, 8, 'Voltsillam');
insert into teams (id, leaderId, name) values (178, 6, 'Sonair');
insert into teams (id, leaderId, name) values (179, 9, 'Home Ing');
insert into teams (id, leaderId, name) values (180, 1, 'Sonsing');
insert into teams (id, leaderId, name) values (181, 6, 'Biodex');
insert into teams (id, leaderId, name) values (182, 1, 'Duobam');
insert into teams (id, leaderId, name) values (183, 9, 'Alphazap');
insert into teams (id, leaderId, name) values (184, 3, 'Redhold');
insert into teams (id, leaderId, name) values (185, 1, 'Y-Solowarm');
insert into teams (id, leaderId, name) values (186, 3, 'Bamity');
insert into teams (id, leaderId, name) values (187, 1, 'Alphazap');
insert into teams (id, leaderId, name) values (188, 8, 'Transcof');
insert into teams (id, leaderId, name) values (189, 5, 'Cookley');
insert into teams (id, leaderId, name) values (190, 9, 'Viva');
insert into teams (id, leaderId, name) values (191, 1, 'Kanlam');
insert into teams (id, leaderId, name) values (192, 5, 'Holdlamis');
insert into teams (id, leaderId, name) values (193, 9, 'Zaam-Dox');
insert into teams (id, leaderId, name) values (194, 8, 'Solarbreeze');
insert into teams (id, leaderId, name) values (195, 6, 'Job');
insert into teams (id, leaderId, name) values (196, 8, 'Zontrax');
insert into teams (id, leaderId, name) values (197, 1, 'Stringtough');
insert into teams (id, leaderId, name) values (198, 5, 'Bitwolf');
insert into teams (id, leaderId, name) values (199, 8, 'Zaam-Dox');
insert into teams (id, leaderId, name) values (200, 9, 'Flowdesk');
insert into teams (id, leaderId, name) values (201, 1, 'Latlux');
insert into teams (id, leaderId, name) values (202, 8, 'Stronghold');
insert into teams (id, leaderId, name) values (203, 6, 'Wrapsafe');
insert into teams (id, leaderId, name) values (204, 1, 'Redhold');
insert into teams (id, leaderId, name) values (205, 6, 'Fixflex');
insert into teams (id, leaderId, name) values (206, 6, 'Treeflex');
insert into teams (id, leaderId, name) values (207, 8, 'Zontrax');
insert into teams (id, leaderId, name) values (208, 3, 'Bigtax');
insert into teams (id, leaderId, name) values (209, 3, 'Tres-Zap');
insert into teams (id, leaderId, name) values (210, 5, 'Cardify');
insert into teams (id, leaderId, name) values (211, 3, 'Wrapsafe');
insert into teams (id, leaderId, name) values (212, 8, 'Cardguard');
insert into teams (id, leaderId, name) values (213, 9, 'Alpha');
insert into teams (id, leaderId, name) values (214, 1, 'Pannier');
insert into teams (id, leaderId, name) values (215, 1, 'Duobam');
insert into teams (id, leaderId, name) values (216, 9, 'It');
insert into teams (id, leaderId, name) values (217, 9, 'Konklab');
insert into teams (id, leaderId, name) values (218, 9, 'Opela');
insert into teams (id, leaderId, name) values (219, 9, 'Solarbreeze');
insert into teams (id, leaderId, name) values (220, 8, 'Konklab');
insert into teams (id, leaderId, name) values (221, 5, 'Ventosanzap');
insert into teams (id, leaderId, name) values (222, 9, 'Domainer');
insert into teams (id, leaderId, name) values (223, 5, 'Sub-Ex');
insert into teams (id, leaderId, name) values (224, 3, 'Alpha');
insert into teams (id, leaderId, name) values (225, 8, 'Subin');
insert into teams (id, leaderId, name) values (226, 9, 'Stim');
insert into teams (id, leaderId, name) values (227, 8, 'Flowdesk');
insert into teams (id, leaderId, name) values (228, 6, 'Fintone');
insert into teams (id, leaderId, name) values (229, 3, 'Zaam-Dox');
insert into teams (id, leaderId, name) values (230, 3, 'Sub-Ex');
insert into teams (id, leaderId, name) values (231, 3, 'Sonair');
insert into teams (id, leaderId, name) values (232, 9, 'Vagram');
insert into teams (id, leaderId, name) values (233, 3, 'Y-find');
insert into teams (id, leaderId, name) values (234, 1, 'Vagram');
insert into teams (id, leaderId, name) values (235, 9, 'Cardify');
insert into teams (id, leaderId, name) values (236, 8, 'Subin');
insert into teams (id, leaderId, name) values (237, 3, 'Zathin');
insert into teams (id, leaderId, name) values (238, 9, 'Lotstring');
insert into teams (id, leaderId, name) values (239, 3, 'Duobam');
insert into teams (id, leaderId, name) values (240, 3, 'Zaam-Dox');
insert into teams (id, leaderId, name) values (241, 1, 'Gembucket');
insert into teams (id, leaderId, name) values (242, 6, 'Lotstring');
insert into teams (id, leaderId, name) values (243, 8, 'Zontrax');
insert into teams (id, leaderId, name) values (244, 5, 'Redhold');
insert into teams (id, leaderId, name) values (245, 3, 'Otcom');
insert into teams (id, leaderId, name) values (246, 6, 'Solarbreeze');
insert into teams (id, leaderId, name) values (247, 6, 'Lotlux');
insert into teams (id, leaderId, name) values (248, 3, 'Bitwolf');
insert into teams (id, leaderId, name) values (249, 5, 'Zontrax');
insert into teams (id, leaderId, name) values (250, 8, 'Stringtough');
insert into teams (id, leaderId, name) values (251, 1, 'Pannier');
insert into teams (id, leaderId, name) values (252, 3, 'Hatity');
insert into teams (id, leaderId, name) values (253, 8, 'Zamit');
insert into teams (id, leaderId, name) values (254, 8, 'Lotstring');
insert into teams (id, leaderId, name) values (255, 9, 'Toughjoyfax');
insert into teams (id, leaderId, name) values (256, 6, 'Lotstring');
insert into teams (id, leaderId, name) values (257, 5, 'Sonair');
insert into teams (id, leaderId, name) values (258, 1, 'Daltfresh');
insert into teams (id, leaderId, name) values (259, 3, 'Bamity');
insert into teams (id, leaderId, name) values (260, 9, 'Zamit');
insert into teams (id, leaderId, name) values (261, 1, 'Flexidy');
insert into teams (id, leaderId, name) values (262, 6, 'Pannier');
insert into teams (id, leaderId, name) values (263, 9, 'It');
insert into teams (id, leaderId, name) values (264, 9, 'Stim');
insert into teams (id, leaderId, name) values (265, 9, 'Greenlam');
insert into teams (id, leaderId, name) values (266, 1, 'Treeflex');
insert into teams (id, leaderId, name) values (267, 1, 'Flowdesk');
insert into teams (id, leaderId, name) values (268, 3, 'Alphazap');
insert into teams (id, leaderId, name) values (269, 1, 'Prodder');
insert into teams (id, leaderId, name) values (270, 3, 'Biodex');
insert into teams (id, leaderId, name) values (271, 9, 'Konklux');
insert into teams (id, leaderId, name) values (272, 8, 'Holdlamis');
insert into teams (id, leaderId, name) values (273, 1, 'Zathin');
insert into teams (id, leaderId, name) values (274, 6, 'Overhold');
insert into teams (id, leaderId, name) values (275, 6, 'Asoka');
insert into teams (id, leaderId, name) values (276, 1, 'Tin');
insert into teams (id, leaderId, name) values (277, 1, 'Y-Solowarm');
insert into teams (id, leaderId, name) values (278, 3, 'Voyatouch');
insert into teams (id, leaderId, name) values (279, 6, 'Bytecard');
insert into teams (id, leaderId, name) values (280, 3, 'Veribet');
insert into teams (id, leaderId, name) values (281, 8, 'Pannier');
insert into teams (id, leaderId, name) values (282, 9, 'Daltfresh');
insert into teams (id, leaderId, name) values (283, 3, 'Y-find');
insert into teams (id, leaderId, name) values (284, 9, 'Cookley');
insert into teams (id, leaderId, name) values (285, 6, 'Fix San');
insert into teams (id, leaderId, name) values (286, 5, 'Home Ing');
insert into teams (id, leaderId, name) values (287, 5, 'Alphazap');
insert into teams (id, leaderId, name) values (288, 8, 'Biodex');
insert into teams (id, leaderId, name) values (289, 5, 'Zaam-Dox');
insert into teams (id, leaderId, name) values (290, 6, 'Rank');
insert into teams (id, leaderId, name) values (291, 1, 'Fixflex');
insert into teams (id, leaderId, name) values (292, 5, 'Zoolab');
insert into teams (id, leaderId, name) values (293, 1, 'Gembucket');
insert into teams (id, leaderId, name) values (294, 1, 'Hatity');
insert into teams (id, leaderId, name) values (295, 1, 'Otcom');
insert into teams (id, leaderId, name) values (296, 9, 'Fixflex');
insert into teams (id, leaderId, name) values (297, 3, 'Subin');
insert into teams (id, leaderId, name) values (298, 6, 'Sonsing');
insert into teams (id, leaderId, name) values (299, 1, 'Zoolab');
insert into teams (id, leaderId, name) values (300, 1, 'Cookley');
insert into teams (id, leaderId, name) values (301, 1, 'Otcom');
insert into teams (id, leaderId, name) values (302, 3, 'Keylex');
insert into teams (id, leaderId, name) values (303, 9, 'Konklux');
insert into teams (id, leaderId, name) values (304, 3, 'Matsoft');
insert into teams (id, leaderId, name) values (305, 3, 'Redhold');
insert into teams (id, leaderId, name) values (306, 5, 'Namfix');
insert into teams (id, leaderId, name) values (307, 6, 'Prodder');
insert into teams (id, leaderId, name) values (308, 6, 'Sub-Ex');
insert into teams (id, leaderId, name) values (309, 6, 'Zaam-Dox');
insert into teams (id, leaderId, name) values (310, 9, 'Zoolab');
insert into teams (id, leaderId, name) values (311, 5, 'Sub-Ex');
insert into teams (id, leaderId, name) values (312, 8, 'Hatity');
insert into teams (id, leaderId, name) values (313, 8, 'Greenlam');
insert into teams (id, leaderId, name) values (314, 9, 'Otcom');
insert into teams (id, leaderId, name) values (315, 5, 'Namfix');
insert into teams (id, leaderId, name) values (316, 9, 'Vagram');
insert into teams (id, leaderId, name) values (317, 8, 'Transcof');
insert into teams (id, leaderId, name) values (318, 6, 'Hatity');
insert into teams (id, leaderId, name) values (319, 9, 'Latlux');
insert into teams (id, leaderId, name) values (320, 6, 'Bamity');
insert into teams (id, leaderId, name) values (321, 1, 'Regrant');
insert into teams (id, leaderId, name) values (322, 5, 'Lotstring');
insert into teams (id, leaderId, name) values (323, 9, 'Namfix');
insert into teams (id, leaderId, name) values (324, 3, 'Voyatouch');
insert into teams (id, leaderId, name) values (325, 5, 'Gembucket');
insert into teams (id, leaderId, name) values (326, 8, 'Greenlam');
insert into teams (id, leaderId, name) values (327, 8, 'Greenlam');
insert into teams (id, leaderId, name) values (328, 9, 'Veribet');
insert into teams (id, leaderId, name) values (329, 5, 'Matsoft');
insert into teams (id, leaderId, name) values (330, 5, 'Bytecard');
insert into teams (id, leaderId, name) values (331, 3, 'Daltfresh');
insert into teams (id, leaderId, name) values (332, 9, 'Trippledex');
insert into teams (id, leaderId, name) values (333, 1, 'Bitchip');
insert into teams (id, leaderId, name) values (334, 1, 'Lotlux');
insert into teams (id, leaderId, name) values (335, 9, 'Bitchip');
insert into teams (id, leaderId, name) values (336, 3, 'Alphazap');
insert into teams (id, leaderId, name) values (337, 5, 'Quo Lux');
insert into teams (id, leaderId, name) values (338, 6, 'Redhold');
insert into teams (id, leaderId, name) values (339, 1, 'Ventosanzap');
insert into teams (id, leaderId, name) values (340, 1, 'Gembucket');
insert into teams (id, leaderId, name) values (341, 6, 'Y-find');
insert into teams (id, leaderId, name) values (342, 1, 'Sonsing');
insert into teams (id, leaderId, name) values (343, 9, 'Konklux');
insert into teams (id, leaderId, name) values (344, 6, 'Stronghold');
insert into teams (id, leaderId, name) values (345, 9, 'Matsoft');
insert into teams (id, leaderId, name) values (346, 5, 'Regrant');
insert into teams (id, leaderId, name) values (347, 8, 'Domainer');
insert into teams (id, leaderId, name) values (348, 9, 'Rank');
insert into teams (id, leaderId, name) values (349, 1, 'Fixflex');
insert into teams (id, leaderId, name) values (350, 1, 'Tempsoft');
insert into teams (id, leaderId, name) values (351, 1, 'Zontrax');
insert into teams (id, leaderId, name) values (352, 9, 'Andalax');
insert into teams (id, leaderId, name) values (353, 5, 'Hatity');
insert into teams (id, leaderId, name) values (354, 8, 'Mat Lam Tam');
insert into teams (id, leaderId, name) values (355, 3, 'Trippledex');
insert into teams (id, leaderId, name) values (356, 8, 'Opela');
insert into teams (id, leaderId, name) values (357, 5, 'Kanlam');
insert into teams (id, leaderId, name) values (358, 9, 'Toughjoyfax');
insert into teams (id, leaderId, name) values (359, 6, 'Fix San');
insert into teams (id, leaderId, name) values (360, 1, 'Ventosanzap');
insert into teams (id, leaderId, name) values (361, 3, 'Sub-Ex');
insert into teams (id, leaderId, name) values (362, 6, 'Alphazap');
insert into teams (id, leaderId, name) values (363, 6, 'Stringtough');
insert into teams (id, leaderId, name) values (364, 8, 'Transcof');
insert into teams (id, leaderId, name) values (365, 5, 'Gembucket');
insert into teams (id, leaderId, name) values (366, 9, 'Ronstring');
insert into teams (id, leaderId, name) values (367, 1, 'Tin');
insert into teams (id, leaderId, name) values (368, 1, 'Zontrax');
insert into teams (id, leaderId, name) values (369, 6, 'Stim');
insert into teams (id, leaderId, name) values (370, 6, 'Rank');
insert into teams (id, leaderId, name) values (371, 5, 'Flexidy');
insert into teams (id, leaderId, name) values (372, 1, 'Biodex');
insert into teams (id, leaderId, name) values (373, 9, 'Y-find');
insert into teams (id, leaderId, name) values (374, 8, 'Cardguard');
insert into teams (id, leaderId, name) values (375, 8, 'Transcof');
insert into teams (id, leaderId, name) values (376, 3, 'Transcof');
insert into teams (id, leaderId, name) values (377, 6, 'Lotlux');
insert into teams (id, leaderId, name) values (378, 6, 'Gembucket');
insert into teams (id, leaderId, name) values (379, 3, 'Solarbreeze');
insert into teams (id, leaderId, name) values (380, 1, 'Opela');
insert into teams (id, leaderId, name) values (381, 8, 'Job');
insert into teams (id, leaderId, name) values (382, 5, 'Keylex');
insert into teams (id, leaderId, name) values (383, 9, 'Zoolab');
insert into teams (id, leaderId, name) values (384, 6, 'Konklux');
insert into teams (id, leaderId, name) values (385, 3, 'Voyatouch');
insert into teams (id, leaderId, name) values (386, 1, 'Mat Lam Tam');
insert into teams (id, leaderId, name) values (387, 3, 'Stim');
insert into teams (id, leaderId, name) values (388, 3, 'Tampflex');
insert into teams (id, leaderId, name) values (389, 3, 'Y-Solowarm');
insert into teams (id, leaderId, name) values (390, 9, 'It');
insert into teams (id, leaderId, name) values (391, 5, 'Sub-Ex');
insert into teams (id, leaderId, name) values (392, 1, 'Toughjoyfax');
insert into teams (id, leaderId, name) values (393, 5, 'Holdlamis');
insert into teams (id, leaderId, name) values (394, 6, 'Span');
insert into teams (id, leaderId, name) values (395, 8, 'Konklux');
insert into teams (id, leaderId, name) values (396, 5, 'Viva');
insert into teams (id, leaderId, name) values (397, 5, 'Biodex');
insert into teams (id, leaderId, name) values (398, 8, 'Tresom');
insert into teams (id, leaderId, name) values (399, 3, 'Stringtough');
insert into teams (id, leaderId, name) values (400, 1, 'Zamit');
insert into teams (id, leaderId, name) values (401, 6, 'Cardify');
insert into teams (id, leaderId, name) values (402, 9, 'Zathin');
insert into teams (id, leaderId, name) values (403, 8, 'Bytecard');
insert into teams (id, leaderId, name) values (404, 1, 'Otcom');
insert into teams (id, leaderId, name) values (405, 3, 'Regrant');
insert into teams (id, leaderId, name) values (406, 9, 'Andalax');
insert into teams (id, leaderId, name) values (407, 8, 'Duobam');
insert into teams (id, leaderId, name) values (408, 9, 'Domainer');
insert into teams (id, leaderId, name) values (409, 1, 'Lotlux');
insert into teams (id, leaderId, name) values (410, 3, 'Namfix');
insert into teams (id, leaderId, name) values (411, 6, 'Fixflex');
insert into teams (id, leaderId, name) values (412, 5, 'Latlux');
insert into teams (id, leaderId, name) values (413, 9, 'Keylex');
insert into teams (id, leaderId, name) values (414, 9, 'Fixflex');
insert into teams (id, leaderId, name) values (415, 9, 'Subin');
insert into teams (id, leaderId, name) values (416, 9, 'Cardguard');
insert into teams (id, leaderId, name) values (417, 3, 'Cookley');
insert into teams (id, leaderId, name) values (418, 5, 'Otcom');
insert into teams (id, leaderId, name) values (419, 1, 'Asoka');
insert into teams (id, leaderId, name) values (420, 6, 'Cookley');
insert into teams (id, leaderId, name) values (421, 1, 'Tin');
insert into teams (id, leaderId, name) values (422, 9, 'Sonair');
insert into teams (id, leaderId, name) values (423, 9, 'Tin');
insert into teams (id, leaderId, name) values (424, 1, 'Latlux');
insert into teams (id, leaderId, name) values (425, 9, 'Zamit');
insert into teams (id, leaderId, name) values (426, 8, 'Ventosanzap');
insert into teams (id, leaderId, name) values (427, 1, 'Zontrax');
insert into teams (id, leaderId, name) values (428, 8, 'Lotlux');
insert into teams (id, leaderId, name) values (429, 9, 'Transcof');
insert into teams (id, leaderId, name) values (430, 8, 'Latlux');
insert into teams (id, leaderId, name) values (431, 5, 'Asoka');
insert into teams (id, leaderId, name) values (432, 8, 'Temp');
insert into teams (id, leaderId, name) values (433, 6, 'Toughjoyfax');
insert into teams (id, leaderId, name) values (434, 9, 'Subin');
insert into teams (id, leaderId, name) values (435, 6, 'Zaam-Dox');
insert into teams (id, leaderId, name) values (436, 6, 'Solarbreeze');
insert into teams (id, leaderId, name) values (437, 1, 'Y-find');
insert into teams (id, leaderId, name) values (438, 6, 'Zathin');
insert into teams (id, leaderId, name) values (439, 1, 'Prodder');
insert into teams (id, leaderId, name) values (440, 1, 'Bitwolf');
insert into teams (id, leaderId, name) values (441, 1, 'Regrant');
insert into teams (id, leaderId, name) values (442, 6, 'Tresom');
insert into teams (id, leaderId, name) values (443, 1, 'Lotlux');
insert into teams (id, leaderId, name) values (444, 9, 'Matsoft');
insert into teams (id, leaderId, name) values (445, 5, 'Temp');
insert into teams (id, leaderId, name) values (446, 9, 'Job');
insert into teams (id, leaderId, name) values (447, 9, 'Stim');
insert into teams (id, leaderId, name) values (448, 8, 'Alpha');
insert into teams (id, leaderId, name) values (449, 8, 'Tresom');
insert into teams (id, leaderId, name) values (450, 8, 'Job');
insert into teams (id, leaderId, name) values (451, 3, 'Trippledex');
insert into teams (id, leaderId, name) values (452, 1, 'Span');
insert into teams (id, leaderId, name) values (453, 1, 'Toughjoyfax');
insert into teams (id, leaderId, name) values (454, 6, 'Sub-Ex');
insert into teams (id, leaderId, name) values (455, 1, 'Fixflex');
insert into teams (id, leaderId, name) values (456, 5, 'Zathin');
insert into teams (id, leaderId, name) values (457, 8, 'Alpha');
insert into teams (id, leaderId, name) values (458, 8, 'Voltsillam');
insert into teams (id, leaderId, name) values (459, 9, 'Bamity');
insert into teams (id, leaderId, name) values (460, 8, 'Daltfresh');
insert into teams (id, leaderId, name) values (461, 8, 'Namfix');
insert into teams (id, leaderId, name) values (462, 3, 'It');
insert into teams (id, leaderId, name) values (463, 3, 'Matsoft');
insert into teams (id, leaderId, name) values (464, 1, 'Greenlam');
insert into teams (id, leaderId, name) values (465, 8, 'Tin');
insert into teams (id, leaderId, name) values (466, 9, 'Alpha');
insert into teams (id, leaderId, name) values (467, 9, 'Tresom');
insert into teams (id, leaderId, name) values (468, 6, 'Fix San');
insert into teams (id, leaderId, name) values (469, 9, 'Mat Lam Tam');
insert into teams (id, leaderId, name) values (470, 8, 'Pannier');
insert into teams (id, leaderId, name) values (471, 8, 'Otcom');
insert into teams (id, leaderId, name) values (472, 3, 'Cookley');
insert into teams (id, leaderId, name) values (473, 8, 'Home Ing');
insert into teams (id, leaderId, name) values (474, 3, 'Fixflex');
insert into teams (id, leaderId, name) values (475, 8, 'Voltsillam');
insert into teams (id, leaderId, name) values (476, 1, 'Tin');
insert into teams (id, leaderId, name) values (477, 1, 'Trippledex');
insert into teams (id, leaderId, name) values (478, 3, 'Tres-Zap');
insert into teams (id, leaderId, name) values (479, 6, 'Home Ing');
insert into teams (id, leaderId, name) values (480, 1, 'Cardify');
insert into teams (id, leaderId, name) values (481, 1, 'Temp');
insert into teams (id, leaderId, name) values (482, 6, 'Domainer');
insert into teams (id, leaderId, name) values (483, 9, 'Sonair');
insert into teams (id, leaderId, name) values (484, 9, 'Keylex');
insert into teams (id, leaderId, name) values (485, 5, 'Home Ing');
insert into teams (id, leaderId, name) values (486, 1, 'Y-find');
insert into teams (id, leaderId, name) values (487, 3, 'Wrapsafe');
insert into teams (id, leaderId, name) values (488, 1, 'Kanlam');
insert into teams (id, leaderId, name) values (489, 6, 'Aerified');
insert into teams (id, leaderId, name) values (490, 1, 'Transcof');
insert into teams (id, leaderId, name) values (491, 8, 'Domainer');
insert into teams (id, leaderId, name) values (492, 5, 'Pannier');
insert into teams (id, leaderId, name) values (493, 5, 'Regrant');
insert into teams (id, leaderId, name) values (494, 8, 'Temp');
insert into teams (id, leaderId, name) values (495, 9, 'Flowdesk');
insert into teams (id, leaderId, name) values (496, 9, 'Rank');
insert into teams (id, leaderId, name) values (497, 6, 'Voyatouch');
insert into teams (id, leaderId, name) values (498, 5, 'Fintone');
insert into teams (id, leaderId, name) values (499, 6, 'Wrapsafe');
insert into teams (id, leaderId, name) values (500, 1, 'Tresom');
insert into teams (id, leaderId, name) values (501, 8, 'It');
insert into teams (id, leaderId, name) values (502, 5, 'Treeflex');
insert into teams (id, leaderId, name) values (503, 5, 'Flexidy');
insert into teams (id, leaderId, name) values (504, 3, 'Vagram');
insert into teams (id, leaderId, name) values (505, 9, 'Tres-Zap');
insert into teams (id, leaderId, name) values (506, 1, 'Transcof');
insert into teams (id, leaderId, name) values (507, 6, 'Zamit');
insert into teams (id, leaderId, name) values (508, 8, 'Alpha');
insert into teams (id, leaderId, name) values (509, 5, 'Cookley');
insert into teams (id, leaderId, name) values (510, 1, 'Subin');
insert into teams (id, leaderId, name) values (511, 6, 'Sonsing');
insert into teams (id, leaderId, name) values (512, 5, 'Temp');
insert into teams (id, leaderId, name) values (513, 1, 'Subin');
insert into teams (id, leaderId, name) values (514, 8, 'Fixflex');
insert into teams (id, leaderId, name) values (515, 5, 'Flowdesk');
insert into teams (id, leaderId, name) values (516, 3, 'Sub-Ex');
insert into teams (id, leaderId, name) values (517, 8, 'Tampflex');
insert into teams (id, leaderId, name) values (518, 3, 'Stronghold');
insert into teams (id, leaderId, name) values (519, 3, 'Domainer');
insert into teams (id, leaderId, name) values (520, 3, 'Flexidy');
insert into teams (id, leaderId, name) values (521, 1, 'Sonair');
insert into teams (id, leaderId, name) values (522, 6, 'Zontrax');
insert into teams (id, leaderId, name) values (523, 5, 'Bitwolf');
insert into teams (id, leaderId, name) values (524, 6, 'Holdlamis');
insert into teams (id, leaderId, name) values (525, 8, 'Tres-Zap');
insert into teams (id, leaderId, name) values (526, 1, 'Fintone');
insert into teams (id, leaderId, name) values (527, 6, 'Otcom');
insert into teams (id, leaderId, name) values (528, 5, 'It');
insert into teams (id, leaderId, name) values (529, 5, 'Konklux');
insert into teams (id, leaderId, name) values (530, 5, 'Zoolab');
insert into teams (id, leaderId, name) values (531, 5, 'It');
insert into teams (id, leaderId, name) values (532, 9, 'Zoolab');
insert into teams (id, leaderId, name) values (533, 3, 'Lotlux');
insert into teams (id, leaderId, name) values (534, 6, 'Zathin');
insert into teams (id, leaderId, name) values (535, 1, 'Bytecard');
insert into teams (id, leaderId, name) values (536, 8, 'Alphazap');
insert into teams (id, leaderId, name) values (537, 5, 'Alpha');
insert into teams (id, leaderId, name) values (538, 3, 'Kanlam');
insert into teams (id, leaderId, name) values (539, 9, 'Y-Solowarm');
insert into teams (id, leaderId, name) values (540, 5, 'Trippledex');
insert into teams (id, leaderId, name) values (541, 3, 'It');
insert into teams (id, leaderId, name) values (542, 5, 'Stim');
insert into teams (id, leaderId, name) values (543, 6, 'Subin');
insert into teams (id, leaderId, name) values (544, 9, 'Latlux');
insert into teams (id, leaderId, name) values (545, 1, 'Alpha');
insert into teams (id, leaderId, name) values (546, 8, 'Sonair');
insert into teams (id, leaderId, name) values (547, 1, 'Hatity');
insert into teams (id, leaderId, name) values (548, 9, 'Voltsillam');
insert into teams (id, leaderId, name) values (549, 1, 'Bitchip');
insert into teams (id, leaderId, name) values (550, 6, 'Konklux');
insert into teams (id, leaderId, name) values (551, 6, 'Bitchip');
insert into teams (id, leaderId, name) values (552, 3, 'Alpha');
insert into teams (id, leaderId, name) values (553, 3, 'Cookley');
insert into teams (id, leaderId, name) values (554, 9, 'Voyatouch');
insert into teams (id, leaderId, name) values (555, 8, 'Alphazap');
insert into teams (id, leaderId, name) values (556, 6, 'Redhold');
insert into teams (id, leaderId, name) values (557, 6, 'Home Ing');
insert into teams (id, leaderId, name) values (558, 5, 'Asoka');
insert into teams (id, leaderId, name) values (559, 9, 'Bytecard');
insert into teams (id, leaderId, name) values (560, 5, 'Redhold');
insert into teams (id, leaderId, name) values (561, 1, 'Flexidy');
insert into teams (id, leaderId, name) values (562, 3, 'Mat Lam Tam');
insert into teams (id, leaderId, name) values (563, 1, 'Temp');
insert into teams (id, leaderId, name) values (564, 6, 'Tresom');
insert into teams (id, leaderId, name) values (565, 8, 'Biodex');
insert into teams (id, leaderId, name) values (566, 8, 'Span');
insert into teams (id, leaderId, name) values (567, 1, 'Treeflex');
insert into teams (id, leaderId, name) values (568, 8, 'Konklux');
insert into teams (id, leaderId, name) values (569, 6, 'Gembucket');
insert into teams (id, leaderId, name) values (570, 6, 'Alphazap');
insert into teams (id, leaderId, name) values (571, 3, 'Stringtough');
insert into teams (id, leaderId, name) values (572, 5, 'Subin');
insert into teams (id, leaderId, name) values (573, 6, 'Sonsing');
insert into teams (id, leaderId, name) values (574, 3, 'Kanlam');
insert into teams (id, leaderId, name) values (575, 1, 'Bitwolf');
insert into teams (id, leaderId, name) values (576, 5, 'Sub-Ex');
insert into teams (id, leaderId, name) values (577, 1, 'Bitwolf');
insert into teams (id, leaderId, name) values (578, 8, 'Span');
insert into teams (id, leaderId, name) values (579, 3, 'Sonsing');
insert into teams (id, leaderId, name) values (580, 9, 'Mat Lam Tam');
insert into teams (id, leaderId, name) values (581, 5, 'Tresom');
insert into teams (id, leaderId, name) values (582, 5, 'Mat Lam Tam');
insert into teams (id, leaderId, name) values (583, 1, 'Wrapsafe');
insert into teams (id, leaderId, name) values (584, 3, 'Home Ing');
insert into teams (id, leaderId, name) values (585, 8, 'Matsoft');
insert into teams (id, leaderId, name) values (586, 5, 'Daltfresh');
insert into teams (id, leaderId, name) values (587, 3, 'Span');
insert into teams (id, leaderId, name) values (588, 9, 'Viva');
insert into teams (id, leaderId, name) values (589, 1, 'Opela');
insert into teams (id, leaderId, name) values (590, 5, 'Y-find');
insert into teams (id, leaderId, name) values (591, 3, 'Zathin');
insert into teams (id, leaderId, name) values (592, 8, 'Cardify');
insert into teams (id, leaderId, name) values (593, 5, 'Span');
insert into teams (id, leaderId, name) values (594, 1, 'Hatity');
insert into teams (id, leaderId, name) values (595, 3, 'Wrapsafe');
insert into teams (id, leaderId, name) values (596, 6, 'Redhold');
insert into teams (id, leaderId, name) values (597, 9, 'Lotlux');
insert into teams (id, leaderId, name) values (598, 6, 'It');
insert into teams (id, leaderId, name) values (599, 3, 'Bytecard');
insert into teams (id, leaderId, name) values (600, 5, 'Fintone');
insert into teams (id, leaderId, name) values (601, 9, 'It');
insert into teams (id, leaderId, name) values (602, 3, 'Y-Solowarm');
insert into teams (id, leaderId, name) values (603, 6, 'Trippledex');
insert into teams (id, leaderId, name) values (604, 9, 'Bigtax');
insert into teams (id, leaderId, name) values (605, 8, 'Sonsing');
insert into teams (id, leaderId, name) values (606, 3, 'Sub-Ex');
insert into teams (id, leaderId, name) values (607, 9, 'Stim');
insert into teams (id, leaderId, name) values (608, 9, 'Bamity');
insert into teams (id, leaderId, name) values (609, 1, 'Y-Solowarm');
insert into teams (id, leaderId, name) values (610, 9, 'Fintone');
insert into teams (id, leaderId, name) values (611, 5, 'Cookley');
insert into teams (id, leaderId, name) values (612, 6, 'Duobam');
insert into teams (id, leaderId, name) values (613, 3, 'Matsoft');
insert into teams (id, leaderId, name) values (614, 6, 'Rank');
insert into teams (id, leaderId, name) values (615, 6, 'Fixflex');
insert into teams (id, leaderId, name) values (616, 6, 'Flowdesk');
insert into teams (id, leaderId, name) values (617, 3, 'Zamit');
insert into teams (id, leaderId, name) values (618, 3, 'It');
insert into teams (id, leaderId, name) values (619, 9, 'Fix San');
insert into teams (id, leaderId, name) values (620, 6, 'Zaam-Dox');
insert into teams (id, leaderId, name) values (621, 8, 'Lotlux');
insert into teams (id, leaderId, name) values (622, 5, 'Bigtax');
insert into teams (id, leaderId, name) values (623, 9, 'Toughjoyfax');
insert into teams (id, leaderId, name) values (624, 5, 'Gembucket');
insert into teams (id, leaderId, name) values (625, 5, 'Tampflex');
insert into teams (id, leaderId, name) values (626, 5, 'Ventosanzap');
insert into teams (id, leaderId, name) values (627, 8, 'Job');
insert into teams (id, leaderId, name) values (628, 6, 'Vagram');
insert into teams (id, leaderId, name) values (629, 6, 'Stringtough');
insert into teams (id, leaderId, name) values (630, 6, 'Bitwolf');
insert into teams (id, leaderId, name) values (631, 9, 'Biodex');
insert into teams (id, leaderId, name) values (632, 1, 'Toughjoyfax');
insert into teams (id, leaderId, name) values (633, 5, 'Zathin');
insert into teams (id, leaderId, name) values (634, 9, 'Pannier');
insert into teams (id, leaderId, name) values (635, 8, 'Tin');
insert into teams (id, leaderId, name) values (636, 9, 'Biodex');
insert into teams (id, leaderId, name) values (637, 6, 'Pannier');
insert into teams (id, leaderId, name) values (638, 8, 'Kanlam');
insert into teams (id, leaderId, name) values (639, 5, 'Bigtax');
insert into teams (id, leaderId, name) values (640, 9, 'Flexidy');
insert into teams (id, leaderId, name) values (641, 9, 'Otcom');
insert into teams (id, leaderId, name) values (642, 8, 'Fixflex');
insert into teams (id, leaderId, name) values (643, 8, 'Stringtough');
insert into teams (id, leaderId, name) values (644, 9, 'Alpha');
insert into teams (id, leaderId, name) values (645, 6, 'Flexidy');
insert into teams (id, leaderId, name) values (646, 5, 'Viva');
insert into teams (id, leaderId, name) values (647, 3, 'Cardify');
insert into teams (id, leaderId, name) values (648, 3, 'Vagram');
insert into teams (id, leaderId, name) values (649, 9, 'Subin');
insert into teams (id, leaderId, name) values (650, 9, 'Cardify');
insert into teams (id, leaderId, name) values (651, 9, 'Zamit');
insert into teams (id, leaderId, name) values (652, 8, 'Biodex');
insert into teams (id, leaderId, name) values (653, 8, 'Sub-Ex');
insert into teams (id, leaderId, name) values (654, 1, 'Fix San');
insert into teams (id, leaderId, name) values (655, 3, 'Aerified');
insert into teams (id, leaderId, name) values (656, 8, 'Solarbreeze');
insert into teams (id, leaderId, name) values (657, 8, 'Andalax');
insert into teams (id, leaderId, name) values (658, 1, 'Y-find');
insert into teams (id, leaderId, name) values (659, 5, 'Tres-Zap');
insert into teams (id, leaderId, name) values (660, 3, 'Asoka');
insert into teams (id, leaderId, name) values (661, 5, 'Matsoft');
insert into teams (id, leaderId, name) values (662, 6, 'Stronghold');
insert into teams (id, leaderId, name) values (663, 3, 'Zamit');
insert into teams (id, leaderId, name) values (664, 1, 'Tin');
insert into teams (id, leaderId, name) values (665, 8, 'Hatity');
insert into teams (id, leaderId, name) values (666, 1, 'Toughjoyfax');
insert into teams (id, leaderId, name) values (667, 1, 'Overhold');
insert into teams (id, leaderId, name) values (668, 5, 'Flexidy');
insert into teams (id, leaderId, name) values (669, 3, 'Mat Lam Tam');
insert into teams (id, leaderId, name) values (670, 1, 'Voyatouch');
insert into teams (id, leaderId, name) values (671, 5, 'Fintone');
insert into teams (id, leaderId, name) values (672, 9, 'Hatity');
insert into teams (id, leaderId, name) values (673, 8, 'Tampflex');
insert into teams (id, leaderId, name) values (674, 3, 'Ventosanzap');
insert into teams (id, leaderId, name) values (675, 6, 'Biodex');
insert into teams (id, leaderId, name) values (676, 1, 'Tres-Zap');
insert into teams (id, leaderId, name) values (677, 6, 'Sonair');
insert into teams (id, leaderId, name) values (678, 1, 'Fixflex');
insert into teams (id, leaderId, name) values (679, 1, 'Zathin');
insert into teams (id, leaderId, name) values (680, 8, 'Bamity');
insert into teams (id, leaderId, name) values (681, 6, 'Tempsoft');
insert into teams (id, leaderId, name) values (682, 6, 'Hatity');
insert into teams (id, leaderId, name) values (683, 5, 'Domainer');
insert into teams (id, leaderId, name) values (684, 1, 'Regrant');
insert into teams (id, leaderId, name) values (685, 6, 'Regrant');
insert into teams (id, leaderId, name) values (686, 9, 'Gembucket');
insert into teams (id, leaderId, name) values (687, 3, 'Bitchip');
insert into teams (id, leaderId, name) values (688, 9, 'Viva');
insert into teams (id, leaderId, name) values (689, 3, 'Gembucket');
insert into teams (id, leaderId, name) values (690, 1, 'Zoolab');
insert into teams (id, leaderId, name) values (691, 9, 'Tin');
insert into teams (id, leaderId, name) values (692, 6, 'Fintone');
insert into teams (id, leaderId, name) values (693, 3, 'Solarbreeze');
insert into teams (id, leaderId, name) values (694, 6, 'Bitchip');
insert into teams (id, leaderId, name) values (695, 5, 'Temp');
insert into teams (id, leaderId, name) values (696, 3, 'Trippledex');
insert into teams (id, leaderId, name) values (697, 8, 'Temp');
insert into teams (id, leaderId, name) values (698, 3, 'Mat Lam Tam');
insert into teams (id, leaderId, name) values (699, 5, 'Bitchip');
insert into teams (id, leaderId, name) values (700, 8, 'Treeflex');
insert into teams (id, leaderId, name) values (701, 9, 'Span');
insert into teams (id, leaderId, name) values (702, 3, 'Kanlam');
insert into teams (id, leaderId, name) values (703, 3, 'Hatity');
insert into teams (id, leaderId, name) values (704, 3, 'Tin');
insert into teams (id, leaderId, name) values (705, 3, 'Andalax');
insert into teams (id, leaderId, name) values (706, 3, 'Toughjoyfax');
insert into teams (id, leaderId, name) values (707, 5, 'Bytecard');
insert into teams (id, leaderId, name) values (708, 1, 'Zamit');
insert into teams (id, leaderId, name) values (709, 6, 'Cardguard');
insert into teams (id, leaderId, name) values (710, 5, 'Subin');
insert into teams (id, leaderId, name) values (711, 9, 'Voyatouch');
insert into teams (id, leaderId, name) values (712, 1, 'Tin');
insert into teams (id, leaderId, name) values (713, 6, 'Quo Lux');
insert into teams (id, leaderId, name) values (714, 9, 'Asoka');
insert into teams (id, leaderId, name) values (715, 3, 'Greenlam');
insert into teams (id, leaderId, name) values (716, 9, 'Wrapsafe');
insert into teams (id, leaderId, name) values (717, 1, 'Latlux');
insert into teams (id, leaderId, name) values (718, 6, 'Wrapsafe');
insert into teams (id, leaderId, name) values (719, 5, 'Biodex');
insert into teams (id, leaderId, name) values (720, 5, 'Tampflex');
insert into teams (id, leaderId, name) values (721, 5, 'Quo Lux');
insert into teams (id, leaderId, name) values (722, 9, 'Greenlam');
insert into teams (id, leaderId, name) values (723, 9, 'Otcom');
insert into teams (id, leaderId, name) values (724, 6, 'Span');
insert into teams (id, leaderId, name) values (725, 1, 'Lotstring');
insert into teams (id, leaderId, name) values (726, 5, 'Zamit');
insert into teams (id, leaderId, name) values (727, 6, 'Greenlam');
insert into teams (id, leaderId, name) values (728, 9, 'Veribet');
insert into teams (id, leaderId, name) values (729, 5, 'Tresom');
insert into teams (id, leaderId, name) values (730, 3, 'Tresom');
insert into teams (id, leaderId, name) values (731, 8, 'Treeflex');
insert into teams (id, leaderId, name) values (732, 9, 'Aerified');
insert into teams (id, leaderId, name) values (733, 1, 'Sonsing');
insert into teams (id, leaderId, name) values (734, 8, 'Stronghold');
insert into teams (id, leaderId, name) values (735, 5, 'Sonair');
insert into teams (id, leaderId, name) values (736, 9, 'Asoka');
insert into teams (id, leaderId, name) values (737, 6, 'Voyatouch');
insert into teams (id, leaderId, name) values (738, 8, 'Redhold');
insert into teams (id, leaderId, name) values (739, 6, 'Lotlux');
insert into teams (id, leaderId, name) values (740, 5, 'Cardguard');
insert into teams (id, leaderId, name) values (741, 9, 'Solarbreeze');
insert into teams (id, leaderId, name) values (742, 8, 'Tresom');
insert into teams (id, leaderId, name) values (743, 5, 'Fixflex');
insert into teams (id, leaderId, name) values (744, 1, 'Sub-Ex');
insert into teams (id, leaderId, name) values (745, 1, 'Trippledex');
insert into teams (id, leaderId, name) values (746, 8, 'Y-find');
insert into teams (id, leaderId, name) values (747, 5, 'Flexidy');
insert into teams (id, leaderId, name) values (748, 3, 'Biodex');
insert into teams (id, leaderId, name) values (749, 6, 'Vagram');
insert into teams (id, leaderId, name) values (750, 3, 'Solarbreeze');
insert into teams (id, leaderId, name) values (751, 1, 'Vagram');
insert into teams (id, leaderId, name) values (752, 3, 'Daltfresh');
insert into teams (id, leaderId, name) values (753, 8, 'Wrapsafe');
insert into teams (id, leaderId, name) values (754, 3, 'Cardify');
insert into teams (id, leaderId, name) values (755, 1, 'Temp');
insert into teams (id, leaderId, name) values (756, 6, 'Tempsoft');
insert into teams (id, leaderId, name) values (757, 3, 'Subin');
insert into teams (id, leaderId, name) values (758, 1, 'Hatity');
insert into teams (id, leaderId, name) values (759, 9, 'Greenlam');
insert into teams (id, leaderId, name) values (760, 8, 'Konklux');
insert into teams (id, leaderId, name) values (761, 5, 'Gembucket');
insert into teams (id, leaderId, name) values (762, 3, 'Bytecard');
insert into teams (id, leaderId, name) values (763, 9, 'Temp');
insert into teams (id, leaderId, name) values (764, 6, 'Bitwolf');
insert into teams (id, leaderId, name) values (765, 3, 'Ronstring');
insert into teams (id, leaderId, name) values (766, 8, 'Wrapsafe');
insert into teams (id, leaderId, name) values (767, 5, 'Overhold');
insert into teams (id, leaderId, name) values (768, 5, 'Fintone');
insert into teams (id, leaderId, name) values (769, 6, 'Tin');
insert into teams (id, leaderId, name) values (770, 8, 'Toughjoyfax');
insert into teams (id, leaderId, name) values (771, 9, 'It');
insert into teams (id, leaderId, name) values (772, 1, 'Solarbreeze');
insert into teams (id, leaderId, name) values (773, 1, 'Treeflex');
insert into teams (id, leaderId, name) values (774, 5, 'Aerified');
insert into teams (id, leaderId, name) values (775, 9, 'Bitchip');
insert into teams (id, leaderId, name) values (776, 8, 'Hatity');
insert into teams (id, leaderId, name) values (777, 9, 'Overhold');
insert into teams (id, leaderId, name) values (778, 8, 'Mat Lam Tam');
insert into teams (id, leaderId, name) values (779, 1, 'Aerified');
insert into teams (id, leaderId, name) values (780, 5, 'Solarbreeze');
insert into teams (id, leaderId, name) values (781, 8, 'Tampflex');
insert into teams (id, leaderId, name) values (782, 6, 'Biodex');
insert into teams (id, leaderId, name) values (783, 9, 'Quo Lux');
insert into teams (id, leaderId, name) values (784, 6, 'Flexidy');
insert into teams (id, leaderId, name) values (785, 9, 'Kanlam');
insert into teams (id, leaderId, name) values (786, 3, 'Fixflex');
insert into teams (id, leaderId, name) values (787, 8, 'Trippledex');
insert into teams (id, leaderId, name) values (788, 1, 'Gembucket');
insert into teams (id, leaderId, name) values (789, 6, 'Flexidy');
insert into teams (id, leaderId, name) values (790, 6, 'Zathin');
insert into teams (id, leaderId, name) values (791, 5, 'Sub-Ex');
insert into teams (id, leaderId, name) values (792, 8, 'Treeflex');
insert into teams (id, leaderId, name) values (793, 5, 'Bytecard');
insert into teams (id, leaderId, name) values (794, 3, 'Zaam-Dox');
insert into teams (id, leaderId, name) values (795, 8, 'Ronstring');
insert into teams (id, leaderId, name) values (796, 3, 'Lotstring');
insert into teams (id, leaderId, name) values (797, 6, 'Job');
insert into teams (id, leaderId, name) values (798, 3, 'Quo Lux');
insert into teams (id, leaderId, name) values (799, 6, 'Stim');
insert into teams (id, leaderId, name) values (800, 3, 'Fintone');

insert into teams_to_tournaments (id, teamId, tournamentId) values (1, 178, 1);
insert into teams_to_tournaments (id, teamId, tournamentId) values (2, 383, 1);
insert into teams_to_tournaments (id, teamId, tournamentId) values (3, 784, 1);
insert into teams_to_tournaments (id, teamId, tournamentId) values (4, 775, 1);
insert into teams_to_tournaments (id, teamId, tournamentId) values (5, 633, 1);
insert into teams_to_tournaments (id, teamId, tournamentId) values (6, 454, 1);
insert into teams_to_tournaments (id, teamId, tournamentId) values (7, 153, 1);
insert into teams_to_tournaments (id, teamId, tournamentId) values (8, 496, 1);
insert into teams_to_tournaments (id, teamId, tournamentId) values (9, 400, 2);
insert into teams_to_tournaments (id, teamId, tournamentId) values (10, 792, 2);
insert into teams_to_tournaments (id, teamId, tournamentId) values (11, 469, 2);
insert into teams_to_tournaments (id, teamId, tournamentId) values (12, 435, 2);
insert into teams_to_tournaments (id, teamId, tournamentId) values (13, 159, 2);
insert into teams_to_tournaments (id, teamId, tournamentId) values (14, 743, 2);
insert into teams_to_tournaments (id, teamId, tournamentId) values (15, 130, 2);
insert into teams_to_tournaments (id, teamId, tournamentId) values (16, 311, 2);
insert into teams_to_tournaments (id, teamId, tournamentId) values (17, 87, 3);
insert into teams_to_tournaments (id, teamId, tournamentId) values (18, 379, 3);
insert into teams_to_tournaments (id, teamId, tournamentId) values (19, 54, 3);
insert into teams_to_tournaments (id, teamId, tournamentId) values (20, 761, 3);
insert into teams_to_tournaments (id, teamId, tournamentId) values (21, 283, 3);
insert into teams_to_tournaments (id, teamId, tournamentId) values (22, 465, 3);
insert into teams_to_tournaments (id, teamId, tournamentId) values (23, 568, 3);
insert into teams_to_tournaments (id, teamId, tournamentId) values (24, 124, 3);
insert into teams_to_tournaments (id, teamId, tournamentId) values (25, 737, 3);
insert into teams_to_tournaments (id, teamId, tournamentId) values (26, 433, 3);
insert into teams_to_tournaments (id, teamId, tournamentId) values (27, 78, 3);
insert into teams_to_tournaments (id, teamId, tournamentId) values (28, 444, 3);
insert into teams_to_tournaments (id, teamId, tournamentId) values (29, 777, 3);
insert into teams_to_tournaments (id, teamId, tournamentId) values (30, 652, 3);
insert into teams_to_tournaments (id, teamId, tournamentId) values (31, 739, 3);
insert into teams_to_tournaments (id, teamId, tournamentId) values (32, 708, 3);
insert into teams_to_tournaments (id, teamId, tournamentId) values (33, 507, 3);
insert into teams_to_tournaments (id, teamId, tournamentId) values (34, 144, 3);
insert into teams_to_tournaments (id, teamId, tournamentId) values (35, 730, 3);
insert into teams_to_tournaments (id, teamId, tournamentId) values (36, 97, 3);
insert into teams_to_tournaments (id, teamId, tournamentId) values (37, 592, 3);
insert into teams_to_tournaments (id, teamId, tournamentId) values (38, 303, 3);
insert into teams_to_tournaments (id, teamId, tournamentId) values (39, 526, 3);
insert into teams_to_tournaments (id, teamId, tournamentId) values (40, 634, 3);
insert into teams_to_tournaments (id, teamId, tournamentId) values (41, 751, 3);
insert into teams_to_tournaments (id, teamId, tournamentId) values (42, 676, 3);
insert into teams_to_tournaments (id, teamId, tournamentId) values (43, 74, 3);
insert into teams_to_tournaments (id, teamId, tournamentId) values (44, 689, 3);
insert into teams_to_tournaments (id, teamId, tournamentId) values (45, 671, 3);
insert into teams_to_tournaments (id, teamId, tournamentId) values (46, 499, 3);
insert into teams_to_tournaments (id, teamId, tournamentId) values (47, 253, 3);
insert into teams_to_tournaments (id, teamId, tournamentId) values (48, 797, 3);
insert into teams_to_tournaments (id, teamId, tournamentId) values (49, 142, 4);
insert into teams_to_tournaments (id, teamId, tournamentId) values (50, 613, 4);
insert into teams_to_tournaments (id, teamId, tournamentId) values (51, 736, 4);
insert into teams_to_tournaments (id, teamId, tournamentId) values (52, 735, 4);
insert into teams_to_tournaments (id, teamId, tournamentId) values (53, 13, 4);
insert into teams_to_tournaments (id, teamId, tournamentId) values (54, 55, 4);
insert into teams_to_tournaments (id, teamId, tournamentId) values (55, 30, 4);
insert into teams_to_tournaments (id, teamId, tournamentId) values (56, 132, 4);
insert into teams_to_tournaments (id, teamId, tournamentId) values (57, 408, 4);
insert into teams_to_tournaments (id, teamId, tournamentId) values (58, 203, 4);
insert into teams_to_tournaments (id, teamId, tournamentId) values (59, 245, 4);
insert into teams_to_tournaments (id, teamId, tournamentId) values (60, 234, 4);
insert into teams_to_tournaments (id, teamId, tournamentId) values (61, 577, 4);
insert into teams_to_tournaments (id, teamId, tournamentId) values (62, 612, 4);
insert into teams_to_tournaments (id, teamId, tournamentId) values (63, 534, 4);
insert into teams_to_tournaments (id, teamId, tournamentId) values (64, 601, 4);
insert into teams_to_tournaments (id, teamId, tournamentId) values (65, 364, 4);
insert into teams_to_tournaments (id, teamId, tournamentId) values (66, 175, 4);
insert into teams_to_tournaments (id, teamId, tournamentId) values (67, 659, 4);
insert into teams_to_tournaments (id, teamId, tournamentId) values (68, 373, 4);
insert into teams_to_tournaments (id, teamId, tournamentId) values (69, 18, 4);
insert into teams_to_tournaments (id, teamId, tournamentId) values (70, 378, 4);
insert into teams_to_tournaments (id, teamId, tournamentId) values (71, 278, 4);
insert into teams_to_tournaments (id, teamId, tournamentId) values (72, 457, 4);
insert into teams_to_tournaments (id, teamId, tournamentId) values (73, 58, 4);
insert into teams_to_tournaments (id, teamId, tournamentId) values (74, 112, 4);
insert into teams_to_tournaments (id, teamId, tournamentId) values (75, 420, 4);
insert into teams_to_tournaments (id, teamId, tournamentId) values (76, 392, 4);
insert into teams_to_tournaments (id, teamId, tournamentId) values (77, 455, 4);
insert into teams_to_tournaments (id, teamId, tournamentId) values (78, 289, 4);
insert into teams_to_tournaments (id, teamId, tournamentId) values (79, 712, 4);
insert into teams_to_tournaments (id, teamId, tournamentId) values (80, 535, 4);
insert into teams_to_tournaments (id, teamId, tournamentId) values (81, 68, 5);
insert into teams_to_tournaments (id, teamId, tournamentId) values (82, 260, 5);
insert into teams_to_tournaments (id, teamId, tournamentId) values (83, 796, 5);
insert into teams_to_tournaments (id, teamId, tournamentId) values (84, 29, 5);
insert into teams_to_tournaments (id, teamId, tournamentId) values (85, 347, 5);
insert into teams_to_tournaments (id, teamId, tournamentId) values (86, 72, 5);
insert into teams_to_tournaments (id, teamId, tournamentId) values (87, 423, 5);
insert into teams_to_tournaments (id, teamId, tournamentId) values (88, 599, 5);
insert into teams_to_tournaments (id, teamId, tournamentId) values (89, 450, 5);
insert into teams_to_tournaments (id, teamId, tournamentId) values (90, 460, 5);
insert into teams_to_tournaments (id, teamId, tournamentId) values (91, 462, 5);
insert into teams_to_tournaments (id, teamId, tournamentId) values (92, 16, 5);
insert into teams_to_tournaments (id, teamId, tournamentId) values (93, 187, 5);
insert into teams_to_tournaments (id, teamId, tournamentId) values (94, 187, 5);
insert into teams_to_tournaments (id, teamId, tournamentId) values (95, 611, 5);
insert into teams_to_tournaments (id, teamId, tournamentId) values (96, 203, 5);
insert into teams_to_tournaments (id, teamId, tournamentId) values (97, 452, 5);
insert into teams_to_tournaments (id, teamId, tournamentId) values (98, 88, 5);
insert into teams_to_tournaments (id, teamId, tournamentId) values (99, 164, 5);
insert into teams_to_tournaments (id, teamId, tournamentId) values (100, 183, 5);
insert into teams_to_tournaments (id, teamId, tournamentId) values (101, 254, 5);
insert into teams_to_tournaments (id, teamId, tournamentId) values (102, 486, 5);
insert into teams_to_tournaments (id, teamId, tournamentId) values (103, 507, 5);
insert into teams_to_tournaments (id, teamId, tournamentId) values (104, 254, 5);
insert into teams_to_tournaments (id, teamId, tournamentId) values (105, 459, 5);
insert into teams_to_tournaments (id, teamId, tournamentId) values (106, 284, 5);
insert into teams_to_tournaments (id, teamId, tournamentId) values (107, 126, 5);
insert into teams_to_tournaments (id, teamId, tournamentId) values (108, 324, 5);
insert into teams_to_tournaments (id, teamId, tournamentId) values (109, 481, 5);
insert into teams_to_tournaments (id, teamId, tournamentId) values (110, 194, 5);
insert into teams_to_tournaments (id, teamId, tournamentId) values (111, 484, 5);
insert into teams_to_tournaments (id, teamId, tournamentId) values (112, 606, 5);
insert into teams_to_tournaments (id, teamId, tournamentId) values (113, 778, 6);
insert into teams_to_tournaments (id, teamId, tournamentId) values (114, 72, 6);
insert into teams_to_tournaments (id, teamId, tournamentId) values (115, 512, 6);
insert into teams_to_tournaments (id, teamId, tournamentId) values (116, 53, 6);
insert into teams_to_tournaments (id, teamId, tournamentId) values (117, 760, 6);
insert into teams_to_tournaments (id, teamId, tournamentId) values (118, 686, 6);
insert into teams_to_tournaments (id, teamId, tournamentId) values (119, 302, 6);
insert into teams_to_tournaments (id, teamId, tournamentId) values (120, 645, 6);
insert into teams_to_tournaments (id, teamId, tournamentId) values (121, 373, 6);
insert into teams_to_tournaments (id, teamId, tournamentId) values (122, 459, 6);
insert into teams_to_tournaments (id, teamId, tournamentId) values (123, 284, 6);
insert into teams_to_tournaments (id, teamId, tournamentId) values (124, 373, 6);
insert into teams_to_tournaments (id, teamId, tournamentId) values (125, 548, 6);
insert into teams_to_tournaments (id, teamId, tournamentId) values (126, 228, 6);
insert into teams_to_tournaments (id, teamId, tournamentId) values (127, 102, 6);
insert into teams_to_tournaments (id, teamId, tournamentId) values (128, 676, 6);
insert into teams_to_tournaments (id, teamId, tournamentId) values (129, 18, 6);
insert into teams_to_tournaments (id, teamId, tournamentId) values (130, 42, 6);
insert into teams_to_tournaments (id, teamId, tournamentId) values (131, 742, 6);
insert into teams_to_tournaments (id, teamId, tournamentId) values (132, 35, 6);
insert into teams_to_tournaments (id, teamId, tournamentId) values (133, 448, 6);
insert into teams_to_tournaments (id, teamId, tournamentId) values (134, 13, 6);
insert into teams_to_tournaments (id, teamId, tournamentId) values (135, 791, 6);
insert into teams_to_tournaments (id, teamId, tournamentId) values (136, 102, 6);
insert into teams_to_tournaments (id, teamId, tournamentId) values (137, 222, 6);
insert into teams_to_tournaments (id, teamId, tournamentId) values (138, 36, 6);
insert into teams_to_tournaments (id, teamId, tournamentId) values (139, 242, 6);
insert into teams_to_tournaments (id, teamId, tournamentId) values (140, 696, 6);
insert into teams_to_tournaments (id, teamId, tournamentId) values (141, 461, 6);
insert into teams_to_tournaments (id, teamId, tournamentId) values (142, 355, 6);
insert into teams_to_tournaments (id, teamId, tournamentId) values (143, 312, 6);
insert into teams_to_tournaments (id, teamId, tournamentId) values (144, 649, 6);
insert into teams_to_tournaments (id, teamId, tournamentId) values (145, 70, 7);
insert into teams_to_tournaments (id, teamId, tournamentId) values (146, 633, 7);
insert into teams_to_tournaments (id, teamId, tournamentId) values (147, 492, 7);
insert into teams_to_tournaments (id, teamId, tournamentId) values (148, 449, 7);
insert into teams_to_tournaments (id, teamId, tournamentId) values (149, 351, 7);
insert into teams_to_tournaments (id, teamId, tournamentId) values (150, 455, 7);
insert into teams_to_tournaments (id, teamId, tournamentId) values (151, 39, 7);
insert into teams_to_tournaments (id, teamId, tournamentId) values (152, 152, 7);
insert into teams_to_tournaments (id, teamId, tournamentId) values (153, 656, 7);
insert into teams_to_tournaments (id, teamId, tournamentId) values (154, 579, 7);
insert into teams_to_tournaments (id, teamId, tournamentId) values (155, 717, 7);
insert into teams_to_tournaments (id, teamId, tournamentId) values (156, 171, 7);
insert into teams_to_tournaments (id, teamId, tournamentId) values (157, 14, 7);
insert into teams_to_tournaments (id, teamId, tournamentId) values (158, 379, 7);
insert into teams_to_tournaments (id, teamId, tournamentId) values (159, 785, 7);
insert into teams_to_tournaments (id, teamId, tournamentId) values (160, 356, 7);
insert into teams_to_tournaments (id, teamId, tournamentId) values (161, 188, 7);
insert into teams_to_tournaments (id, teamId, tournamentId) values (162, 281, 7);
insert into teams_to_tournaments (id, teamId, tournamentId) values (163, 377, 7);
insert into teams_to_tournaments (id, teamId, tournamentId) values (164, 110, 7);
insert into teams_to_tournaments (id, teamId, tournamentId) values (165, 418, 7);
insert into teams_to_tournaments (id, teamId, tournamentId) values (166, 598, 7);
insert into teams_to_tournaments (id, teamId, tournamentId) values (167, 343, 7);
insert into teams_to_tournaments (id, teamId, tournamentId) values (168, 725, 7);
insert into teams_to_tournaments (id, teamId, tournamentId) values (169, 461, 7);
insert into teams_to_tournaments (id, teamId, tournamentId) values (170, 653, 7);
insert into teams_to_tournaments (id, teamId, tournamentId) values (171, 35, 7);
insert into teams_to_tournaments (id, teamId, tournamentId) values (172, 219, 7);
insert into teams_to_tournaments (id, teamId, tournamentId) values (173, 345, 7);
insert into teams_to_tournaments (id, teamId, tournamentId) values (174, 508, 7);
insert into teams_to_tournaments (id, teamId, tournamentId) values (175, 519, 7);
insert into teams_to_tournaments (id, teamId, tournamentId) values (176, 186, 7);
insert into teams_to_tournaments (id, teamId, tournamentId) values (177, 250, 8);
insert into teams_to_tournaments (id, teamId, tournamentId) values (178, 29, 8);
insert into teams_to_tournaments (id, teamId, tournamentId) values (179, 77, 8);
insert into teams_to_tournaments (id, teamId, tournamentId) values (180, 160, 8);
insert into teams_to_tournaments (id, teamId, tournamentId) values (181, 647, 8);
insert into teams_to_tournaments (id, teamId, tournamentId) values (182, 629, 8);
insert into teams_to_tournaments (id, teamId, tournamentId) values (183, 335, 8);
insert into teams_to_tournaments (id, teamId, tournamentId) values (184, 300, 8);
insert into teams_to_tournaments (id, teamId, tournamentId) values (185, 212, 8);
insert into teams_to_tournaments (id, teamId, tournamentId) values (186, 640, 8);
insert into teams_to_tournaments (id, teamId, tournamentId) values (187, 734, 8);
insert into teams_to_tournaments (id, teamId, tournamentId) values (188, 207, 8);
insert into teams_to_tournaments (id, teamId, tournamentId) values (189, 428, 8);
insert into teams_to_tournaments (id, teamId, tournamentId) values (190, 678, 8);
insert into teams_to_tournaments (id, teamId, tournamentId) values (191, 383, 8);
insert into teams_to_tournaments (id, teamId, tournamentId) values (192, 650, 8);
insert into teams_to_tournaments (id, teamId, tournamentId) values (193, 35, 9);
insert into teams_to_tournaments (id, teamId, tournamentId) values (194, 217, 9);
insert into teams_to_tournaments (id, teamId, tournamentId) values (195, 278, 9);
insert into teams_to_tournaments (id, teamId, tournamentId) values (196, 233, 9);
insert into teams_to_tournaments (id, teamId, tournamentId) values (197, 230, 9);
insert into teams_to_tournaments (id, teamId, tournamentId) values (198, 780, 9);
insert into teams_to_tournaments (id, teamId, tournamentId) values (199, 24, 9);
insert into teams_to_tournaments (id, teamId, tournamentId) values (200, 729, 9);
insert into teams_to_tournaments (id, teamId, tournamentId) values (201, 745, 9);
insert into teams_to_tournaments (id, teamId, tournamentId) values (202, 114, 9);
insert into teams_to_tournaments (id, teamId, tournamentId) values (203, 138, 9);
insert into teams_to_tournaments (id, teamId, tournamentId) values (204, 186, 9);
insert into teams_to_tournaments (id, teamId, tournamentId) values (205, 572, 9);
insert into teams_to_tournaments (id, teamId, tournamentId) values (206, 654, 9);
insert into teams_to_tournaments (id, teamId, tournamentId) values (207, 158, 9);
insert into teams_to_tournaments (id, teamId, tournamentId) values (208, 212, 9);
insert into teams_to_tournaments (id, teamId, tournamentId) values (209, 244, 10);
insert into teams_to_tournaments (id, teamId, tournamentId) values (210, 34, 10);
insert into teams_to_tournaments (id, teamId, tournamentId) values (211, 58, 10);
insert into teams_to_tournaments (id, teamId, tournamentId) values (212, 690, 10);
insert into teams_to_tournaments (id, teamId, tournamentId) values (213, 53, 10);
insert into teams_to_tournaments (id, teamId, tournamentId) values (214, 172, 10);
insert into teams_to_tournaments (id, teamId, tournamentId) values (215, 708, 10);
insert into teams_to_tournaments (id, teamId, tournamentId) values (216, 460, 10);
insert into teams_to_tournaments (id, teamId, tournamentId) values (217, 336, 10);
insert into teams_to_tournaments (id, teamId, tournamentId) values (218, 547, 10);
insert into teams_to_tournaments (id, teamId, tournamentId) values (219, 92, 10);
insert into teams_to_tournaments (id, teamId, tournamentId) values (220, 317, 10);
insert into teams_to_tournaments (id, teamId, tournamentId) values (221, 361, 10);
insert into teams_to_tournaments (id, teamId, tournamentId) values (222, 708, 10);
insert into teams_to_tournaments (id, teamId, tournamentId) values (223, 794, 10);
insert into teams_to_tournaments (id, teamId, tournamentId) values (224, 413, 10);
insert into teams_to_tournaments (id, teamId, tournamentId) values (225, 219, 11);
insert into teams_to_tournaments (id, teamId, tournamentId) values (226, 53, 11);
insert into teams_to_tournaments (id, teamId, tournamentId) values (227, 321, 11);
insert into teams_to_tournaments (id, teamId, tournamentId) values (228, 696, 11);
insert into teams_to_tournaments (id, teamId, tournamentId) values (229, 561, 11);
insert into teams_to_tournaments (id, teamId, tournamentId) values (230, 735, 11);
insert into teams_to_tournaments (id, teamId, tournamentId) values (231, 33, 11);
insert into teams_to_tournaments (id, teamId, tournamentId) values (232, 461, 11);
insert into teams_to_tournaments (id, teamId, tournamentId) values (233, 195, 11);
insert into teams_to_tournaments (id, teamId, tournamentId) values (234, 496, 11);
insert into teams_to_tournaments (id, teamId, tournamentId) values (235, 284, 11);
insert into teams_to_tournaments (id, teamId, tournamentId) values (236, 414, 11);
insert into teams_to_tournaments (id, teamId, tournamentId) values (237, 565, 11);
insert into teams_to_tournaments (id, teamId, tournamentId) values (238, 373, 11);
insert into teams_to_tournaments (id, teamId, tournamentId) values (239, 685, 11);
insert into teams_to_tournaments (id, teamId, tournamentId) values (240, 576, 11);
insert into teams_to_tournaments (id, teamId, tournamentId) values (241, 314, 12);
insert into teams_to_tournaments (id, teamId, tournamentId) values (242, 101, 12);
insert into teams_to_tournaments (id, teamId, tournamentId) values (243, 233, 12);
insert into teams_to_tournaments (id, teamId, tournamentId) values (244, 183, 12);
insert into teams_to_tournaments (id, teamId, tournamentId) values (245, 276, 12);
insert into teams_to_tournaments (id, teamId, tournamentId) values (246, 654, 12);
insert into teams_to_tournaments (id, teamId, tournamentId) values (247, 235, 12);
insert into teams_to_tournaments (id, teamId, tournamentId) values (248, 40, 12);
insert into teams_to_tournaments (id, teamId, tournamentId) values (249, 507, 12);
insert into teams_to_tournaments (id, teamId, tournamentId) values (250, 310, 12);
insert into teams_to_tournaments (id, teamId, tournamentId) values (251, 557, 12);
insert into teams_to_tournaments (id, teamId, tournamentId) values (252, 656, 12);
insert into teams_to_tournaments (id, teamId, tournamentId) values (253, 725, 12);
insert into teams_to_tournaments (id, teamId, tournamentId) values (254, 265, 12);
insert into teams_to_tournaments (id, teamId, tournamentId) values (255, 74, 12);
insert into teams_to_tournaments (id, teamId, tournamentId) values (256, 295, 12);
insert into teams_to_tournaments (id, teamId, tournamentId) values (257, 655, 12);
insert into teams_to_tournaments (id, teamId, tournamentId) values (258, 529, 12);
insert into teams_to_tournaments (id, teamId, tournamentId) values (259, 776, 12);
insert into teams_to_tournaments (id, teamId, tournamentId) values (260, 185, 12);
insert into teams_to_tournaments (id, teamId, tournamentId) values (261, 358, 12);
insert into teams_to_tournaments (id, teamId, tournamentId) values (262, 244, 12);
insert into teams_to_tournaments (id, teamId, tournamentId) values (263, 43, 12);
insert into teams_to_tournaments (id, teamId, tournamentId) values (264, 243, 12);
insert into teams_to_tournaments (id, teamId, tournamentId) values (265, 416, 12);
insert into teams_to_tournaments (id, teamId, tournamentId) values (266, 599, 12);
insert into teams_to_tournaments (id, teamId, tournamentId) values (267, 731, 12);
insert into teams_to_tournaments (id, teamId, tournamentId) values (268, 372, 12);
insert into teams_to_tournaments (id, teamId, tournamentId) values (269, 23, 12);
insert into teams_to_tournaments (id, teamId, tournamentId) values (270, 100, 12);
insert into teams_to_tournaments (id, teamId, tournamentId) values (271, 684, 12);
insert into teams_to_tournaments (id, teamId, tournamentId) values (272, 347, 12);
insert into teams_to_tournaments (id, teamId, tournamentId) values (273, 213, 13);
insert into teams_to_tournaments (id, teamId, tournamentId) values (274, 609, 13);
insert into teams_to_tournaments (id, teamId, tournamentId) values (275, 433, 13);
insert into teams_to_tournaments (id, teamId, tournamentId) values (276, 313, 13);
insert into teams_to_tournaments (id, teamId, tournamentId) values (277, 262, 13);
insert into teams_to_tournaments (id, teamId, tournamentId) values (278, 554, 13);
insert into teams_to_tournaments (id, teamId, tournamentId) values (279, 369, 13);
insert into teams_to_tournaments (id, teamId, tournamentId) values (280, 575, 13);
insert into teams_to_tournaments (id, teamId, tournamentId) values (281, 192, 13);
insert into teams_to_tournaments (id, teamId, tournamentId) values (282, 25, 13);
insert into teams_to_tournaments (id, teamId, tournamentId) values (283, 16, 13);
insert into teams_to_tournaments (id, teamId, tournamentId) values (284, 573, 13);
insert into teams_to_tournaments (id, teamId, tournamentId) values (285, 706, 13);
insert into teams_to_tournaments (id, teamId, tournamentId) values (286, 196, 13);
insert into teams_to_tournaments (id, teamId, tournamentId) values (287, 123, 13);
insert into teams_to_tournaments (id, teamId, tournamentId) values (288, 488, 13);
insert into teams_to_tournaments (id, teamId, tournamentId) values (289, 710, 14);
insert into teams_to_tournaments (id, teamId, tournamentId) values (290, 762, 14);
insert into teams_to_tournaments (id, teamId, tournamentId) values (291, 300, 14);
insert into teams_to_tournaments (id, teamId, tournamentId) values (292, 778, 14);
insert into teams_to_tournaments (id, teamId, tournamentId) values (293, 766, 14);
insert into teams_to_tournaments (id, teamId, tournamentId) values (294, 666, 14);
insert into teams_to_tournaments (id, teamId, tournamentId) values (295, 417, 14);
insert into teams_to_tournaments (id, teamId, tournamentId) values (296, 585, 14);
insert into teams_to_tournaments (id, teamId, tournamentId) values (297, 349, 14);
insert into teams_to_tournaments (id, teamId, tournamentId) values (298, 534, 14);
insert into teams_to_tournaments (id, teamId, tournamentId) values (299, 253, 14);
insert into teams_to_tournaments (id, teamId, tournamentId) values (300, 784, 14);
insert into teams_to_tournaments (id, teamId, tournamentId) values (301, 324, 14);
insert into teams_to_tournaments (id, teamId, tournamentId) values (302, 588, 14);
insert into teams_to_tournaments (id, teamId, tournamentId) values (303, 285, 14);
insert into teams_to_tournaments (id, teamId, tournamentId) values (304, 295, 14);
insert into teams_to_tournaments (id, teamId, tournamentId) values (305, 166, 15);
insert into teams_to_tournaments (id, teamId, tournamentId) values (306, 172, 15);
insert into teams_to_tournaments (id, teamId, tournamentId) values (307, 4, 15);
insert into teams_to_tournaments (id, teamId, tournamentId) values (308, 525, 15);
insert into teams_to_tournaments (id, teamId, tournamentId) values (309, 416, 15);
insert into teams_to_tournaments (id, teamId, tournamentId) values (310, 241, 15);
insert into teams_to_tournaments (id, teamId, tournamentId) values (311, 513, 15);
insert into teams_to_tournaments (id, teamId, tournamentId) values (312, 661, 15);
insert into teams_to_tournaments (id, teamId, tournamentId) values (313, 409, 16);
insert into teams_to_tournaments (id, teamId, tournamentId) values (314, 548, 16);
insert into teams_to_tournaments (id, teamId, tournamentId) values (315, 232, 16);
insert into teams_to_tournaments (id, teamId, tournamentId) values (316, 656, 16);
insert into teams_to_tournaments (id, teamId, tournamentId) values (317, 375, 16);
insert into teams_to_tournaments (id, teamId, tournamentId) values (318, 504, 16);
insert into teams_to_tournaments (id, teamId, tournamentId) values (319, 235, 16);
insert into teams_to_tournaments (id, teamId, tournamentId) values (320, 137, 16);
insert into teams_to_tournaments (id, teamId, tournamentId) values (321, 582, 16);
insert into teams_to_tournaments (id, teamId, tournamentId) values (322, 644, 16);
insert into teams_to_tournaments (id, teamId, tournamentId) values (323, 132, 16);
insert into teams_to_tournaments (id, teamId, tournamentId) values (324, 171, 16);
insert into teams_to_tournaments (id, teamId, tournamentId) values (325, 164, 16);
insert into teams_to_tournaments (id, teamId, tournamentId) values (326, 44, 16);
insert into teams_to_tournaments (id, teamId, tournamentId) values (327, 226, 16);
insert into teams_to_tournaments (id, teamId, tournamentId) values (328, 573, 16);
insert into teams_to_tournaments (id, teamId, tournamentId) values (329, 792, 17);
insert into teams_to_tournaments (id, teamId, tournamentId) values (330, 96, 17);
insert into teams_to_tournaments (id, teamId, tournamentId) values (331, 481, 17);
insert into teams_to_tournaments (id, teamId, tournamentId) values (332, 620, 17);
insert into teams_to_tournaments (id, teamId, tournamentId) values (333, 509, 17);
insert into teams_to_tournaments (id, teamId, tournamentId) values (334, 195, 17);
insert into teams_to_tournaments (id, teamId, tournamentId) values (335, 521, 17);
insert into teams_to_tournaments (id, teamId, tournamentId) values (336, 608, 17);
insert into teams_to_tournaments (id, teamId, tournamentId) values (337, 231, 18);
insert into teams_to_tournaments (id, teamId, tournamentId) values (338, 524, 18);
insert into teams_to_tournaments (id, teamId, tournamentId) values (339, 198, 18);
insert into teams_to_tournaments (id, teamId, tournamentId) values (340, 97, 18);
insert into teams_to_tournaments (id, teamId, tournamentId) values (341, 566, 18);
insert into teams_to_tournaments (id, teamId, tournamentId) values (342, 22, 18);
insert into teams_to_tournaments (id, teamId, tournamentId) values (343, 535, 18);
insert into teams_to_tournaments (id, teamId, tournamentId) values (344, 49, 18);
insert into teams_to_tournaments (id, teamId, tournamentId) values (345, 472, 19);
insert into teams_to_tournaments (id, teamId, tournamentId) values (346, 328, 19);
insert into teams_to_tournaments (id, teamId, tournamentId) values (347, 266, 19);
insert into teams_to_tournaments (id, teamId, tournamentId) values (348, 650, 19);
insert into teams_to_tournaments (id, teamId, tournamentId) values (349, 576, 19);
insert into teams_to_tournaments (id, teamId, tournamentId) values (350, 681, 19);
insert into teams_to_tournaments (id, teamId, tournamentId) values (351, 28, 19);
insert into teams_to_tournaments (id, teamId, tournamentId) values (352, 327, 19);
insert into teams_to_tournaments (id, teamId, tournamentId) values (353, 381, 19);
insert into teams_to_tournaments (id, teamId, tournamentId) values (354, 494, 19);
insert into teams_to_tournaments (id, teamId, tournamentId) values (355, 376, 19);
insert into teams_to_tournaments (id, teamId, tournamentId) values (356, 404, 19);
insert into teams_to_tournaments (id, teamId, tournamentId) values (357, 779, 19);
insert into teams_to_tournaments (id, teamId, tournamentId) values (358, 145, 19);
insert into teams_to_tournaments (id, teamId, tournamentId) values (359, 609, 19);
insert into teams_to_tournaments (id, teamId, tournamentId) values (360, 222, 19);
insert into teams_to_tournaments (id, teamId, tournamentId) values (361, 66, 20);
insert into teams_to_tournaments (id, teamId, tournamentId) values (362, 288, 20);
insert into teams_to_tournaments (id, teamId, tournamentId) values (363, 294, 20);
insert into teams_to_tournaments (id, teamId, tournamentId) values (364, 257, 20);
insert into teams_to_tournaments (id, teamId, tournamentId) values (365, 508, 20);
insert into teams_to_tournaments (id, teamId, tournamentId) values (366, 108, 20);
insert into teams_to_tournaments (id, teamId, tournamentId) values (367, 534, 20);
insert into teams_to_tournaments (id, teamId, tournamentId) values (368, 295, 20);
insert into teams_to_tournaments (id, teamId, tournamentId) values (369, 558, 20);
insert into teams_to_tournaments (id, teamId, tournamentId) values (370, 294, 20);
insert into teams_to_tournaments (id, teamId, tournamentId) values (371, 708, 20);
insert into teams_to_tournaments (id, teamId, tournamentId) values (372, 234, 20);
insert into teams_to_tournaments (id, teamId, tournamentId) values (373, 660, 20);
insert into teams_to_tournaments (id, teamId, tournamentId) values (374, 137, 20);
insert into teams_to_tournaments (id, teamId, tournamentId) values (375, 747, 20);
insert into teams_to_tournaments (id, teamId, tournamentId) values (376, 364, 20);
insert into teams_to_tournaments (id, teamId, tournamentId) values (377, 659, 21);
insert into teams_to_tournaments (id, teamId, tournamentId) values (378, 443, 21);
insert into teams_to_tournaments (id, teamId, tournamentId) values (379, 664, 21);
insert into teams_to_tournaments (id, teamId, tournamentId) values (380, 427, 21);
insert into teams_to_tournaments (id, teamId, tournamentId) values (381, 199, 21);
insert into teams_to_tournaments (id, teamId, tournamentId) values (382, 203, 21);
insert into teams_to_tournaments (id, teamId, tournamentId) values (383, 749, 21);
insert into teams_to_tournaments (id, teamId, tournamentId) values (384, 583, 21);
insert into teams_to_tournaments (id, teamId, tournamentId) values (385, 480, 21);
insert into teams_to_tournaments (id, teamId, tournamentId) values (386, 582, 21);
insert into teams_to_tournaments (id, teamId, tournamentId) values (387, 557, 21);
insert into teams_to_tournaments (id, teamId, tournamentId) values (388, 380, 21);
insert into teams_to_tournaments (id, teamId, tournamentId) values (389, 531, 21);
insert into teams_to_tournaments (id, teamId, tournamentId) values (390, 676, 21);
insert into teams_to_tournaments (id, teamId, tournamentId) values (391, 50, 21);
insert into teams_to_tournaments (id, teamId, tournamentId) values (392, 503, 21);
insert into teams_to_tournaments (id, teamId, tournamentId) values (393, 434, 22);
insert into teams_to_tournaments (id, teamId, tournamentId) values (394, 34, 22);
insert into teams_to_tournaments (id, teamId, tournamentId) values (395, 551, 22);
insert into teams_to_tournaments (id, teamId, tournamentId) values (396, 11, 22);
insert into teams_to_tournaments (id, teamId, tournamentId) values (397, 243, 22);
insert into teams_to_tournaments (id, teamId, tournamentId) values (398, 472, 22);
insert into teams_to_tournaments (id, teamId, tournamentId) values (399, 398, 22);
insert into teams_to_tournaments (id, teamId, tournamentId) values (400, 328, 22);
insert into teams_to_tournaments (id, teamId, tournamentId) values (401, 761, 23);
insert into teams_to_tournaments (id, teamId, tournamentId) values (402, 70, 23);
insert into teams_to_tournaments (id, teamId, tournamentId) values (403, 259, 23);
insert into teams_to_tournaments (id, teamId, tournamentId) values (404, 517, 23);
insert into teams_to_tournaments (id, teamId, tournamentId) values (405, 764, 23);
insert into teams_to_tournaments (id, teamId, tournamentId) values (406, 793, 23);
insert into teams_to_tournaments (id, teamId, tournamentId) values (407, 295, 23);
insert into teams_to_tournaments (id, teamId, tournamentId) values (408, 91, 23);
insert into teams_to_tournaments (id, teamId, tournamentId) values (409, 289, 23);
insert into teams_to_tournaments (id, teamId, tournamentId) values (410, 459, 23);
insert into teams_to_tournaments (id, teamId, tournamentId) values (411, 693, 23);
insert into teams_to_tournaments (id, teamId, tournamentId) values (412, 487, 23);
insert into teams_to_tournaments (id, teamId, tournamentId) values (413, 389, 23);
insert into teams_to_tournaments (id, teamId, tournamentId) values (414, 251, 23);
insert into teams_to_tournaments (id, teamId, tournamentId) values (415, 454, 23);
insert into teams_to_tournaments (id, teamId, tournamentId) values (416, 627, 23);
insert into teams_to_tournaments (id, teamId, tournamentId) values (417, 373, 24);
insert into teams_to_tournaments (id, teamId, tournamentId) values (418, 751, 24);
insert into teams_to_tournaments (id, teamId, tournamentId) values (419, 526, 24);
insert into teams_to_tournaments (id, teamId, tournamentId) values (420, 119, 24);
insert into teams_to_tournaments (id, teamId, tournamentId) values (421, 711, 24);
insert into teams_to_tournaments (id, teamId, tournamentId) values (422, 621, 24);
insert into teams_to_tournaments (id, teamId, tournamentId) values (423, 775, 24);
insert into teams_to_tournaments (id, teamId, tournamentId) values (424, 70, 24);
insert into teams_to_tournaments (id, teamId, tournamentId) values (425, 256, 24);
insert into teams_to_tournaments (id, teamId, tournamentId) values (426, 35, 24);
insert into teams_to_tournaments (id, teamId, tournamentId) values (427, 758, 24);
insert into teams_to_tournaments (id, teamId, tournamentId) values (428, 240, 24);
insert into teams_to_tournaments (id, teamId, tournamentId) values (429, 356, 24);
insert into teams_to_tournaments (id, teamId, tournamentId) values (430, 619, 24);
insert into teams_to_tournaments (id, teamId, tournamentId) values (431, 221, 24);
insert into teams_to_tournaments (id, teamId, tournamentId) values (432, 194, 24);
insert into teams_to_tournaments (id, teamId, tournamentId) values (433, 537, 24);
insert into teams_to_tournaments (id, teamId, tournamentId) values (434, 404, 24);
insert into teams_to_tournaments (id, teamId, tournamentId) values (435, 437, 24);
insert into teams_to_tournaments (id, teamId, tournamentId) values (436, 169, 24);
insert into teams_to_tournaments (id, teamId, tournamentId) values (437, 405, 24);
insert into teams_to_tournaments (id, teamId, tournamentId) values (438, 134, 24);
insert into teams_to_tournaments (id, teamId, tournamentId) values (439, 90, 24);
insert into teams_to_tournaments (id, teamId, tournamentId) values (440, 153, 24);
insert into teams_to_tournaments (id, teamId, tournamentId) values (441, 144, 24);
insert into teams_to_tournaments (id, teamId, tournamentId) values (442, 44, 24);
insert into teams_to_tournaments (id, teamId, tournamentId) values (443, 647, 24);
insert into teams_to_tournaments (id, teamId, tournamentId) values (444, 682, 24);
insert into teams_to_tournaments (id, teamId, tournamentId) values (445, 134, 24);
insert into teams_to_tournaments (id, teamId, tournamentId) values (446, 367, 24);
insert into teams_to_tournaments (id, teamId, tournamentId) values (447, 463, 24);
insert into teams_to_tournaments (id, teamId, tournamentId) values (448, 698, 24);
insert into teams_to_tournaments (id, teamId, tournamentId) values (449, 768, 25);
insert into teams_to_tournaments (id, teamId, tournamentId) values (450, 275, 25);
insert into teams_to_tournaments (id, teamId, tournamentId) values (451, 737, 25);
insert into teams_to_tournaments (id, teamId, tournamentId) values (452, 280, 25);
insert into teams_to_tournaments (id, teamId, tournamentId) values (453, 69, 25);
insert into teams_to_tournaments (id, teamId, tournamentId) values (454, 54, 25);
insert into teams_to_tournaments (id, teamId, tournamentId) values (455, 619, 25);
insert into teams_to_tournaments (id, teamId, tournamentId) values (456, 189, 25);
insert into teams_to_tournaments (id, teamId, tournamentId) values (457, 77, 25);
insert into teams_to_tournaments (id, teamId, tournamentId) values (458, 702, 25);
insert into teams_to_tournaments (id, teamId, tournamentId) values (459, 212, 25);
insert into teams_to_tournaments (id, teamId, tournamentId) values (460, 797, 25);
insert into teams_to_tournaments (id, teamId, tournamentId) values (461, 324, 25);
insert into teams_to_tournaments (id, teamId, tournamentId) values (462, 703, 25);
insert into teams_to_tournaments (id, teamId, tournamentId) values (463, 363, 25);
insert into teams_to_tournaments (id, teamId, tournamentId) values (464, 557, 25);
insert into teams_to_tournaments (id, teamId, tournamentId) values (465, 339, 25);
insert into teams_to_tournaments (id, teamId, tournamentId) values (466, 16, 25);
insert into teams_to_tournaments (id, teamId, tournamentId) values (467, 442, 25);
insert into teams_to_tournaments (id, teamId, tournamentId) values (468, 708, 25);
insert into teams_to_tournaments (id, teamId, tournamentId) values (469, 656, 25);
insert into teams_to_tournaments (id, teamId, tournamentId) values (470, 6, 25);
insert into teams_to_tournaments (id, teamId, tournamentId) values (471, 538, 25);
insert into teams_to_tournaments (id, teamId, tournamentId) values (472, 101, 25);
insert into teams_to_tournaments (id, teamId, tournamentId) values (473, 74, 25);
insert into teams_to_tournaments (id, teamId, tournamentId) values (474, 64, 25);
insert into teams_to_tournaments (id, teamId, tournamentId) values (475, 717, 25);
insert into teams_to_tournaments (id, teamId, tournamentId) values (476, 45, 25);
insert into teams_to_tournaments (id, teamId, tournamentId) values (477, 640, 25);
insert into teams_to_tournaments (id, teamId, tournamentId) values (478, 544, 25);
insert into teams_to_tournaments (id, teamId, tournamentId) values (479, 501, 25);
insert into teams_to_tournaments (id, teamId, tournamentId) values (480, 1, 25);


insert into players (id, name, goals) values (1, 'Darelle Pinchen', 67);
insert into players (id, name, goals) values (2, 'Dulcy Wadham', 43);
insert into players (id, name, goals) values (3, 'Leoine Cranmore', 94);
insert into players (id, name, goals) values (4, 'Bea Mattiassi', 28);
insert into players (id, name, goals) values (5, 'Johnna Slaughter', 34);
insert into players (id, name, goals) values (6, 'Lilas Axon', 49);
insert into players (id, name, goals) values (7, 'Cosetta Rottgers', 68);
insert into players (id, name, goals) values (8, 'Chanda Delatour', 26);
insert into players (id, name, goals) values (9, 'Meredith Espada', 37);
insert into players (id, name, goals) values (10, 'Estell Moriarty', 2);
insert into players (id, name, goals) values (11, 'Darrick Ionnidis', 21);
insert into players (id, name, goals) values (12, 'Geoffry Calleja', 5);
insert into players (id, name, goals) values (13, 'Edlin Elcox', 91);
insert into players (id, name, goals) values (14, 'Letizia Gwin', 33);
insert into players (id, name, goals) values (15, 'Dominik Bielby', 33);
insert into players (id, name, goals) values (16, 'Christi Brister', 88);
insert into players (id, name, goals) values (17, 'Jessa Lease', 86);
insert into players (id, name, goals) values (18, 'Trefor Ozelton', 16);
insert into players (id, name, goals) values (19, 'Gottfried Tilley', 39);
insert into players (id, name, goals) values (20, 'Salvador Mannagh', 28);
insert into players (id, name, goals) values (21, 'Dario Fowlestone', 64);
insert into players (id, name, goals) values (22, 'Nancy English', 51);
insert into players (id, name, goals) values (23, 'Leonard Hierro', 9);
insert into players (id, name, goals) values (24, 'Axe Spowage', 31);
insert into players (id, name, goals) values (25, 'Branden Risebarer', 23);
insert into players (id, name, goals) values (26, 'Clark Johann', 62);
insert into players (id, name, goals) values (27, 'Sean Di Frisco', 14);
insert into players (id, name, goals) values (28, 'Stacy Trunby', 31);
insert into players (id, name, goals) values (29, 'Claudie Khotler', 77);
insert into players (id, name, goals) values (30, 'Alasdair Blueman', 74);
insert into players (id, name, goals) values (31, 'Christean Gniewosz', 70);
insert into players (id, name, goals) values (32, 'Emilia Didball', 43);
insert into players (id, name, goals) values (33, 'Evey Shuxsmith', 23);
insert into players (id, name, goals) values (34, 'Dannie Sorrill', 43);
insert into players (id, name, goals) values (35, 'Malorie Bernardin', 49);
insert into players (id, name, goals) values (36, 'Donelle Lilleyman', 85);
insert into players (id, name, goals) values (37, 'Starlin Alp', 69);
insert into players (id, name, goals) values (38, 'Ginnie Berthe', 82);
insert into players (id, name, goals) values (39, 'Boone Zum Felde', 43);
insert into players (id, name, goals) values (40, 'Lev Sidaway', 29);
insert into players (id, name, goals) values (41, 'Bette-ann Maybey', 75);
insert into players (id, name, goals) values (42, 'Iolande Frankland', 5);
insert into players (id, name, goals) values (43, 'Claudius Trowsdale', 66);
insert into players (id, name, goals) values (44, 'Ora Gouldeby', 89);
insert into players (id, name, goals) values (45, 'Lisle Emig', 53);
insert into players (id, name, goals) values (46, 'Hunt Shapera', 82);
insert into players (id, name, goals) values (47, 'Hadrian Orts', 40);
insert into players (id, name, goals) values (48, 'Lynnet Oxenham', 39);
insert into players (id, name, goals) values (49, 'Kate Challens', 5);
insert into players (id, name, goals) values (50, 'Cherida Barkhouse', 74);
insert into players (id, name, goals) values (51, 'Riccardo Van', 49);
insert into players (id, name, goals) values (52, 'Rolando Slesser', 28);
insert into players (id, name, goals) values (53, 'Andrei Clynmans', 18);
insert into players (id, name, goals) values (54, 'Viki Wyllis', 31);
insert into players (id, name, goals) values (55, 'Jobina Alty', 1);
insert into players (id, name, goals) values (56, 'Jesus Dupree', 51);
insert into players (id, name, goals) values (57, 'Guillema Juarez', 63);
insert into players (id, name, goals) values (58, 'Ronica Adshede', 88);
insert into players (id, name, goals) values (59, 'Roseann Kleinstub', 62);
insert into players (id, name, goals) values (60, 'Rebecca Mallabone', 74);
insert into players (id, name, goals) values (61, 'Lorrie Juggings', 12);
insert into players (id, name, goals) values (62, 'Agnola Zuanelli', 10);
insert into players (id, name, goals) values (63, 'Hersch McLardie', 32);
insert into players (id, name, goals) values (64, 'Clementia Masse', 13);
insert into players (id, name, goals) values (65, 'Zebulon Garraway', 71);
insert into players (id, name, goals) values (66, 'Reinaldo Le feaver', 20);
insert into players (id, name, goals) values (67, 'Maggi Lewson', 48);
insert into players (id, name, goals) values (68, 'Bridie Darwen', 26);
insert into players (id, name, goals) values (69, 'Malynda Lampard', 44);
insert into players (id, name, goals) values (70, 'Aguste Cootes', 6);
insert into players (id, name, goals) values (71, 'Anita Heath', 19);
insert into players (id, name, goals) values (72, 'Renie Price', 22);
insert into players (id, name, goals) values (73, 'Isaak Dawes', 83);
insert into players (id, name, goals) values (74, 'Glad Wilber', 33);
insert into players (id, name, goals) values (75, 'Bambi Aberkirder', 25);
insert into players (id, name, goals) values (76, 'Casar Marrett', 11);
insert into players (id, name, goals) values (77, 'Conrade De la croix', 35);
insert into players (id, name, goals) values (78, 'Jason Dreelan', 2);
insert into players (id, name, goals) values (79, 'Yolande Grindell', 27);
insert into players (id, name, goals) values (80, 'Damon MacGlory', 59);
insert into players (id, name, goals) values (81, 'Urbanus Kilbride', 45);
insert into players (id, name, goals) values (82, 'Matelda Meachem', 84);
insert into players (id, name, goals) values (83, 'Yulma Crayton', 6);
insert into players (id, name, goals) values (84, 'Adrian Duckett', 60);
insert into players (id, name, goals) values (85, 'Corry Rushton', 86);
insert into players (id, name, goals) values (86, 'Ardelis Tutchell', 77);
insert into players (id, name, goals) values (87, 'Findley Richfield', 72);
insert into players (id, name, goals) values (88, 'Cynthea Kiehnlt', 96);
insert into players (id, name, goals) values (89, 'Biddy Crosthwaite', 19);
insert into players (id, name, goals) values (90, 'Alvis Colling', 53);
insert into players (id, name, goals) values (91, 'Lanie Swaton', 16);
insert into players (id, name, goals) values (92, 'Ham Doveston', 96);
insert into players (id, name, goals) values (93, 'Ailene Hadlington', 29);
insert into players (id, name, goals) values (94, 'Elmer Jowsey', 18);
insert into players (id, name, goals) values (95, 'Bonnibelle Foucard', 55);
insert into players (id, name, goals) values (96, 'Clement Shelsher', 50);
insert into players (id, name, goals) values (97, 'Raphael Lovewell', 62);
insert into players (id, name, goals) values (98, 'Thaddus Thewles', 87);
insert into players (id, name, goals) values (99, 'Bing Demangeot', 9);
insert into players (id, name, goals) values (100, 'Thia MacMychem', 41);
insert into players (id, name, goals) values (101, 'Teddy Aleksidze', 23);
insert into players (id, name, goals) values (102, 'Lorie Boog', 10);
insert into players (id, name, goals) values (103, 'Vernen Baily', 85);
insert into players (id, name, goals) values (104, 'Agathe Tinghill', 69);
insert into players (id, name, goals) values (105, 'Anjanette Jirick', 92);
insert into players (id, name, goals) values (106, 'Hallsy Bourgeois', 16);
insert into players (id, name, goals) values (107, 'Nate Lagne', 30);
insert into players (id, name, goals) values (108, 'Ondrea Szantho', 1);
insert into players (id, name, goals) values (109, 'Wanda Swanston', 77);
insert into players (id, name, goals) values (110, 'Hannis McQuirter', 53);
insert into players (id, name, goals) values (111, 'Celie Davidov', 92);
insert into players (id, name, goals) values (112, 'Querida Geist', 18);
insert into players (id, name, goals) values (113, 'Celia Croizier', 46);
insert into players (id, name, goals) values (114, 'Boot Lambe', 77);
insert into players (id, name, goals) values (115, 'Simona Mattingley', 52);
insert into players (id, name, goals) values (116, 'Dwight Menpes', 29);
insert into players (id, name, goals) values (117, 'Geneva Cowsby', 75);
insert into players (id, name, goals) values (118, 'Chaim Havick', 71);
insert into players (id, name, goals) values (119, 'Robinson Thornhill', 39);
insert into players (id, name, goals) values (120, 'Evvie Windrus', 4);
insert into players (id, name, goals) values (121, 'Bayard Brisset', 47);
insert into players (id, name, goals) values (122, 'Cherie Silbert', 54);
insert into players (id, name, goals) values (123, 'Wyatan Claridge', 50);
insert into players (id, name, goals) values (124, 'Mickey Lydiard', 17);
insert into players (id, name, goals) values (125, 'Jonathon Roback', 56);
insert into players (id, name, goals) values (126, 'Nadiya Pinfold', 39);
insert into players (id, name, goals) values (127, 'Lou Wyd', 98);
insert into players (id, name, goals) values (128, 'Suzann Avrahm', 58);
insert into players (id, name, goals) values (129, 'Madelin Challen', 52);
insert into players (id, name, goals) values (130, 'Celinda Sinkin', 40);
insert into players (id, name, goals) values (131, 'Tommi Eldridge', 16);
insert into players (id, name, goals) values (132, 'Irv Yakobowitz', 9);
insert into players (id, name, goals) values (133, 'Gregoor Cockerham', 42);
insert into players (id, name, goals) values (134, 'Elwyn Kildea', 63);
insert into players (id, name, goals) values (135, 'Ferguson Routledge', 1);
insert into players (id, name, goals) values (136, 'Halley Lippard', 15);
insert into players (id, name, goals) values (137, 'Cacilie Rusk', 68);
insert into players (id, name, goals) values (138, 'Kennan Hercules', 37);
insert into players (id, name, goals) values (139, 'Jephthah Laba', 74);
insert into players (id, name, goals) values (140, 'Lily Petrescu', 55);
insert into players (id, name, goals) values (141, 'Stewart Ridings', 20);
insert into players (id, name, goals) values (142, 'Reid Fortescue', 47);
insert into players (id, name, goals) values (143, 'Hodge Dossetter', 85);
insert into players (id, name, goals) values (144, 'Pinchas Buscombe', 66);
insert into players (id, name, goals) values (145, 'Thatcher Wedgwood', 76);
insert into players (id, name, goals) values (146, 'Sutton Hrihorovich', 13);
insert into players (id, name, goals) values (147, 'Kay Rance', 14);
insert into players (id, name, goals) values (148, 'Chris Henryson', 85);
insert into players (id, name, goals) values (149, 'Babara Loomis', 92);
insert into players (id, name, goals) values (150, 'Carol-jean Poser', 55);
insert into players (id, name, goals) values (151, 'Henrie Clews', 17);
insert into players (id, name, goals) values (152, 'Ailene Newling', 41);
insert into players (id, name, goals) values (153, 'Peter Coonihan', 74);
insert into players (id, name, goals) values (154, 'Ediva Daughtery', 78);
insert into players (id, name, goals) values (155, 'Gail Tipping', 5);
insert into players (id, name, goals) values (156, 'Nydia Kemme', 17);
insert into players (id, name, goals) values (157, 'Filmore Lannon', 12);
insert into players (id, name, goals) values (158, 'Von Beadnall', 28);
insert into players (id, name, goals) values (159, 'Parker Gobbett', 97);
insert into players (id, name, goals) values (160, 'Alfy Drinkale', 53);
insert into players (id, name, goals) values (161, 'Sinclare Brasted', 18);
insert into players (id, name, goals) values (162, 'Rebecca Cordelet', 11);
insert into players (id, name, goals) values (163, 'Rafaelia Landers', 5);
insert into players (id, name, goals) values (164, 'Aurore Fillis', 50);
insert into players (id, name, goals) values (165, 'Dame Wilkinson', 89);
insert into players (id, name, goals) values (166, 'Aldus Slatten', 97);
insert into players (id, name, goals) values (167, 'Zach Antonikov', 34);
insert into players (id, name, goals) values (168, 'Caddric Laetham', 90);
insert into players (id, name, goals) values (169, 'Shanan Droogan', 30);
insert into players (id, name, goals) values (170, 'Christyna Cowell', 90);
insert into players (id, name, goals) values (171, 'Star Legges', 35);
insert into players (id, name, goals) values (172, 'Bibby Paradis', 40);
insert into players (id, name, goals) values (173, 'Elfrida Addy', 76);
insert into players (id, name, goals) values (174, 'Jedidiah Whyley', 75);
insert into players (id, name, goals) values (175, 'Gerri Orrom', 76);
insert into players (id, name, goals) values (176, 'Claudius Pilling', 18);
insert into players (id, name, goals) values (177, 'Moe Itzhak', 82);
insert into players (id, name, goals) values (178, 'Shane Farmiloe', 83);
insert into players (id, name, goals) values (179, 'Roberta Kleinzweig', 73);
insert into players (id, name, goals) values (180, 'Tallie Flamank', 4);
insert into players (id, name, goals) values (181, 'Cordey Bleas', 57);
insert into players (id, name, goals) values (182, 'Hulda McCullock', 13);
insert into players (id, name, goals) values (183, 'Filia Leney', 16);
insert into players (id, name, goals) values (184, 'Larissa Hanratty', 83);
insert into players (id, name, goals) values (185, 'Sheffield Cosgrave', 38);
insert into players (id, name, goals) values (186, 'Tricia Clutten', 66);
insert into players (id, name, goals) values (187, 'Philly Chippindale', 96);
insert into players (id, name, goals) values (188, 'Haven Woolfoot', 22);
insert into players (id, name, goals) values (189, 'Miranda Perryman', 57);
insert into players (id, name, goals) values (190, 'Derrek Stoltz', 5);
insert into players (id, name, goals) values (191, 'Alice Philipeaux', 83);
insert into players (id, name, goals) values (192, 'Darice Goodger', 52);
insert into players (id, name, goals) values (193, 'Sandye Cannop', 2);
insert into players (id, name, goals) values (194, 'Yul Hinks', 56);
insert into players (id, name, goals) values (195, 'Zebadiah Kelf', 83);
insert into players (id, name, goals) values (196, 'Belia Lavis', 33);
insert into players (id, name, goals) values (197, 'Codi Drissell', 18);
insert into players (id, name, goals) values (198, 'Cly Latehouse', 27);
insert into players (id, name, goals) values (199, 'Lora Crucetti', 53);
insert into players (id, name, goals) values (200, 'Dru Roslen', 60);
insert into players (id, name, goals) values (201, 'Suzi Schiesterl', 73);
insert into players (id, name, goals) values (202, 'Rani Mercy', 90);
insert into players (id, name, goals) values (203, 'Fanchon Bassill', 22);
insert into players (id, name, goals) values (204, 'Nalani Boken', 13);
insert into players (id, name, goals) values (205, 'Ruthann Stockport', 74);
insert into players (id, name, goals) values (206, 'Chantal Waldrum', 99);
insert into players (id, name, goals) values (207, 'Sandor Sissot', 11);
insert into players (id, name, goals) values (208, 'Joey Simoes', 15);
insert into players (id, name, goals) values (209, 'Townie Sollon', 83);
insert into players (id, name, goals) values (210, 'Gill Longrigg', 11);
insert into players (id, name, goals) values (211, 'Therese Cino', 31);
insert into players (id, name, goals) values (212, 'Alvan de Keep', 41);
insert into players (id, name, goals) values (213, 'Mycah Capelle', 6);
insert into players (id, name, goals) values (214, 'Ellery Ruffey', 90);
insert into players (id, name, goals) values (215, 'Kory Dey', 74);
insert into players (id, name, goals) values (216, 'Jecho Benion', 53);
insert into players (id, name, goals) values (217, 'Sallie Farnworth', 38);
insert into players (id, name, goals) values (218, 'Matthew Twiggins', 78);
insert into players (id, name, goals) values (219, 'Lissa Dorton', 78);
insert into players (id, name, goals) values (220, 'Bobette McColl', 40);
insert into players (id, name, goals) values (221, 'Juana Smallcomb', 86);
insert into players (id, name, goals) values (222, 'Devin Somerville', 57);
insert into players (id, name, goals) values (223, 'Teodorico Coules', 18);
insert into players (id, name, goals) values (224, 'Mathian Skeete', 5);
insert into players (id, name, goals) values (225, 'Bethina Kubach', 3);
insert into players (id, name, goals) values (226, 'Stacey Wolland', 57);
insert into players (id, name, goals) values (227, 'Beatrice Killock', 29);
insert into players (id, name, goals) values (228, 'Gabby Janse', 98);
insert into players (id, name, goals) values (229, 'Debi Rubinfajn', 80);
insert into players (id, name, goals) values (230, 'Rosmunda Starmore', 23);
insert into players (id, name, goals) values (231, 'Dena Sillett', 90);
insert into players (id, name, goals) values (232, 'Yehudi McCarney', 19);
insert into players (id, name, goals) values (233, 'Marlon McMickan', 28);
insert into players (id, name, goals) values (234, 'Lesli Rennocks', 9);
insert into players (id, name, goals) values (235, 'Fredericka Isitt', 26);
insert into players (id, name, goals) values (236, 'Ric Pesic', 69);
insert into players (id, name, goals) values (237, 'Ivar Whitlow', 96);
insert into players (id, name, goals) values (238, 'Christabel Lacroix', 47);
insert into players (id, name, goals) values (239, 'Florinda Blaylock', 33);
insert into players (id, name, goals) values (240, 'Chelsea Pover', 46);
insert into players (id, name, goals) values (241, 'Zita Gallatly', 71);
insert into players (id, name, goals) values (242, 'Flori Bellward', 59);
insert into players (id, name, goals) values (243, 'Daffie Ostick', 64);
insert into players (id, name, goals) values (244, 'Trudi Steagall', 7);
insert into players (id, name, goals) values (245, 'Keir Wildgoose', 80);
insert into players (id, name, goals) values (246, 'Forster Gitting', 40);
insert into players (id, name, goals) values (247, 'Enid Peagrim', 16);
insert into players (id, name, goals) values (248, 'Cathrine Tustin', 53);
insert into players (id, name, goals) values (249, 'Chrissy Beckers', 65);
insert into players (id, name, goals) values (250, 'Nathanial Millier', 28);
insert into players (id, name, goals) values (251, 'Maje Maffulli', 45);
insert into players (id, name, goals) values (252, 'Cleveland Bortolini', 30);
insert into players (id, name, goals) values (253, 'Sibel Longhurst', 64);
insert into players (id, name, goals) values (254, 'Garrik Geake', 25);
insert into players (id, name, goals) values (255, 'Ahmed Corbet', 67);
insert into players (id, name, goals) values (256, 'Brion Sarney', 50);
insert into players (id, name, goals) values (257, 'Dona Rock', 80);
insert into players (id, name, goals) values (258, 'Lucienne Moston', 36);
insert into players (id, name, goals) values (259, 'Babbette Tomaino', 4);
insert into players (id, name, goals) values (260, 'Jerald Shurville', 54);
insert into players (id, name, goals) values (261, 'Alair Jaouen', 29);
insert into players (id, name, goals) values (262, 'Cleveland Brodest', 26);
insert into players (id, name, goals) values (263, 'Tan Tweddle', 39);
insert into players (id, name, goals) values (264, 'Wendy Sreenan', 91);
insert into players (id, name, goals) values (265, 'Bev Margett', 23);
insert into players (id, name, goals) values (266, 'Janel Berthot', 47);
insert into players (id, name, goals) values (267, 'Jessee Weber', 31);
insert into players (id, name, goals) values (268, 'Bondon Askie', 67);
insert into players (id, name, goals) values (269, 'Rosemarie January 1st', 71);
insert into players (id, name, goals) values (270, 'Pam Bohden', 34);
insert into players (id, name, goals) values (271, 'Sayres Rosenstengel', 68);
insert into players (id, name, goals) values (272, 'Richmond Moulding', 96);
insert into players (id, name, goals) values (273, 'Dorthea Karpinski', 88);
insert into players (id, name, goals) values (274, 'Genvieve Swaite', 53);
insert into players (id, name, goals) values (275, 'Reeta Daout', 25);
insert into players (id, name, goals) values (276, 'Reginauld Pautot', 95);
insert into players (id, name, goals) values (277, 'Carissa Santorini', 14);
insert into players (id, name, goals) values (278, 'Germain Coarser', 90);
insert into players (id, name, goals) values (279, 'Fleur Humes', 40);
insert into players (id, name, goals) values (280, 'Muriel Yateman', 76);
insert into players (id, name, goals) values (281, 'Simonne Klaesson', 40);
insert into players (id, name, goals) values (282, 'Nanine Gorges', 33);
insert into players (id, name, goals) values (283, 'Kaylil Lorie', 24);
insert into players (id, name, goals) values (284, 'Billye Ajsik', 100);
insert into players (id, name, goals) values (285, 'Velvet Dronsfield', 46);
insert into players (id, name, goals) values (286, 'Christophorus Chalk', 52);
insert into players (id, name, goals) values (287, 'Cate Habble', 50);
insert into players (id, name, goals) values (288, 'Robin Shailer', 72);
insert into players (id, name, goals) values (289, 'Jeralee Sibun', 75);
insert into players (id, name, goals) values (290, 'Tabbi Slowgrave', 91);
insert into players (id, name, goals) values (291, 'Courtenay Armand', 20);
insert into players (id, name, goals) values (292, 'Ilise Readie', 23);
insert into players (id, name, goals) values (293, 'Letta Burrett', 12);
insert into players (id, name, goals) values (294, 'Reginald Chillingworth', 8);
insert into players (id, name, goals) values (295, 'Edgard Doone', 90);
insert into players (id, name, goals) values (296, 'Alli Carnier', 70);
insert into players (id, name, goals) values (297, 'Syman Gonning', 5);
insert into players (id, name, goals) values (298, 'Korella Kennelly', 39);
insert into players (id, name, goals) values (299, 'Armin Levis', 72);
insert into players (id, name, goals) values (300, 'Deane Salthouse', 11);
insert into players (id, name, goals) values (301, 'Shirley MacKim', 50);
insert into players (id, name, goals) values (302, 'Gardner Sloy', 22);
insert into players (id, name, goals) values (303, 'Kelcie Mecchi', 87);
insert into players (id, name, goals) values (304, 'Haroun Rapin', 59);
insert into players (id, name, goals) values (305, 'Dion Drohun', 49);
insert into players (id, name, goals) values (306, 'Tammie Whitwell', 53);
insert into players (id, name, goals) values (307, 'Nikita Waddy', 2);
insert into players (id, name, goals) values (308, 'Marlon Priddis', 80);
insert into players (id, name, goals) values (309, 'Elka Lockitt', 4);
insert into players (id, name, goals) values (310, 'Keefer Venable', 43);
insert into players (id, name, goals) values (311, 'Grace Firpi', 58);
insert into players (id, name, goals) values (312, 'Alanson Tomblett', 77);
insert into players (id, name, goals) values (313, 'Inesita Ramelet', 10);
insert into players (id, name, goals) values (314, 'Cheslie Keyzor', 4);
insert into players (id, name, goals) values (315, 'Veda Huttley', 74);
insert into players (id, name, goals) values (316, 'Brook Blazy', 67);
insert into players (id, name, goals) values (317, 'Tabb Pallant', 92);
insert into players (id, name, goals) values (318, 'Alano McAteer', 3);
insert into players (id, name, goals) values (319, 'Freddi Coupman', 23);
insert into players (id, name, goals) values (320, 'Neil Bethell', 35);
insert into players (id, name, goals) values (321, 'Melodee London', 31);
insert into players (id, name, goals) values (322, 'Benedict De Freyne', 80);
insert into players (id, name, goals) values (323, 'Jed Cours', 48);
insert into players (id, name, goals) values (324, 'Quintilla Crannach', 44);
insert into players (id, name, goals) values (325, 'Kirsti Thursfield', 98);
insert into players (id, name, goals) values (326, 'Gratia Rookwell', 23);
insert into players (id, name, goals) values (327, 'Johnna Mortell', 7);
insert into players (id, name, goals) values (328, 'Holden Lace', 81);
insert into players (id, name, goals) values (329, 'Cindee Waszczykowski', 31);
insert into players (id, name, goals) values (330, 'Andromache Bruni', 64);
insert into players (id, name, goals) values (331, 'Fleur Danigel', 74);
insert into players (id, name, goals) values (332, 'Fin Raffan', 20);
insert into players (id, name, goals) values (333, 'Morris Simonard', 5);
insert into players (id, name, goals) values (334, 'Page Summers', 42);
insert into players (id, name, goals) values (335, 'Dorelia Watmough', 36);
insert into players (id, name, goals) values (336, 'Natal Aynold', 94);
insert into players (id, name, goals) values (337, 'Asia Searle', 61);
insert into players (id, name, goals) values (338, 'Harper D''Souza', 62);
insert into players (id, name, goals) values (339, 'Merla Reace', 6);
insert into players (id, name, goals) values (340, 'Annamarie Wenman', 27);
insert into players (id, name, goals) values (341, 'Kare Haburne', 4);
insert into players (id, name, goals) values (342, 'Melvin Smoote', 80);
insert into players (id, name, goals) values (343, 'Terrye Probey', 77);
insert into players (id, name, goals) values (344, 'Jojo Dolphin', 64);
insert into players (id, name, goals) values (345, 'Philbert Bruster', 62);
insert into players (id, name, goals) values (346, 'Shaine MacShirie', 24);
insert into players (id, name, goals) values (347, 'Selby Mahony', 24);
insert into players (id, name, goals) values (348, 'Carr Lawford', 7);
insert into players (id, name, goals) values (349, 'Shanda Maymond', 54);
insert into players (id, name, goals) values (350, 'Teddy Peyto', 8);
insert into players (id, name, goals) values (351, 'Fredericka Chace', 82);
insert into players (id, name, goals) values (352, 'Filbert Kilcoyne', 56);
insert into players (id, name, goals) values (353, 'Oralie Rothert', 66);
insert into players (id, name, goals) values (354, 'Forrest Aven', 59);
insert into players (id, name, goals) values (355, 'Marven Haugen', 47);
insert into players (id, name, goals) values (356, 'Marc Mountcastle', 15);
insert into players (id, name, goals) values (357, 'Emanuel Renon', 57);
insert into players (id, name, goals) values (358, 'Ekaterina Dutt', 75);
insert into players (id, name, goals) values (359, 'Orazio Larrington', 55);
insert into players (id, name, goals) values (360, 'Lancelot Fardon', 56);
insert into players (id, name, goals) values (361, 'Farra MacCague', 70);
insert into players (id, name, goals) values (362, 'Oliy Allmen', 89);
insert into players (id, name, goals) values (363, 'Tabby Gershom', 10);
insert into players (id, name, goals) values (364, 'Pembroke Trevains', 5);
insert into players (id, name, goals) values (365, 'Korney Agass', 40);
insert into players (id, name, goals) values (366, 'Lilyan Hibling', 23);
insert into players (id, name, goals) values (367, 'Nell Medmore', 46);
insert into players (id, name, goals) values (368, 'Tiebout Yukhnev', 92);
insert into players (id, name, goals) values (369, 'Cherye Ashling', 38);
insert into players (id, name, goals) values (370, 'Maryrose Nilles', 76);
insert into players (id, name, goals) values (371, 'Alina Carmo', 94);
insert into players (id, name, goals) values (372, 'Lesly Brundle', 72);
insert into players (id, name, goals) values (373, 'Thacher Arnowicz', 73);
insert into players (id, name, goals) values (374, 'Jermain Strangwood', 69);
insert into players (id, name, goals) values (375, 'Tammara Arnold', 82);
insert into players (id, name, goals) values (376, 'Joshua Keelan', 4);
insert into players (id, name, goals) values (377, 'Sarina Brearley', 17);
insert into players (id, name, goals) values (378, 'Murdoch Kerfut', 64);
insert into players (id, name, goals) values (379, 'Patrizia Vedekhin', 60);
insert into players (id, name, goals) values (380, 'Ulises Castilljo', 89);
insert into players (id, name, goals) values (381, 'Gretta Sleep', 79);
insert into players (id, name, goals) values (382, 'Terri Gayter', 35);
insert into players (id, name, goals) values (383, 'Sayre Rens', 40);
insert into players (id, name, goals) values (384, 'Nellie Angrove', 55);
insert into players (id, name, goals) values (385, 'Giffie Nevill', 44);
insert into players (id, name, goals) values (386, 'Karel Stuther', 75);
insert into players (id, name, goals) values (387, 'Leonerd Nore', 69);
insert into players (id, name, goals) values (388, 'Say Betjeman', 68);
insert into players (id, name, goals) values (389, 'Jorgan Grimley', 36);
insert into players (id, name, goals) values (390, 'Pammy Brugden', 45);
insert into players (id, name, goals) values (391, 'Ivor Bulled', 72);
insert into players (id, name, goals) values (392, 'Gauthier Stuchbery', 78);
insert into players (id, name, goals) values (393, 'Darill Bycraft', 78);
insert into players (id, name, goals) values (394, 'Sayres Estrella', 9);
insert into players (id, name, goals) values (395, 'Verine Smedmore', 7);
insert into players (id, name, goals) values (396, 'Mel Medway', 31);
insert into players (id, name, goals) values (397, 'Phillipe Bonnell', 24);
insert into players (id, name, goals) values (398, 'Iago Kenewell', 12);
insert into players (id, name, goals) values (399, 'Knox Messier', 70);
insert into players (id, name, goals) values (400, 'Sandra Deverose', 46);
insert into players (id, name, goals) values (401, 'Myrtice Dancey', 61);
insert into players (id, name, goals) values (402, 'Debor Coil', 95);
insert into players (id, name, goals) values (403, 'Wallas Posnett', 54);
insert into players (id, name, goals) values (404, 'Rinaldo Cyseley', 72);
insert into players (id, name, goals) values (405, 'Mozes Schmidt', 73);
insert into players (id, name, goals) values (406, 'Carmel Vennings', 34);
insert into players (id, name, goals) values (407, 'Ronica Capey', 54);
insert into players (id, name, goals) values (408, 'Eveleen Burgett', 7);
insert into players (id, name, goals) values (409, 'Gloriane McCunn', 97);
insert into players (id, name, goals) values (410, 'Freda Pollington', 86);
insert into players (id, name, goals) values (411, 'Petronia Hurler', 31);
insert into players (id, name, goals) values (412, 'Gregoire Cristofaro', 78);
insert into players (id, name, goals) values (413, 'Harman Oldknow', 85);
insert into players (id, name, goals) values (414, 'Delcine Zanelli', 61);
insert into players (id, name, goals) values (415, 'Sharleen Beetham', 3);
insert into players (id, name, goals) values (416, 'Ax Eydel', 55);
insert into players (id, name, goals) values (417, 'Jilly Perot', 40);
insert into players (id, name, goals) values (418, 'Verna Konmann', 7);
insert into players (id, name, goals) values (419, 'Arleyne Teffrey', 18);
insert into players (id, name, goals) values (420, 'Darby Antoniazzi', 72);
insert into players (id, name, goals) values (421, 'Shelby Woolerton', 91);
insert into players (id, name, goals) values (422, 'Stephan Burton', 37);
insert into players (id, name, goals) values (423, 'Jo-anne Bullon', 100);
insert into players (id, name, goals) values (424, 'Adore Guislin', 85);
insert into players (id, name, goals) values (425, 'Tarra Feighry', 80);
insert into players (id, name, goals) values (426, 'Cordelia Charge', 7);
insert into players (id, name, goals) values (427, 'Konstanze Nutman', 19);
insert into players (id, name, goals) values (428, 'Emlynne Hindrich', 80);
insert into players (id, name, goals) values (429, 'Aveline Drewery', 76);
insert into players (id, name, goals) values (430, 'Idell Grob', 6);
insert into players (id, name, goals) values (431, 'Emlen Bonniface', 56);
insert into players (id, name, goals) values (432, 'Nola Apps', 81);
insert into players (id, name, goals) values (433, 'Wit Greenard', 1);
insert into players (id, name, goals) values (434, 'Lainey Bond', 77);
insert into players (id, name, goals) values (435, 'Kore Murdoch', 17);
insert into players (id, name, goals) values (436, 'Mattias Tesh', 17);
insert into players (id, name, goals) values (437, 'Caryl Boxe', 90);
insert into players (id, name, goals) values (438, 'Ruthie Paulitschke', 40);
insert into players (id, name, goals) values (439, 'Concettina Woolhouse', 4);
insert into players (id, name, goals) values (440, 'Maryann Buche', 79);
insert into players (id, name, goals) values (441, 'Sibeal Maryan', 66);
insert into players (id, name, goals) values (442, 'Wait Tift', 51);
insert into players (id, name, goals) values (443, 'Rossie Aslott', 32);
insert into players (id, name, goals) values (444, 'Linell Lundie', 52);
insert into players (id, name, goals) values (445, 'Dione Cleere', 70);
insert into players (id, name, goals) values (446, 'Del Dionisetto', 67);
insert into players (id, name, goals) values (447, 'Giselle Mawditt', 84);
insert into players (id, name, goals) values (448, 'Iosep Keeltagh', 43);
insert into players (id, name, goals) values (449, 'Maddi McGarel', 26);
insert into players (id, name, goals) values (450, 'Ariela Spinke', 70);
insert into players (id, name, goals) values (451, 'Dora Rheam', 5);
insert into players (id, name, goals) values (452, 'Ninnette Berkely', 50);
insert into players (id, name, goals) values (453, 'Birdie Macveigh', 49);
insert into players (id, name, goals) values (454, 'Hanson Padkin', 27);
insert into players (id, name, goals) values (455, 'Aviva Andrysek', 65);
insert into players (id, name, goals) values (456, 'Rowen Nower', 24);
insert into players (id, name, goals) values (457, 'Thurston Marlin', 16);
insert into players (id, name, goals) values (458, 'Juieta Van Brug', 35);
insert into players (id, name, goals) values (459, 'Giralda Dinning', 89);
insert into players (id, name, goals) values (460, 'Dniren Fellows', 85);
insert into players (id, name, goals) values (461, 'Aridatha Linck', 30);
insert into players (id, name, goals) values (462, 'Daniela Bumpus', 61);
insert into players (id, name, goals) values (463, 'Cly Connock', 42);
insert into players (id, name, goals) values (464, 'Edmund Vamplers', 42);
insert into players (id, name, goals) values (465, 'Robbie Mableson', 59);
insert into players (id, name, goals) values (466, 'Garold Pacheco', 25);
insert into players (id, name, goals) values (467, 'Morena Carlett', 25);
insert into players (id, name, goals) values (468, 'Laetitia Kahler', 14);
insert into players (id, name, goals) values (469, 'Maurita Gettins', 37);
insert into players (id, name, goals) values (470, 'Amity Salan', 62);
insert into players (id, name, goals) values (471, 'Arda Rubartelli', 44);
insert into players (id, name, goals) values (472, 'Sherman MacCombe', 61);
insert into players (id, name, goals) values (473, 'Eduino McKeefry', 20);
insert into players (id, name, goals) values (474, 'Inesita Riddiford', 1);
insert into players (id, name, goals) values (475, 'Vale Depper', 76);
insert into players (id, name, goals) values (476, 'Vivyan Pecey', 4);
insert into players (id, name, goals) values (477, 'Morgan Allawy', 16);
insert into players (id, name, goals) values (478, 'Jilli Soames', 94);
insert into players (id, name, goals) values (479, 'Korella Tattam', 46);
insert into players (id, name, goals) values (480, 'Sonny Trayton', 61);
insert into players (id, name, goals) values (481, 'Lita Bortoloni', 53);
insert into players (id, name, goals) values (482, 'Enrico Wasmer', 79);
insert into players (id, name, goals) values (483, 'Glendon Luckhurst', 23);
insert into players (id, name, goals) values (484, 'Marja Tilney', 2);
insert into players (id, name, goals) values (485, 'Jillayne Dunkerly', 83);
insert into players (id, name, goals) values (486, 'Dannel Simchenko', 88);
insert into players (id, name, goals) values (487, 'Maisey Hanfrey', 23);
insert into players (id, name, goals) values (488, 'Penelope Cockrell', 56);
insert into players (id, name, goals) values (489, 'Claudelle Wakeley', 45);
insert into players (id, name, goals) values (490, 'Paco Lambourne', 34);
insert into players (id, name, goals) values (491, 'Jacynth Kent', 6);
insert into players (id, name, goals) values (492, 'Zollie Driuzzi', 22);
insert into players (id, name, goals) values (493, 'Conn Zannolli', 56);
insert into players (id, name, goals) values (494, 'Cooper Gerok', 57);
insert into players (id, name, goals) values (495, 'Gal Lowres', 68);
insert into players (id, name, goals) values (496, 'Bettine Gammons', 95);
insert into players (id, name, goals) values (497, 'Wilmar Ginglell', 4);
insert into players (id, name, goals) values (498, 'Philly Sandwith', 51);
insert into players (id, name, goals) values (499, 'Ugo Ivanyushin', 54);
insert into players (id, name, goals) values (500, 'Willette Propper', 53);
insert into players (id, name, goals) values (501, 'Gerhard Lidden', 24);
insert into players (id, name, goals) values (502, 'Vera Stowte', 2);
insert into players (id, name, goals) values (503, 'Betta Banaszkiewicz', 9);
insert into players (id, name, goals) values (504, 'Arlene Nanelli', 52);
insert into players (id, name, goals) values (505, 'Melania Anning', 4);
insert into players (id, name, goals) values (506, 'Ursala Impleton', 79);
insert into players (id, name, goals) values (507, 'Lynette Burchnall', 39);
insert into players (id, name, goals) values (508, 'Joachim Vittle', 4);
insert into players (id, name, goals) values (509, 'Morgen Rydeard', 100);
insert into players (id, name, goals) values (510, 'Emmy Barnwell', 2);
insert into players (id, name, goals) values (511, 'Zackariah Kirstein', 20);
insert into players (id, name, goals) values (512, 'Shanna Sonschein', 4);
insert into players (id, name, goals) values (513, 'Giraldo Shurlock', 57);
insert into players (id, name, goals) values (514, 'Verne Littrik', 89);
insert into players (id, name, goals) values (515, 'Chick Farryann', 83);
insert into players (id, name, goals) values (516, 'Prentiss Yaknov', 9);
insert into players (id, name, goals) values (517, 'Erinn Scarff', 52);
insert into players (id, name, goals) values (518, 'Mason Wynett', 59);
insert into players (id, name, goals) values (519, 'Case Aldersea', 61);
insert into players (id, name, goals) values (520, 'Ranee Nendick', 2);
insert into players (id, name, goals) values (521, 'Kathlin Naire', 49);
insert into players (id, name, goals) values (522, 'Alysia Whal', 74);
insert into players (id, name, goals) values (523, 'Bogey Costelloe', 61);
insert into players (id, name, goals) values (524, 'Timmie Motten', 33);
insert into players (id, name, goals) values (525, 'Darell Kibby', 77);
insert into players (id, name, goals) values (526, 'Phineas Shoemark', 22);
insert into players (id, name, goals) values (527, 'Burk Habishaw', 55);
insert into players (id, name, goals) values (528, 'Hephzibah Kibbel', 46);
insert into players (id, name, goals) values (529, 'Anna-diane Donan', 91);
insert into players (id, name, goals) values (530, 'Marjorie Stanion', 24);
insert into players (id, name, goals) values (531, 'Dannel Stollard', 91);
insert into players (id, name, goals) values (532, 'Gwenore Pridmore', 48);
insert into players (id, name, goals) values (533, 'Pattin Davenall', 47);
insert into players (id, name, goals) values (534, 'Olivier Denziloe', 63);
insert into players (id, name, goals) values (535, 'Kimmie Reekie', 58);
insert into players (id, name, goals) values (536, 'Willie Crowden', 40);
insert into players (id, name, goals) values (537, 'Ernesta Auty', 44);
insert into players (id, name, goals) values (538, 'Gretal Mainz', 30);
insert into players (id, name, goals) values (539, 'Maddy Allanson', 39);
insert into players (id, name, goals) values (540, 'Ellsworth Blues', 50);
insert into players (id, name, goals) values (541, 'Bob Garry', 100);
insert into players (id, name, goals) values (542, 'Dino Mapis', 11);
insert into players (id, name, goals) values (543, 'Cathee Jeacop', 40);
insert into players (id, name, goals) values (544, 'Bibi Gazey', 18);
insert into players (id, name, goals) values (545, 'Melli Stenson', 24);
insert into players (id, name, goals) values (546, 'Rees Batalle', 66);
insert into players (id, name, goals) values (547, 'Alon Guymer', 40);
insert into players (id, name, goals) values (548, 'Blanche Keilty', 50);
insert into players (id, name, goals) values (549, 'Gerta Ragles', 96);
insert into players (id, name, goals) values (550, 'Lonnard De''Vere - Hunt', 73);
insert into players (id, name, goals) values (551, 'Darrelle Ballay', 28);
insert into players (id, name, goals) values (552, 'Ari MacTrusty', 10);
insert into players (id, name, goals) values (553, 'Finn Steagall', 32);
insert into players (id, name, goals) values (554, 'Rodge McKinie', 16);
insert into players (id, name, goals) values (555, 'Honoria Norewood', 91);
insert into players (id, name, goals) values (556, 'Nick Beaves', 67);
insert into players (id, name, goals) values (557, 'Berna Klimkovich', 27);
insert into players (id, name, goals) values (558, 'Gawen Celle', 43);
insert into players (id, name, goals) values (559, 'Kym Luebbert', 13);
insert into players (id, name, goals) values (560, 'Zonnya Rigard', 98);
insert into players (id, name, goals) values (561, 'Nerte Whitewood', 76);
insert into players (id, name, goals) values (562, 'Tyler Montfort', 40);
insert into players (id, name, goals) values (563, 'Netti Ure', 85);
insert into players (id, name, goals) values (564, 'Mallory Gever', 27);
insert into players (id, name, goals) values (565, 'Vite Tavinor', 18);
insert into players (id, name, goals) values (566, 'Jaquenette Horstead', 17);
insert into players (id, name, goals) values (567, 'Raquela Riccardo', 75);
insert into players (id, name, goals) values (568, 'Siobhan Basini-Gazzi', 54);
insert into players (id, name, goals) values (569, 'Jerrie Goulthorp', 16);
insert into players (id, name, goals) values (570, 'Bertie Sidsaff', 24);
insert into players (id, name, goals) values (571, 'Piotr Berk', 26);
insert into players (id, name, goals) values (572, 'Reinhold Emson', 45);
insert into players (id, name, goals) values (573, 'Enrika Wagg', 24);
insert into players (id, name, goals) values (574, 'Avigdor Wattins', 21);
insert into players (id, name, goals) values (575, 'Haley Andersen', 62);
insert into players (id, name, goals) values (576, 'Amabel Mance', 88);
insert into players (id, name, goals) values (577, 'Suzette Hinken', 42);
insert into players (id, name, goals) values (578, 'Golda Rembrant', 86);
insert into players (id, name, goals) values (579, 'Jacquette Keems', 27);
insert into players (id, name, goals) values (580, 'Trueman McCowen', 35);
insert into players (id, name, goals) values (581, 'Mair Lamprey', 9);
insert into players (id, name, goals) values (582, 'Jocelin Igglesden', 5);
insert into players (id, name, goals) values (583, 'Dana Reames', 29);
insert into players (id, name, goals) values (584, 'Roxanne Leheude', 33);
insert into players (id, name, goals) values (585, 'Kerstin Hazlegrove', 15);
insert into players (id, name, goals) values (586, 'Clair Blackledge', 51);
insert into players (id, name, goals) values (587, 'Leonora MacSorley', 80);
insert into players (id, name, goals) values (588, 'Brok Pennycuick', 58);
insert into players (id, name, goals) values (589, 'Garrett Chessman', 56);
insert into players (id, name, goals) values (590, 'Nissy Thurner', 44);
insert into players (id, name, goals) values (591, 'Brad Lampet', 3);
insert into players (id, name, goals) values (592, 'Reeta Priestland', 77);
insert into players (id, name, goals) values (593, 'Sander Drummond', 9);
insert into players (id, name, goals) values (594, 'Andres MacNeilage', 59);
insert into players (id, name, goals) values (595, 'Ludovika Gilbride', 81);
insert into players (id, name, goals) values (596, 'Merrielle Bloodworthe', 2);
insert into players (id, name, goals) values (597, 'Julie Unwin', 34);
insert into players (id, name, goals) values (598, 'Amanda Espine', 77);
insert into players (id, name, goals) values (599, 'Scarface Cross', 22);
insert into players (id, name, goals) values (600, 'Suzi Bartoloma', 81);
insert into players (id, name, goals) values (601, 'Ricki Skaife', 28);
insert into players (id, name, goals) values (602, 'Annabel Skelly', 69);
insert into players (id, name, goals) values (603, 'Bev Luckhurst', 96);
insert into players (id, name, goals) values (604, 'Demetris Bubbear', 9);
insert into players (id, name, goals) values (605, 'Maurene Pride', 50);
insert into players (id, name, goals) values (606, 'Ethelda Whorf', 51);
insert into players (id, name, goals) values (607, 'Eveleen Fraine', 93);
insert into players (id, name, goals) values (608, 'Sylvester Burditt', 63);
insert into players (id, name, goals) values (609, 'Zita Pigeon', 11);
insert into players (id, name, goals) values (610, 'Maryl Petris', 69);
insert into players (id, name, goals) values (611, 'Anna-diana Finney', 89);
insert into players (id, name, goals) values (612, 'Corty Doughill', 73);
insert into players (id, name, goals) values (613, 'Fania Scullin', 97);
insert into players (id, name, goals) values (614, 'Joice Beames', 20);
insert into players (id, name, goals) values (615, 'Daniele Hodge', 67);
insert into players (id, name, goals) values (616, 'Alecia Ash', 92);
insert into players (id, name, goals) values (617, 'Margarette Giacomozzo', 91);
insert into players (id, name, goals) values (618, 'Kristian Bethel', 80);
insert into players (id, name, goals) values (619, 'Carlene Meffen', 71);
insert into players (id, name, goals) values (620, 'Valentin Makinson', 43);
insert into players (id, name, goals) values (621, 'Parke Ketteridge', 58);
insert into players (id, name, goals) values (622, 'Elmo Jedrzejewski', 62);
insert into players (id, name, goals) values (623, 'Dean Jeannot', 92);
insert into players (id, name, goals) values (624, 'Theadora MacKimmie', 77);
insert into players (id, name, goals) values (625, 'Claudette Vanyutin', 41);
insert into players (id, name, goals) values (626, 'Geoff Dracey', 93);
insert into players (id, name, goals) values (627, 'Brent Priditt', 38);
insert into players (id, name, goals) values (628, 'Anne-corinne Bygott', 88);
insert into players (id, name, goals) values (629, 'Anastasie Bourget', 92);
insert into players (id, name, goals) values (630, 'Lotti Motten', 53);
insert into players (id, name, goals) values (631, 'Stacee Mc Caughan', 57);
insert into players (id, name, goals) values (632, 'Antoni Digle', 32);
insert into players (id, name, goals) values (633, 'Dorelia Gricewood', 9);
insert into players (id, name, goals) values (634, 'Bethena Labdon', 4);
insert into players (id, name, goals) values (635, 'Lucio Stovell', 58);
insert into players (id, name, goals) values (636, 'Arin Saffill', 60);
insert into players (id, name, goals) values (637, 'Abbi Mosson', 33);
insert into players (id, name, goals) values (638, 'Ellissa Meake', 100);
insert into players (id, name, goals) values (639, 'Erminia Gurley', 21);
insert into players (id, name, goals) values (640, 'Lyman Duchateau', 81);
insert into players (id, name, goals) values (641, 'Kevon O''Shevlin', 65);
insert into players (id, name, goals) values (642, 'Mora Stockbridge', 88);
insert into players (id, name, goals) values (643, 'Blakelee Shyram', 68);
insert into players (id, name, goals) values (644, 'Gelya Kernley', 82);
insert into players (id, name, goals) values (645, 'Falkner Ryott', 46);
insert into players (id, name, goals) values (646, 'Ferdinande Ferreira', 99);
insert into players (id, name, goals) values (647, 'Madonna Holligan', 74);
insert into players (id, name, goals) values (648, 'Lucien Cousin', 36);
insert into players (id, name, goals) values (649, 'Hartley Tremblet', 69);
insert into players (id, name, goals) values (650, 'Crichton Binton', 63);
insert into players (id, name, goals) values (651, 'Dillie Chominski', 85);
insert into players (id, name, goals) values (652, 'Tripp Band', 55);
insert into players (id, name, goals) values (653, 'Darill Jenney', 79);
insert into players (id, name, goals) values (654, 'Natassia Chisman', 38);
insert into players (id, name, goals) values (655, 'Pat De Blasio', 6);
insert into players (id, name, goals) values (656, 'Romeo Elion', 1);
insert into players (id, name, goals) values (657, 'Jacklyn Bowden', 92);
insert into players (id, name, goals) values (658, 'Jeffy Karppi', 46);
insert into players (id, name, goals) values (659, 'Margarethe Wetherby', 1);
insert into players (id, name, goals) values (660, 'Claudianus Petit', 45);
insert into players (id, name, goals) values (661, 'Amabel Mathissen', 98);
insert into players (id, name, goals) values (662, 'Janos Walles', 55);
insert into players (id, name, goals) values (663, 'Shadow Likely', 75);
insert into players (id, name, goals) values (664, 'Blayne Scotson', 75);
insert into players (id, name, goals) values (665, 'Reyna Thyer', 56);
insert into players (id, name, goals) values (666, 'Zelig Swapp', 78);
insert into players (id, name, goals) values (667, 'Molli Treslove', 53);
insert into players (id, name, goals) values (668, 'Adda Seys', 88);
insert into players (id, name, goals) values (669, 'Tamra Weinmann', 50);
insert into players (id, name, goals) values (670, 'Cynthea Nawton', 75);
insert into players (id, name, goals) values (671, 'Reginald Newens', 91);
insert into players (id, name, goals) values (672, 'Ardelis Hitchens', 3);
insert into players (id, name, goals) values (673, 'Stanfield Rabson', 53);
insert into players (id, name, goals) values (674, 'Niles Mc Coughan', 48);
insert into players (id, name, goals) values (675, 'Carlyn Foulgham', 43);
insert into players (id, name, goals) values (676, 'Caritta MacKean', 65);
insert into players (id, name, goals) values (677, 'Karola Gudge', 12);
insert into players (id, name, goals) values (678, 'Jorey Zohrer', 42);
insert into players (id, name, goals) values (679, 'Lyssa Robinette', 98);
insert into players (id, name, goals) values (680, 'Jody Horsewood', 86);
insert into players (id, name, goals) values (681, 'Margarita Selland', 26);
insert into players (id, name, goals) values (682, 'Kailey Mully', 7);
insert into players (id, name, goals) values (683, 'Colin Benza', 18);
insert into players (id, name, goals) values (684, 'Janifer Azemar', 18);
insert into players (id, name, goals) values (685, 'Free Millership', 62);
insert into players (id, name, goals) values (686, 'Alvie Jane', 99);
insert into players (id, name, goals) values (687, 'Vin Duffet', 98);
insert into players (id, name, goals) values (688, 'Nester Attenbrough', 29);
insert into players (id, name, goals) values (689, 'Stacy Pozzo', 30);
insert into players (id, name, goals) values (690, 'Jeffry Dawdary', 3);
insert into players (id, name, goals) values (691, 'Elmer Shegog', 73);
insert into players (id, name, goals) values (692, 'Way Grayer', 13);
insert into players (id, name, goals) values (693, 'Peder Danilevich', 16);
insert into players (id, name, goals) values (694, 'Mathilde Housen', 2);
insert into players (id, name, goals) values (695, 'Celinka Hachette', 100);
insert into players (id, name, goals) values (696, 'Ernestus Di Carlo', 74);
insert into players (id, name, goals) values (697, 'Timoteo Innocenti', 92);
insert into players (id, name, goals) values (698, 'Jessa Coils', 84);
insert into players (id, name, goals) values (699, 'Audie Lownds', 38);
insert into players (id, name, goals) values (700, 'Ross Cuttles', 76);
insert into players (id, name, goals) values (701, 'Gaylor Matteucci', 54);
insert into players (id, name, goals) values (702, 'Robbert Quarrell', 1);
insert into players (id, name, goals) values (703, 'Luella Rule', 38);
insert into players (id, name, goals) values (704, 'Lil Shenton', 80);
insert into players (id, name, goals) values (705, 'Ettore Garbert', 73);
insert into players (id, name, goals) values (706, 'Rosaline Raymen', 54);
insert into players (id, name, goals) values (707, 'Willie Jobson', 99);
insert into players (id, name, goals) values (708, 'Sonnie Gerbl', 44);
insert into players (id, name, goals) values (709, 'Gaby McCombe', 39);
insert into players (id, name, goals) values (710, 'Marty Caw', 34);
insert into players (id, name, goals) values (711, 'Corliss Whatley', 94);
insert into players (id, name, goals) values (712, 'Emmy Crowcroft', 44);
insert into players (id, name, goals) values (713, 'Allistir Sallows', 14);
insert into players (id, name, goals) values (714, 'Cora Nowlan', 26);
insert into players (id, name, goals) values (715, 'Melisandra Fishleigh', 49);
insert into players (id, name, goals) values (716, 'Dana Outram', 65);
insert into players (id, name, goals) values (717, 'Felipa Borland', 92);
insert into players (id, name, goals) values (718, 'Gerianna McMarquis', 74);
insert into players (id, name, goals) values (719, 'Rori Trevaskis', 93);
insert into players (id, name, goals) values (720, 'Jules Flag', 60);
insert into players (id, name, goals) values (721, 'Ladonna Steade', 98);
insert into players (id, name, goals) values (722, 'Erasmus Soars', 67);
insert into players (id, name, goals) values (723, 'Kendall Vasnetsov', 21);
insert into players (id, name, goals) values (724, 'Lynett Pendlington', 45);
insert into players (id, name, goals) values (725, 'Alie Askin', 14);
insert into players (id, name, goals) values (726, 'Kristian Widdecombe', 22);
insert into players (id, name, goals) values (727, 'Nancee Crouse', 59);
insert into players (id, name, goals) values (728, 'Rudd Elgy', 82);
insert into players (id, name, goals) values (729, 'Augustina Popworth', 91);
insert into players (id, name, goals) values (730, 'Dasie Swiffen', 73);
insert into players (id, name, goals) values (731, 'Angil Piniur', 51);
insert into players (id, name, goals) values (732, 'Bron Paramor', 44);
insert into players (id, name, goals) values (733, 'Tanney Abramov', 32);
insert into players (id, name, goals) values (734, 'Jilleen Trippack', 17);
insert into players (id, name, goals) values (735, 'Rodina Emloch', 27);
insert into players (id, name, goals) values (736, 'Juli Eamer', 98);
insert into players (id, name, goals) values (737, 'Tiphany Utteridge', 50);
insert into players (id, name, goals) values (738, 'Willard Balling', 34);
insert into players (id, name, goals) values (739, 'Cazzie Burless', 88);
insert into players (id, name, goals) values (740, 'Gare Authers', 7);
insert into players (id, name, goals) values (741, 'Katuscha Zanicchelli', 39);
insert into players (id, name, goals) values (742, 'Clint Winders', 62);
insert into players (id, name, goals) values (743, 'Evangelina Tute', 30);
insert into players (id, name, goals) values (744, 'Selle Bricknell', 71);
insert into players (id, name, goals) values (745, 'Robinet Chantree', 56);
insert into players (id, name, goals) values (746, 'Gabrielle Aries', 33);
insert into players (id, name, goals) values (747, 'Marylee Winchcombe', 10);
insert into players (id, name, goals) values (748, 'Dania Bryce', 1);
insert into players (id, name, goals) values (749, 'Kassie Duckham', 84);
insert into players (id, name, goals) values (750, 'Leonora Piggford', 82);
insert into players (id, name, goals) values (751, 'Evita Matyushonok', 84);
insert into players (id, name, goals) values (752, 'Gloriane Bottle', 73);
insert into players (id, name, goals) values (753, 'Georgie Toretta', 45);
insert into players (id, name, goals) values (754, 'Sinclair Giff', 97);
insert into players (id, name, goals) values (755, 'Roderigo Van Niekerk', 76);
insert into players (id, name, goals) values (756, 'Godfry Amner', 85);
insert into players (id, name, goals) values (757, 'Benton Hambribe', 77);
insert into players (id, name, goals) values (758, 'Hazel Cousans', 87);
insert into players (id, name, goals) values (759, 'Myer Maase', 27);
insert into players (id, name, goals) values (760, 'Alisun Brundle', 9);
insert into players (id, name, goals) values (761, 'Von Cream', 84);
insert into players (id, name, goals) values (762, 'Chickie Clowney', 32);
insert into players (id, name, goals) values (763, 'Ansell Quaintance', 74);
insert into players (id, name, goals) values (764, 'Nonah Gotcliffe', 83);
insert into players (id, name, goals) values (765, 'Grete Stook', 31);
insert into players (id, name, goals) values (766, 'Julissa Toffolini', 83);
insert into players (id, name, goals) values (767, 'Delmore Klishin', 15);
insert into players (id, name, goals) values (768, 'Almire Pilling', 52);
insert into players (id, name, goals) values (769, 'Ofelia Rochford', 8);
insert into players (id, name, goals) values (770, 'Aidan Parmley', 80);
insert into players (id, name, goals) values (771, 'Kassia Greenhough', 27);
insert into players (id, name, goals) values (772, 'Marlane Spores', 13);
insert into players (id, name, goals) values (773, 'Parsifal Le Surf', 65);
insert into players (id, name, goals) values (774, 'Howard Cottell', 51);
insert into players (id, name, goals) values (775, 'Gloriane D''Alessandro', 12);
insert into players (id, name, goals) values (776, 'Jolynn Gare', 59);
insert into players (id, name, goals) values (777, 'Jessie Capstaff', 98);
insert into players (id, name, goals) values (778, 'Dunstan Bick', 51);
insert into players (id, name, goals) values (779, 'Timothy Armes', 97);
insert into players (id, name, goals) values (780, 'Cesya Giacomo', 83);
insert into players (id, name, goals) values (781, 'Sybyl Breed', 80);
insert into players (id, name, goals) values (782, 'Laurie Broadbere', 17);
insert into players (id, name, goals) values (783, 'Perle Gioan', 36);
insert into players (id, name, goals) values (784, 'Cecil Kock', 91);
insert into players (id, name, goals) values (785, 'Kristos Mulleary', 5);
insert into players (id, name, goals) values (786, 'Cleopatra Layburn', 67);
insert into players (id, name, goals) values (787, 'Helli Clacson', 77);
insert into players (id, name, goals) values (788, 'Seamus Lansdown', 7);
insert into players (id, name, goals) values (789, 'Bengt Schroder', 66);
insert into players (id, name, goals) values (790, 'Allsun Merkel', 97);
insert into players (id, name, goals) values (791, 'Richard McGrowther', 79);
insert into players (id, name, goals) values (792, 'Maurene Steaning', 63);
insert into players (id, name, goals) values (793, 'Margit Prior', 19);
insert into players (id, name, goals) values (794, 'Shara Russe', 69);
insert into players (id, name, goals) values (795, 'Ileane Sentance', 34);
insert into players (id, name, goals) values (796, 'Ganny Leggott', 65);
insert into players (id, name, goals) values (797, 'Sena Copper', 4);
insert into players (id, name, goals) values (798, 'Waylon Busse', 22);
insert into players (id, name, goals) values (799, 'Maggie Stive', 59);
insert into players (id, name, goals) values (800, 'Merle Putley', 78);
insert into players (id, name, goals) values (801, 'Thomasa Zottoli', 98);
insert into players (id, name, goals) values (802, 'Alys Janouch', 72);
insert into players (id, name, goals) values (803, 'Roseanne Cornelius', 77);
insert into players (id, name, goals) values (804, 'Zola Danbury', 89);
insert into players (id, name, goals) values (805, 'Amabel Heckner', 100);
insert into players (id, name, goals) values (806, 'Taylor Pordall', 33);
insert into players (id, name, goals) values (807, 'Maible Raynham', 27);
insert into players (id, name, goals) values (808, 'Calhoun Janway', 16);
insert into players (id, name, goals) values (809, 'Merry Headingham', 27);
insert into players (id, name, goals) values (810, 'Mata Tregaskis', 34);
insert into players (id, name, goals) values (811, 'Mair O''Cannovane', 97);
insert into players (id, name, goals) values (812, 'Genevieve Clibbery', 26);
insert into players (id, name, goals) values (813, 'Uriah Daft', 77);
insert into players (id, name, goals) values (814, 'Genny Cromley', 2);
insert into players (id, name, goals) values (815, 'Shepperd Metts', 100);
insert into players (id, name, goals) values (816, 'Leanora Westmoreland', 31);
insert into players (id, name, goals) values (817, 'Atlante Carlsen', 85);
insert into players (id, name, goals) values (818, 'Sheeree Rousell', 26);
insert into players (id, name, goals) values (819, 'Thomas Gauld', 48);
insert into players (id, name, goals) values (820, 'Archer Kersley', 98);
insert into players (id, name, goals) values (821, 'Korey Lyster', 63);
insert into players (id, name, goals) values (822, 'Lona Logsdale', 53);
insert into players (id, name, goals) values (823, 'Rock Bowker', 63);
insert into players (id, name, goals) values (824, 'Aksel Dobbin', 16);
insert into players (id, name, goals) values (825, 'Madel Ference', 73);
insert into players (id, name, goals) values (826, 'Layla Peracco', 36);
insert into players (id, name, goals) values (827, 'Rinaldo Oldknow', 49);
insert into players (id, name, goals) values (828, 'Shawnee Hellis', 67);
insert into players (id, name, goals) values (829, 'Orson Curzey', 97);
insert into players (id, name, goals) values (830, 'Harrietta Durgan', 86);
insert into players (id, name, goals) values (831, 'Melessa Mayfield', 51);
insert into players (id, name, goals) values (832, 'Fonzie McComiskey', 45);
insert into players (id, name, goals) values (833, 'Deane Dungay', 92);
insert into players (id, name, goals) values (834, 'Kathlin Wiggin', 68);
insert into players (id, name, goals) values (835, 'Salli Wallbutton', 95);
insert into players (id, name, goals) values (836, 'Kale Ennew', 93);
insert into players (id, name, goals) values (837, 'Ewan Grey', 62);
insert into players (id, name, goals) values (838, 'Lindsey Gaymar', 5);
insert into players (id, name, goals) values (839, 'Catherine McAirt', 98);
insert into players (id, name, goals) values (840, 'Lynde Deniset', 99);
insert into players (id, name, goals) values (841, 'Beatriz Aiers', 78);
insert into players (id, name, goals) values (842, 'Isabelita Doyle', 8);
insert into players (id, name, goals) values (843, 'Tito Ricciardelli', 77);
insert into players (id, name, goals) values (844, 'Teena Pesterfield', 73);
insert into players (id, name, goals) values (845, 'Stern Nuzzetti', 92);
insert into players (id, name, goals) values (846, 'Abramo Yeeles', 95);
insert into players (id, name, goals) values (847, 'Cassandry McClean', 36);
insert into players (id, name, goals) values (848, 'Meriel Deval', 12);
insert into players (id, name, goals) values (849, 'Callie Cullinane', 69);
insert into players (id, name, goals) values (850, 'Norby Stokoe', 57);
insert into players (id, name, goals) values (851, 'Cory Beneze', 3);
insert into players (id, name, goals) values (852, 'Gaspard Matchitt', 82);
insert into players (id, name, goals) values (853, 'Francisca Murthwaite', 87);
insert into players (id, name, goals) values (854, 'Clemente Antonignetti', 42);
insert into players (id, name, goals) values (855, 'Arline Tuther', 37);
insert into players (id, name, goals) values (856, 'Aveline Feldbrin', 98);
insert into players (id, name, goals) values (857, 'Bernadette Radke', 90);
insert into players (id, name, goals) values (858, 'Jodee Galgey', 23);
insert into players (id, name, goals) values (859, 'Bryanty Blonden', 82);
insert into players (id, name, goals) values (860, 'Jacquetta Jakubowicz', 88);
insert into players (id, name, goals) values (861, 'Ailey Glencros', 10);
insert into players (id, name, goals) values (862, 'Gannie Workman', 49);
insert into players (id, name, goals) values (863, 'Isabelle Tribe', 72);
insert into players (id, name, goals) values (864, 'Nerty Chittem', 9);
insert into players (id, name, goals) values (865, 'Alexandros Sallowaye', 57);
insert into players (id, name, goals) values (866, 'Leonerd Austwick', 51);
insert into players (id, name, goals) values (867, 'Rutherford Bridgeland', 79);
insert into players (id, name, goals) values (868, 'Jordan Bettanay', 74);
insert into players (id, name, goals) values (869, 'Orly Wooffitt', 4);
insert into players (id, name, goals) values (870, 'Evonne Fairhead', 56);
insert into players (id, name, goals) values (871, 'Jacquelynn Crimes', 42);
insert into players (id, name, goals) values (872, 'Adler Haseman', 23);
insert into players (id, name, goals) values (873, 'Dianna Tine', 46);
insert into players (id, name, goals) values (874, 'Silvain Abercromby', 6);
insert into players (id, name, goals) values (875, 'Myrtice Bedburrow', 51);
insert into players (id, name, goals) values (876, 'Valerie Rhymes', 42);
insert into players (id, name, goals) values (877, 'Marie-ann Woofenden', 57);
insert into players (id, name, goals) values (878, 'Sosanna Sara', 87);
insert into players (id, name, goals) values (879, 'Daren Symonds', 7);
insert into players (id, name, goals) values (880, 'Kerry Golsby', 13);
insert into players (id, name, goals) values (881, 'Sherlocke Boken', 78);
insert into players (id, name, goals) values (882, 'Estrellita Rachuig', 40);
insert into players (id, name, goals) values (883, 'Phil Albarez', 98);
insert into players (id, name, goals) values (884, 'Nickola Milnthorpe', 88);
insert into players (id, name, goals) values (885, 'Eddy Shrimpton', 15);
insert into players (id, name, goals) values (886, 'Constance Greenhaugh', 74);
insert into players (id, name, goals) values (887, 'Terence Scraggs', 54);
insert into players (id, name, goals) values (888, 'Korey McCrillis', 84);
insert into players (id, name, goals) values (889, 'Egon Petzolt', 99);
insert into players (id, name, goals) values (890, 'Rachael Knight', 10);
insert into players (id, name, goals) values (891, 'Roderich Lodin', 43);
insert into players (id, name, goals) values (892, 'Shamus Romagnosi', 35);
insert into players (id, name, goals) values (893, 'Peria Piatti', 21);
insert into players (id, name, goals) values (894, 'Rani McNiff', 29);
insert into players (id, name, goals) values (895, 'Janela Kiff', 71);
insert into players (id, name, goals) values (896, 'Conchita Brougham', 100);
insert into players (id, name, goals) values (897, 'Jeramie Ivashnyov', 4);
insert into players (id, name, goals) values (898, 'Jerrine Wroath', 24);
insert into players (id, name, goals) values (899, 'Aridatha Poulston', 50);
insert into players (id, name, goals) values (900, 'Lavina Mealiffe', 57);
insert into players (id, name, goals) values (901, 'Glenn Burroughes', 88);
insert into players (id, name, goals) values (902, 'Lucretia Dedman', 16);
insert into players (id, name, goals) values (903, 'Lucie Davidson', 84);
insert into players (id, name, goals) values (904, 'Eran Shaw', 62);
insert into players (id, name, goals) values (905, 'Horten Draude', 50);
insert into players (id, name, goals) values (906, 'Riobard Spriggin', 39);
insert into players (id, name, goals) values (907, 'Aubert Phippin', 90);
insert into players (id, name, goals) values (908, 'Mychal Dundon', 2);
insert into players (id, name, goals) values (909, 'Henryetta Cunnah', 89);
insert into players (id, name, goals) values (910, 'Maible Jeacock', 44);
insert into players (id, name, goals) values (911, 'Uta MacIntosh', 29);
insert into players (id, name, goals) values (912, 'Hedvige Ruckledge', 51);
insert into players (id, name, goals) values (913, 'Trisha Swatton', 86);
insert into players (id, name, goals) values (914, 'Manda Chellam', 15);
insert into players (id, name, goals) values (915, 'Colleen Billiard', 10);
insert into players (id, name, goals) values (916, 'Jimmie Nunnerley', 55);
insert into players (id, name, goals) values (917, 'Giordano Beirne', 51);
insert into players (id, name, goals) values (918, 'Lacie Sumption', 100);
insert into players (id, name, goals) values (919, 'Hyacinth Meins', 90);
insert into players (id, name, goals) values (920, 'Valentine Rowena', 41);
insert into players (id, name, goals) values (921, 'Danyette Perel', 84);
insert into players (id, name, goals) values (922, 'Dorene Kenninghan', 57);
insert into players (id, name, goals) values (923, 'Janek Speare', 38);
insert into players (id, name, goals) values (924, 'Kristofor Egerton', 84);
insert into players (id, name, goals) values (925, 'Lidia Childes', 85);
insert into players (id, name, goals) values (926, 'Arel Waddams', 9);
insert into players (id, name, goals) values (927, 'Idette Tolchar', 71);
insert into players (id, name, goals) values (928, 'Alyson Polle', 22);
insert into players (id, name, goals) values (929, 'Shelden Shouler', 7);
insert into players (id, name, goals) values (930, 'Markus Mulloch', 55);
insert into players (id, name, goals) values (931, 'Tabbi Kryszkiecicz', 73);
insert into players (id, name, goals) values (932, 'Electra Collelton', 38);
insert into players (id, name, goals) values (933, 'Kit Ghost', 24);
insert into players (id, name, goals) values (934, 'Cherise Jessel', 8);
insert into players (id, name, goals) values (935, 'Ragnar Antos', 9);
insert into players (id, name, goals) values (936, 'Dominica Jakov', 61);
insert into players (id, name, goals) values (937, 'Nadean Mosdill', 35);
insert into players (id, name, goals) values (938, 'Dorolice Southerell', 65);
insert into players (id, name, goals) values (939, 'Sofie Demageard', 31);
insert into players (id, name, goals) values (940, 'Davine Moulster', 75);
insert into players (id, name, goals) values (941, 'Nikola O''Keefe', 66);
insert into players (id, name, goals) values (942, 'Tresa Willis', 76);
insert into players (id, name, goals) values (943, 'Otto Slight', 48);
insert into players (id, name, goals) values (944, 'Edita Pattillo', 72);
insert into players (id, name, goals) values (945, 'Mill Garretts', 76);
insert into players (id, name, goals) values (946, 'Minerva Garcia', 77);
insert into players (id, name, goals) values (947, 'Erhard Tollett', 85);
insert into players (id, name, goals) values (948, 'Yorker Van Oort', 65);
insert into players (id, name, goals) values (949, 'Alissa Cattrell', 18);
insert into players (id, name, goals) values (950, 'Inesita Gozard', 72);
insert into players (id, name, goals) values (951, 'Ade Skippen', 69);
insert into players (id, name, goals) values (952, 'Elie Moorton', 67);
insert into players (id, name, goals) values (953, 'Walton Grave', 94);
insert into players (id, name, goals) values (954, 'Adolpho Niles', 21);
insert into players (id, name, goals) values (955, 'Brodie Straniero', 69);
insert into players (id, name, goals) values (956, 'Percy Maryon', 38);
insert into players (id, name, goals) values (957, 'Kyle Novelli', 42);
insert into players (id, name, goals) values (958, 'Clim Casado', 83);
insert into players (id, name, goals) values (959, 'Dacia Thyer', 7);
insert into players (id, name, goals) values (960, 'Carole Bardnam', 47);
insert into players (id, name, goals) values (961, 'Karel Delion', 83);
insert into players (id, name, goals) values (962, 'Ann Ivanonko', 57);
insert into players (id, name, goals) values (963, 'Winifred Ord', 71);
insert into players (id, name, goals) values (964, 'Garik de la Valette Parisot', 75);
insert into players (id, name, goals) values (965, 'Min De Ambrosis', 76);
insert into players (id, name, goals) values (966, 'Chancey Fandrey', 2);
insert into players (id, name, goals) values (967, 'Nathaniel Arnhold', 36);
insert into players (id, name, goals) values (968, 'Ketty Danher', 19);
insert into players (id, name, goals) values (969, 'Beryl Rumbelow', 44);
insert into players (id, name, goals) values (970, 'Kerry Ridgway', 6);
insert into players (id, name, goals) values (971, 'Allina Grunwald', 89);
insert into players (id, name, goals) values (972, 'Marjy Jirousek', 33);
insert into players (id, name, goals) values (973, 'Benn Holah', 56);
insert into players (id, name, goals) values (974, 'Ferrel Guiel', 56);
insert into players (id, name, goals) values (975, 'Mignon Killen', 73);
insert into players (id, name, goals) values (976, 'Leann Callway', 93);
insert into players (id, name, goals) values (977, 'Astrid Heardman', 26);
insert into players (id, name, goals) values (978, 'Brittaney Taffley', 100);
insert into players (id, name, goals) values (979, 'Rodi Croshaw', 3);
insert into players (id, name, goals) values (980, 'Dougy Spedding', 13);
insert into players (id, name, goals) values (981, 'Symon Duchart', 82);
insert into players (id, name, goals) values (982, 'Hermann Driussi', 88);
insert into players (id, name, goals) values (983, 'Biddy Gorsse', 25);
insert into players (id, name, goals) values (984, 'Falito Bernolet', 73);
insert into players (id, name, goals) values (985, 'Rolf Giacobazzi', 17);
insert into players (id, name, goals) values (986, 'Daniel Duckitt', 84);
insert into players (id, name, goals) values (987, 'Nahum Hastwell', 42);
insert into players (id, name, goals) values (988, 'Casar Lacase', 78);
insert into players (id, name, goals) values (989, 'Parnell Vost', 56);
insert into players (id, name, goals) values (990, 'Cyndi Morrall', 20);
insert into players (id, name, goals) values (991, 'Maximilian Anderson', 59);
insert into players (id, name, goals) values (992, 'Mahmoud Meneyer', 43);
insert into players (id, name, goals) values (993, 'Kendrick O''Currigan', 73);
insert into players (id, name, goals) values (994, 'Sax Reardon', 42);
insert into players (id, name, goals) values (995, 'Lavinie Shire', 12);
insert into players (id, name, goals) values (996, 'Edi Alvy', 97);
insert into players (id, name, goals) values (997, 'Myriam Rolfini', 98);
insert into players (id, name, goals) values (998, 'Shelly Sikorsky', 32);
insert into players (id, name, goals) values (999, 'Shep Casley', 86);
insert into players (id, name, goals) values (1000, 'Roz Sieve', 47);

insert into players_to_teams (id, playerId, teamId) values (1, 736, 715);
insert into players_to_teams (id, playerId, teamId) values (2, 772, 295);
insert into players_to_teams (id, playerId, teamId) values (3, 531, 166);
insert into players_to_teams (id, playerId, teamId) values (4, 50, 39);
insert into players_to_teams (id, playerId, teamId) values (5, 950, 699);
insert into players_to_teams (id, playerId, teamId) values (6, 299, 407);
insert into players_to_teams (id, playerId, teamId) values (7, 976, 520);
insert into players_to_teams (id, playerId, teamId) values (8, 168, 310);
insert into players_to_teams (id, playerId, teamId) values (9, 394, 570);
insert into players_to_teams (id, playerId, teamId) values (10, 855, 686);
insert into players_to_teams (id, playerId, teamId) values (11, 39, 594);
insert into players_to_teams (id, playerId, teamId) values (12, 53, 470);
insert into players_to_teams (id, playerId, teamId) values (13, 904, 559);
insert into players_to_teams (id, playerId, teamId) values (14, 534, 281);
insert into players_to_teams (id, playerId, teamId) values (15, 331, 18);
insert into players_to_teams (id, playerId, teamId) values (16, 456, 472);
insert into players_to_teams (id, playerId, teamId) values (17, 269, 646);
insert into players_to_teams (id, playerId, teamId) values (18, 626, 509);
insert into players_to_teams (id, playerId, teamId) values (19, 452, 27);
insert into players_to_teams (id, playerId, teamId) values (20, 357, 699);
insert into players_to_teams (id, playerId, teamId) values (21, 490, 292);
insert into players_to_teams (id, playerId, teamId) values (22, 319, 517);
insert into players_to_teams (id, playerId, teamId) values (23, 951, 728);
insert into players_to_teams (id, playerId, teamId) values (24, 836, 237);
insert into players_to_teams (id, playerId, teamId) values (25, 128, 778);
insert into players_to_teams (id, playerId, teamId) values (26, 302, 628);
insert into players_to_teams (id, playerId, teamId) values (27, 661, 550);
insert into players_to_teams (id, playerId, teamId) values (28, 514, 164);
insert into players_to_teams (id, playerId, teamId) values (29, 627, 321);
insert into players_to_teams (id, playerId, teamId) values (30, 412, 638);
insert into players_to_teams (id, playerId, teamId) values (31, 33, 379);
insert into players_to_teams (id, playerId, teamId) values (32, 771, 300);
insert into players_to_teams (id, playerId, teamId) values (33, 418, 362);
insert into players_to_teams (id, playerId, teamId) values (34, 373, 596);
insert into players_to_teams (id, playerId, teamId) values (35, 510, 91);
insert into players_to_teams (id, playerId, teamId) values (36, 775, 465);
insert into players_to_teams (id, playerId, teamId) values (37, 377, 563);
insert into players_to_teams (id, playerId, teamId) values (38, 404, 496);
insert into players_to_teams (id, playerId, teamId) values (39, 650, 309);
insert into players_to_teams (id, playerId, teamId) values (40, 299, 450);
insert into players_to_teams (id, playerId, teamId) values (41, 861, 319);
insert into players_to_teams (id, playerId, teamId) values (42, 389, 337);
insert into players_to_teams (id, playerId, teamId) values (43, 939, 216);
insert into players_to_teams (id, playerId, teamId) values (44, 713, 10);
insert into players_to_teams (id, playerId, teamId) values (45, 227, 97);
insert into players_to_teams (id, playerId, teamId) values (46, 904, 5);
insert into players_to_teams (id, playerId, teamId) values (47, 704, 316);
insert into players_to_teams (id, playerId, teamId) values (48, 525, 36);
insert into players_to_teams (id, playerId, teamId) values (49, 279, 633);
insert into players_to_teams (id, playerId, teamId) values (50, 781, 554);
insert into players_to_teams (id, playerId, teamId) values (51, 363, 527);
insert into players_to_teams (id, playerId, teamId) values (52, 90, 704);
insert into players_to_teams (id, playerId, teamId) values (53, 587, 488);
insert into players_to_teams (id, playerId, teamId) values (54, 315, 305);
insert into players_to_teams (id, playerId, teamId) values (55, 561, 772);
insert into players_to_teams (id, playerId, teamId) values (56, 500, 12);
insert into players_to_teams (id, playerId, teamId) values (57, 409, 253);
insert into players_to_teams (id, playerId, teamId) values (58, 30, 71);
insert into players_to_teams (id, playerId, teamId) values (59, 47, 295);
insert into players_to_teams (id, playerId, teamId) values (60, 581, 391);
insert into players_to_teams (id, playerId, teamId) values (61, 346, 718);
insert into players_to_teams (id, playerId, teamId) values (62, 997, 355);
insert into players_to_teams (id, playerId, teamId) values (63, 280, 379);
insert into players_to_teams (id, playerId, teamId) values (64, 991, 645);
insert into players_to_teams (id, playerId, teamId) values (65, 878, 481);
insert into players_to_teams (id, playerId, teamId) values (66, 181, 24);
insert into players_to_teams (id, playerId, teamId) values (67, 789, 506);
insert into players_to_teams (id, playerId, teamId) values (68, 793, 466);
insert into players_to_teams (id, playerId, teamId) values (69, 512, 454);
insert into players_to_teams (id, playerId, teamId) values (70, 904, 327);
insert into players_to_teams (id, playerId, teamId) values (71, 223, 387);
insert into players_to_teams (id, playerId, teamId) values (72, 216, 243);
insert into players_to_teams (id, playerId, teamId) values (73, 139, 362);
insert into players_to_teams (id, playerId, teamId) values (74, 222, 254);
insert into players_to_teams (id, playerId, teamId) values (75, 688, 57);
insert into players_to_teams (id, playerId, teamId) values (76, 586, 336);
insert into players_to_teams (id, playerId, teamId) values (77, 585, 724);
insert into players_to_teams (id, playerId, teamId) values (78, 150, 271);
insert into players_to_teams (id, playerId, teamId) values (79, 624, 678);
insert into players_to_teams (id, playerId, teamId) values (80, 596, 59);
insert into players_to_teams (id, playerId, teamId) values (81, 20, 427);
insert into players_to_teams (id, playerId, teamId) values (82, 721, 374);
insert into players_to_teams (id, playerId, teamId) values (83, 462, 390);
insert into players_to_teams (id, playerId, teamId) values (84, 254, 497);
insert into players_to_teams (id, playerId, teamId) values (85, 230, 402);
insert into players_to_teams (id, playerId, teamId) values (86, 388, 160);
insert into players_to_teams (id, playerId, teamId) values (87, 433, 725);
insert into players_to_teams (id, playerId, teamId) values (88, 918, 684);
insert into players_to_teams (id, playerId, teamId) values (89, 479, 152);
insert into players_to_teams (id, playerId, teamId) values (90, 456, 771);
insert into players_to_teams (id, playerId, teamId) values (91, 909, 424);
insert into players_to_teams (id, playerId, teamId) values (92, 723, 562);
insert into players_to_teams (id, playerId, teamId) values (93, 962, 92);
insert into players_to_teams (id, playerId, teamId) values (94, 724, 727);
insert into players_to_teams (id, playerId, teamId) values (95, 560, 350);
insert into players_to_teams (id, playerId, teamId) values (96, 59, 414);
insert into players_to_teams (id, playerId, teamId) values (97, 78, 326);
insert into players_to_teams (id, playerId, teamId) values (98, 473, 202);
insert into players_to_teams (id, playerId, teamId) values (99, 483, 240);
insert into players_to_teams (id, playerId, teamId) values (100, 730, 159);
insert into players_to_teams (id, playerId, teamId) values (101, 271, 110);
insert into players_to_teams (id, playerId, teamId) values (102, 983, 337);
insert into players_to_teams (id, playerId, teamId) values (103, 14, 718);
insert into players_to_teams (id, playerId, teamId) values (104, 80, 56);
insert into players_to_teams (id, playerId, teamId) values (105, 74, 249);
insert into players_to_teams (id, playerId, teamId) values (106, 549, 498);
insert into players_to_teams (id, playerId, teamId) values (107, 737, 319);
insert into players_to_teams (id, playerId, teamId) values (108, 244, 206);
insert into players_to_teams (id, playerId, teamId) values (109, 375, 529);
insert into players_to_teams (id, playerId, teamId) values (110, 113, 126);
insert into players_to_teams (id, playerId, teamId) values (111, 513, 435);
insert into players_to_teams (id, playerId, teamId) values (112, 552, 791);
insert into players_to_teams (id, playerId, teamId) values (113, 596, 731);
insert into players_to_teams (id, playerId, teamId) values (114, 239, 558);
insert into players_to_teams (id, playerId, teamId) values (115, 291, 332);
insert into players_to_teams (id, playerId, teamId) values (116, 910, 71);
insert into players_to_teams (id, playerId, teamId) values (117, 123, 322);
insert into players_to_teams (id, playerId, teamId) values (118, 436, 199);
insert into players_to_teams (id, playerId, teamId) values (119, 165, 634);
insert into players_to_teams (id, playerId, teamId) values (120, 522, 758);
insert into players_to_teams (id, playerId, teamId) values (121, 704, 56);
insert into players_to_teams (id, playerId, teamId) values (122, 85, 720);
insert into players_to_teams (id, playerId, teamId) values (123, 706, 667);
insert into players_to_teams (id, playerId, teamId) values (124, 913, 34);
insert into players_to_teams (id, playerId, teamId) values (125, 249, 604);
insert into players_to_teams (id, playerId, teamId) values (126, 446, 494);
insert into players_to_teams (id, playerId, teamId) values (127, 234, 185);
insert into players_to_teams (id, playerId, teamId) values (128, 55, 138);
insert into players_to_teams (id, playerId, teamId) values (129, 990, 288);
insert into players_to_teams (id, playerId, teamId) values (130, 875, 165);
insert into players_to_teams (id, playerId, teamId) values (131, 395, 521);
insert into players_to_teams (id, playerId, teamId) values (132, 569, 119);
insert into players_to_teams (id, playerId, teamId) values (133, 403, 583);
insert into players_to_teams (id, playerId, teamId) values (134, 994, 516);
insert into players_to_teams (id, playerId, teamId) values (135, 83, 123);
insert into players_to_teams (id, playerId, teamId) values (136, 471, 795);
insert into players_to_teams (id, playerId, teamId) values (137, 676, 387);
insert into players_to_teams (id, playerId, teamId) values (138, 514, 542);
insert into players_to_teams (id, playerId, teamId) values (139, 924, 419);
insert into players_to_teams (id, playerId, teamId) values (140, 737, 508);
insert into players_to_teams (id, playerId, teamId) values (141, 859, 569);
insert into players_to_teams (id, playerId, teamId) values (142, 996, 180);
insert into players_to_teams (id, playerId, teamId) values (143, 683, 9);
insert into players_to_teams (id, playerId, teamId) values (144, 330, 684);
insert into players_to_teams (id, playerId, teamId) values (145, 138, 1);
insert into players_to_teams (id, playerId, teamId) values (146, 950, 609);
insert into players_to_teams (id, playerId, teamId) values (147, 987, 385);
insert into players_to_teams (id, playerId, teamId) values (148, 411, 15);
insert into players_to_teams (id, playerId, teamId) values (149, 686, 586);
insert into players_to_teams (id, playerId, teamId) values (150, 115, 799);
insert into players_to_teams (id, playerId, teamId) values (151, 178, 612);
insert into players_to_teams (id, playerId, teamId) values (152, 560, 516);
insert into players_to_teams (id, playerId, teamId) values (153, 913, 515);
insert into players_to_teams (id, playerId, teamId) values (154, 163, 416);
insert into players_to_teams (id, playerId, teamId) values (155, 63, 662);
insert into players_to_teams (id, playerId, teamId) values (156, 322, 175);
insert into players_to_teams (id, playerId, teamId) values (157, 577, 462);
insert into players_to_teams (id, playerId, teamId) values (158, 17, 371);
insert into players_to_teams (id, playerId, teamId) values (159, 857, 786);
insert into players_to_teams (id, playerId, teamId) values (160, 647, 452);
insert into players_to_teams (id, playerId, teamId) values (161, 336, 357);
insert into players_to_teams (id, playerId, teamId) values (162, 476, 246);
insert into players_to_teams (id, playerId, teamId) values (163, 20, 125);
insert into players_to_teams (id, playerId, teamId) values (164, 826, 268);
insert into players_to_teams (id, playerId, teamId) values (165, 886, 255);
insert into players_to_teams (id, playerId, teamId) values (166, 926, 140);
insert into players_to_teams (id, playerId, teamId) values (167, 65, 775);
insert into players_to_teams (id, playerId, teamId) values (168, 836, 30);
insert into players_to_teams (id, playerId, teamId) values (169, 518, 364);
insert into players_to_teams (id, playerId, teamId) values (170, 467, 514);
insert into players_to_teams (id, playerId, teamId) values (171, 361, 765);
insert into players_to_teams (id, playerId, teamId) values (172, 97, 110);
insert into players_to_teams (id, playerId, teamId) values (173, 629, 542);
insert into players_to_teams (id, playerId, teamId) values (174, 552, 301);
insert into players_to_teams (id, playerId, teamId) values (175, 913, 288);
insert into players_to_teams (id, playerId, teamId) values (176, 631, 684);
insert into players_to_teams (id, playerId, teamId) values (177, 753, 89);
insert into players_to_teams (id, playerId, teamId) values (178, 592, 739);
insert into players_to_teams (id, playerId, teamId) values (179, 218, 785);
insert into players_to_teams (id, playerId, teamId) values (180, 521, 410);
insert into players_to_teams (id, playerId, teamId) values (181, 3, 481);
insert into players_to_teams (id, playerId, teamId) values (182, 446, 114);
insert into players_to_teams (id, playerId, teamId) values (183, 303, 511);
insert into players_to_teams (id, playerId, teamId) values (184, 151, 670);
insert into players_to_teams (id, playerId, teamId) values (185, 174, 737);
insert into players_to_teams (id, playerId, teamId) values (186, 332, 22);
insert into players_to_teams (id, playerId, teamId) values (187, 201, 393);
insert into players_to_teams (id, playerId, teamId) values (188, 609, 133);
insert into players_to_teams (id, playerId, teamId) values (189, 104, 330);
insert into players_to_teams (id, playerId, teamId) values (190, 169, 293);
insert into players_to_teams (id, playerId, teamId) values (191, 634, 281);
insert into players_to_teams (id, playerId, teamId) values (192, 294, 661);
insert into players_to_teams (id, playerId, teamId) values (193, 364, 654);
insert into players_to_teams (id, playerId, teamId) values (194, 736, 287);
insert into players_to_teams (id, playerId, teamId) values (195, 460, 717);
insert into players_to_teams (id, playerId, teamId) values (196, 134, 484);
insert into players_to_teams (id, playerId, teamId) values (197, 377, 139);
insert into players_to_teams (id, playerId, teamId) values (198, 280, 411);
insert into players_to_teams (id, playerId, teamId) values (199, 191, 267);
insert into players_to_teams (id, playerId, teamId) values (200, 364, 132);
insert into players_to_teams (id, playerId, teamId) values (201, 353, 327);
insert into players_to_teams (id, playerId, teamId) values (202, 999, 410);
insert into players_to_teams (id, playerId, teamId) values (203, 627, 644);
insert into players_to_teams (id, playerId, teamId) values (204, 608, 176);
insert into players_to_teams (id, playerId, teamId) values (205, 70, 200);
insert into players_to_teams (id, playerId, teamId) values (206, 617, 254);
insert into players_to_teams (id, playerId, teamId) values (207, 904, 585);
insert into players_to_teams (id, playerId, teamId) values (208, 253, 627);
insert into players_to_teams (id, playerId, teamId) values (209, 330, 135);
insert into players_to_teams (id, playerId, teamId) values (210, 740, 591);
insert into players_to_teams (id, playerId, teamId) values (211, 938, 616);
insert into players_to_teams (id, playerId, teamId) values (212, 498, 74);
insert into players_to_teams (id, playerId, teamId) values (213, 858, 716);
insert into players_to_teams (id, playerId, teamId) values (214, 358, 231);
insert into players_to_teams (id, playerId, teamId) values (215, 913, 706);
insert into players_to_teams (id, playerId, teamId) values (216, 241, 123);
insert into players_to_teams (id, playerId, teamId) values (217, 389, 358);
insert into players_to_teams (id, playerId, teamId) values (218, 871, 446);
insert into players_to_teams (id, playerId, teamId) values (219, 78, 718);
insert into players_to_teams (id, playerId, teamId) values (220, 68, 14);
insert into players_to_teams (id, playerId, teamId) values (221, 230, 484);
insert into players_to_teams (id, playerId, teamId) values (222, 695, 382);
insert into players_to_teams (id, playerId, teamId) values (223, 905, 533);
insert into players_to_teams (id, playerId, teamId) values (224, 508, 378);
insert into players_to_teams (id, playerId, teamId) values (225, 898, 37);
insert into players_to_teams (id, playerId, teamId) values (226, 291, 248);
insert into players_to_teams (id, playerId, teamId) values (227, 953, 50);
insert into players_to_teams (id, playerId, teamId) values (228, 344, 688);
insert into players_to_teams (id, playerId, teamId) values (229, 766, 472);
insert into players_to_teams (id, playerId, teamId) values (230, 846, 31);
insert into players_to_teams (id, playerId, teamId) values (231, 526, 87);
insert into players_to_teams (id, playerId, teamId) values (232, 360, 87);
insert into players_to_teams (id, playerId, teamId) values (233, 351, 510);
insert into players_to_teams (id, playerId, teamId) values (234, 170, 475);
insert into players_to_teams (id, playerId, teamId) values (235, 315, 584);
insert into players_to_teams (id, playerId, teamId) values (236, 77, 411);
insert into players_to_teams (id, playerId, teamId) values (237, 151, 674);
insert into players_to_teams (id, playerId, teamId) values (238, 494, 648);
insert into players_to_teams (id, playerId, teamId) values (239, 400, 620);
insert into players_to_teams (id, playerId, teamId) values (240, 159, 412);
insert into players_to_teams (id, playerId, teamId) values (241, 443, 586);
insert into players_to_teams (id, playerId, teamId) values (242, 391, 479);
insert into players_to_teams (id, playerId, teamId) values (243, 984, 566);
insert into players_to_teams (id, playerId, teamId) values (244, 295, 289);
insert into players_to_teams (id, playerId, teamId) values (245, 612, 385);
insert into players_to_teams (id, playerId, teamId) values (246, 506, 373);
insert into players_to_teams (id, playerId, teamId) values (247, 213, 514);
insert into players_to_teams (id, playerId, teamId) values (248, 274, 461);
insert into players_to_teams (id, playerId, teamId) values (249, 107, 561);
insert into players_to_teams (id, playerId, teamId) values (250, 86, 751);
insert into players_to_teams (id, playerId, teamId) values (251, 699, 455);
insert into players_to_teams (id, playerId, teamId) values (252, 994, 15);
insert into players_to_teams (id, playerId, teamId) values (253, 529, 235);
insert into players_to_teams (id, playerId, teamId) values (254, 611, 624);
insert into players_to_teams (id, playerId, teamId) values (255, 407, 111);
insert into players_to_teams (id, playerId, teamId) values (256, 2, 781);
insert into players_to_teams (id, playerId, teamId) values (257, 218, 177);
insert into players_to_teams (id, playerId, teamId) values (258, 519, 47);
insert into players_to_teams (id, playerId, teamId) values (259, 633, 535);
insert into players_to_teams (id, playerId, teamId) values (260, 644, 198);
insert into players_to_teams (id, playerId, teamId) values (261, 846, 40);
insert into players_to_teams (id, playerId, teamId) values (262, 478, 296);
insert into players_to_teams (id, playerId, teamId) values (263, 638, 775);
insert into players_to_teams (id, playerId, teamId) values (264, 588, 533);
insert into players_to_teams (id, playerId, teamId) values (265, 596, 601);
insert into players_to_teams (id, playerId, teamId) values (266, 755, 690);
insert into players_to_teams (id, playerId, teamId) values (267, 534, 391);
insert into players_to_teams (id, playerId, teamId) values (268, 441, 541);
insert into players_to_teams (id, playerId, teamId) values (269, 503, 113);
insert into players_to_teams (id, playerId, teamId) values (270, 581, 523);
insert into players_to_teams (id, playerId, teamId) values (271, 25, 40);
insert into players_to_teams (id, playerId, teamId) values (272, 540, 343);
insert into players_to_teams (id, playerId, teamId) values (273, 768, 390);
insert into players_to_teams (id, playerId, teamId) values (274, 898, 145);
insert into players_to_teams (id, playerId, teamId) values (275, 512, 226);
insert into players_to_teams (id, playerId, teamId) values (276, 130, 555);
insert into players_to_teams (id, playerId, teamId) values (277, 264, 494);
insert into players_to_teams (id, playerId, teamId) values (278, 349, 415);
insert into players_to_teams (id, playerId, teamId) values (279, 733, 345);
insert into players_to_teams (id, playerId, teamId) values (280, 870, 741);
insert into players_to_teams (id, playerId, teamId) values (281, 778, 46);
insert into players_to_teams (id, playerId, teamId) values (282, 452, 700);
insert into players_to_teams (id, playerId, teamId) values (283, 315, 220);
insert into players_to_teams (id, playerId, teamId) values (284, 557, 24);
insert into players_to_teams (id, playerId, teamId) values (285, 629, 39);
insert into players_to_teams (id, playerId, teamId) values (286, 828, 307);
insert into players_to_teams (id, playerId, teamId) values (287, 167, 580);
insert into players_to_teams (id, playerId, teamId) values (288, 117, 362);
insert into players_to_teams (id, playerId, teamId) values (289, 534, 575);
insert into players_to_teams (id, playerId, teamId) values (290, 666, 128);
insert into players_to_teams (id, playerId, teamId) values (291, 321, 757);
insert into players_to_teams (id, playerId, teamId) values (292, 933, 564);
insert into players_to_teams (id, playerId, teamId) values (293, 470, 466);
insert into players_to_teams (id, playerId, teamId) values (294, 157, 431);
insert into players_to_teams (id, playerId, teamId) values (295, 953, 728);
insert into players_to_teams (id, playerId, teamId) values (296, 159, 658);
insert into players_to_teams (id, playerId, teamId) values (297, 759, 306);
insert into players_to_teams (id, playerId, teamId) values (298, 702, 479);
insert into players_to_teams (id, playerId, teamId) values (299, 808, 144);
insert into players_to_teams (id, playerId, teamId) values (300, 56, 290);
insert into players_to_teams (id, playerId, teamId) values (301, 576, 460);
insert into players_to_teams (id, playerId, teamId) values (302, 97, 239);
insert into players_to_teams (id, playerId, teamId) values (303, 527, 327);
insert into players_to_teams (id, playerId, teamId) values (304, 879, 740);
insert into players_to_teams (id, playerId, teamId) values (305, 342, 682);
insert into players_to_teams (id, playerId, teamId) values (306, 329, 149);
insert into players_to_teams (id, playerId, teamId) values (307, 801, 780);
insert into players_to_teams (id, playerId, teamId) values (308, 586, 246);
insert into players_to_teams (id, playerId, teamId) values (309, 305, 626);
insert into players_to_teams (id, playerId, teamId) values (310, 93, 456);
insert into players_to_teams (id, playerId, teamId) values (311, 412, 471);
insert into players_to_teams (id, playerId, teamId) values (312, 161, 371);
insert into players_to_teams (id, playerId, teamId) values (313, 375, 707);
insert into players_to_teams (id, playerId, teamId) values (314, 190, 510);
insert into players_to_teams (id, playerId, teamId) values (315, 762, 106);
insert into players_to_teams (id, playerId, teamId) values (316, 642, 512);
insert into players_to_teams (id, playerId, teamId) values (317, 237, 49);
insert into players_to_teams (id, playerId, teamId) values (318, 221, 542);
insert into players_to_teams (id, playerId, teamId) values (319, 269, 513);
insert into players_to_teams (id, playerId, teamId) values (320, 696, 404);
insert into players_to_teams (id, playerId, teamId) values (321, 612, 344);
insert into players_to_teams (id, playerId, teamId) values (322, 130, 376);
insert into players_to_teams (id, playerId, teamId) values (323, 259, 150);
insert into players_to_teams (id, playerId, teamId) values (324, 440, 47);
insert into players_to_teams (id, playerId, teamId) values (325, 632, 312);
insert into players_to_teams (id, playerId, teamId) values (326, 208, 297);
insert into players_to_teams (id, playerId, teamId) values (327, 95, 436);
insert into players_to_teams (id, playerId, teamId) values (328, 195, 470);
insert into players_to_teams (id, playerId, teamId) values (329, 786, 368);
insert into players_to_teams (id, playerId, teamId) values (330, 840, 14);
insert into players_to_teams (id, playerId, teamId) values (331, 587, 147);
insert into players_to_teams (id, playerId, teamId) values (332, 151, 635);
insert into players_to_teams (id, playerId, teamId) values (333, 631, 357);
insert into players_to_teams (id, playerId, teamId) values (334, 89, 366);
insert into players_to_teams (id, playerId, teamId) values (335, 160, 289);
insert into players_to_teams (id, playerId, teamId) values (336, 486, 708);
insert into players_to_teams (id, playerId, teamId) values (337, 164, 582);
insert into players_to_teams (id, playerId, teamId) values (338, 768, 769);
insert into players_to_teams (id, playerId, teamId) values (339, 15, 655);
insert into players_to_teams (id, playerId, teamId) values (340, 950, 665);
insert into players_to_teams (id, playerId, teamId) values (341, 181, 790);
insert into players_to_teams (id, playerId, teamId) values (342, 778, 534);
insert into players_to_teams (id, playerId, teamId) values (343, 467, 687);
insert into players_to_teams (id, playerId, teamId) values (344, 453, 540);
insert into players_to_teams (id, playerId, teamId) values (345, 363, 558);
insert into players_to_teams (id, playerId, teamId) values (346, 301, 719);
insert into players_to_teams (id, playerId, teamId) values (347, 447, 218);
insert into players_to_teams (id, playerId, teamId) values (348, 434, 237);
insert into players_to_teams (id, playerId, teamId) values (349, 985, 41);
insert into players_to_teams (id, playerId, teamId) values (350, 950, 275);
insert into players_to_teams (id, playerId, teamId) values (351, 729, 689);
insert into players_to_teams (id, playerId, teamId) values (352, 171, 687);
insert into players_to_teams (id, playerId, teamId) values (353, 67, 3);
insert into players_to_teams (id, playerId, teamId) values (354, 719, 574);
insert into players_to_teams (id, playerId, teamId) values (355, 48, 472);
insert into players_to_teams (id, playerId, teamId) values (356, 455, 358);
insert into players_to_teams (id, playerId, teamId) values (357, 718, 416);
insert into players_to_teams (id, playerId, teamId) values (358, 345, 793);
insert into players_to_teams (id, playerId, teamId) values (359, 150, 236);
insert into players_to_teams (id, playerId, teamId) values (360, 757, 465);
insert into players_to_teams (id, playerId, teamId) values (361, 75, 183);
insert into players_to_teams (id, playerId, teamId) values (362, 657, 186);
insert into players_to_teams (id, playerId, teamId) values (363, 656, 184);
insert into players_to_teams (id, playerId, teamId) values (364, 606, 68);
insert into players_to_teams (id, playerId, teamId) values (365, 35, 235);
insert into players_to_teams (id, playerId, teamId) values (366, 420, 724);
insert into players_to_teams (id, playerId, teamId) values (367, 945, 112);
insert into players_to_teams (id, playerId, teamId) values (368, 261, 500);
insert into players_to_teams (id, playerId, teamId) values (369, 256, 761);
insert into players_to_teams (id, playerId, teamId) values (370, 366, 31);
insert into players_to_teams (id, playerId, teamId) values (371, 81, 307);
insert into players_to_teams (id, playerId, teamId) values (372, 16, 572);
insert into players_to_teams (id, playerId, teamId) values (373, 552, 477);
insert into players_to_teams (id, playerId, teamId) values (374, 378, 94);
insert into players_to_teams (id, playerId, teamId) values (375, 557, 575);
insert into players_to_teams (id, playerId, teamId) values (376, 114, 194);
insert into players_to_teams (id, playerId, teamId) values (377, 691, 234);
insert into players_to_teams (id, playerId, teamId) values (378, 672, 684);
insert into players_to_teams (id, playerId, teamId) values (379, 540, 229);
insert into players_to_teams (id, playerId, teamId) values (380, 874, 447);
insert into players_to_teams (id, playerId, teamId) values (381, 630, 272);
insert into players_to_teams (id, playerId, teamId) values (382, 146, 472);
insert into players_to_teams (id, playerId, teamId) values (383, 185, 352);
insert into players_to_teams (id, playerId, teamId) values (384, 373, 542);
insert into players_to_teams (id, playerId, teamId) values (385, 518, 650);
insert into players_to_teams (id, playerId, teamId) values (386, 186, 92);
insert into players_to_teams (id, playerId, teamId) values (387, 953, 698);
insert into players_to_teams (id, playerId, teamId) values (388, 242, 780);
insert into players_to_teams (id, playerId, teamId) values (389, 542, 608);
insert into players_to_teams (id, playerId, teamId) values (390, 446, 384);
insert into players_to_teams (id, playerId, teamId) values (391, 28, 631);
insert into players_to_teams (id, playerId, teamId) values (392, 257, 657);
insert into players_to_teams (id, playerId, teamId) values (393, 113, 590);
insert into players_to_teams (id, playerId, teamId) values (394, 116, 135);
insert into players_to_teams (id, playerId, teamId) values (395, 820, 792);
insert into players_to_teams (id, playerId, teamId) values (396, 550, 183);
insert into players_to_teams (id, playerId, teamId) values (397, 944, 334);
insert into players_to_teams (id, playerId, teamId) values (398, 976, 568);
insert into players_to_teams (id, playerId, teamId) values (399, 737, 142);
insert into players_to_teams (id, playerId, teamId) values (400, 880, 668);
insert into players_to_teams (id, playerId, teamId) values (401, 542, 141);
insert into players_to_teams (id, playerId, teamId) values (402, 194, 506);
insert into players_to_teams (id, playerId, teamId) values (403, 401, 509);
insert into players_to_teams (id, playerId, teamId) values (404, 370, 286);
insert into players_to_teams (id, playerId, teamId) values (405, 307, 626);
insert into players_to_teams (id, playerId, teamId) values (406, 371, 73);
insert into players_to_teams (id, playerId, teamId) values (407, 727, 198);
insert into players_to_teams (id, playerId, teamId) values (408, 560, 19);
insert into players_to_teams (id, playerId, teamId) values (409, 296, 637);
insert into players_to_teams (id, playerId, teamId) values (410, 126, 30);
insert into players_to_teams (id, playerId, teamId) values (411, 937, 172);
insert into players_to_teams (id, playerId, teamId) values (412, 950, 450);
insert into players_to_teams (id, playerId, teamId) values (413, 60, 309);
insert into players_to_teams (id, playerId, teamId) values (414, 381, 15);
insert into players_to_teams (id, playerId, teamId) values (415, 959, 222);
insert into players_to_teams (id, playerId, teamId) values (416, 959, 89);
insert into players_to_teams (id, playerId, teamId) values (417, 981, 64);
insert into players_to_teams (id, playerId, teamId) values (418, 746, 231);
insert into players_to_teams (id, playerId, teamId) values (419, 619, 222);
insert into players_to_teams (id, playerId, teamId) values (420, 528, 725);
insert into players_to_teams (id, playerId, teamId) values (421, 37, 329);
insert into players_to_teams (id, playerId, teamId) values (422, 270, 323);
insert into players_to_teams (id, playerId, teamId) values (423, 967, 447);
insert into players_to_teams (id, playerId, teamId) values (424, 461, 201);
insert into players_to_teams (id, playerId, teamId) values (425, 137, 495);
insert into players_to_teams (id, playerId, teamId) values (426, 89, 467);
insert into players_to_teams (id, playerId, teamId) values (427, 513, 374);
insert into players_to_teams (id, playerId, teamId) values (428, 350, 356);
insert into players_to_teams (id, playerId, teamId) values (429, 950, 578);
insert into players_to_teams (id, playerId, teamId) values (430, 102, 561);
insert into players_to_teams (id, playerId, teamId) values (431, 237, 33);
insert into players_to_teams (id, playerId, teamId) values (432, 956, 330);
insert into players_to_teams (id, playerId, teamId) values (433, 591, 747);
insert into players_to_teams (id, playerId, teamId) values (434, 592, 276);
insert into players_to_teams (id, playerId, teamId) values (435, 706, 603);
insert into players_to_teams (id, playerId, teamId) values (436, 148, 628);
insert into players_to_teams (id, playerId, teamId) values (437, 973, 120);
insert into players_to_teams (id, playerId, teamId) values (438, 49, 471);
insert into players_to_teams (id, playerId, teamId) values (439, 958, 502);
insert into players_to_teams (id, playerId, teamId) values (440, 442, 14);
insert into players_to_teams (id, playerId, teamId) values (441, 57, 740);
insert into players_to_teams (id, playerId, teamId) values (442, 756, 797);
insert into players_to_teams (id, playerId, teamId) values (443, 946, 401);
insert into players_to_teams (id, playerId, teamId) values (444, 473, 420);
insert into players_to_teams (id, playerId, teamId) values (445, 194, 199);
insert into players_to_teams (id, playerId, teamId) values (446, 360, 249);
insert into players_to_teams (id, playerId, teamId) values (447, 311, 324);
insert into players_to_teams (id, playerId, teamId) values (448, 138, 744);
insert into players_to_teams (id, playerId, teamId) values (449, 362, 613);
insert into players_to_teams (id, playerId, teamId) values (450, 962, 107);
insert into players_to_teams (id, playerId, teamId) values (451, 946, 799);
insert into players_to_teams (id, playerId, teamId) values (452, 840, 738);
insert into players_to_teams (id, playerId, teamId) values (453, 19, 502);
insert into players_to_teams (id, playerId, teamId) values (454, 609, 477);
insert into players_to_teams (id, playerId, teamId) values (455, 261, 56);
insert into players_to_teams (id, playerId, teamId) values (456, 107, 221);
insert into players_to_teams (id, playerId, teamId) values (457, 789, 112);
insert into players_to_teams (id, playerId, teamId) values (458, 938, 731);
insert into players_to_teams (id, playerId, teamId) values (459, 915, 42);
insert into players_to_teams (id, playerId, teamId) values (460, 317, 186);
insert into players_to_teams (id, playerId, teamId) values (461, 919, 566);
insert into players_to_teams (id, playerId, teamId) values (462, 60, 220);
insert into players_to_teams (id, playerId, teamId) values (463, 947, 100);
insert into players_to_teams (id, playerId, teamId) values (464, 10, 3);
insert into players_to_teams (id, playerId, teamId) values (465, 453, 16);
insert into players_to_teams (id, playerId, teamId) values (466, 120, 722);
insert into players_to_teams (id, playerId, teamId) values (467, 467, 217);
insert into players_to_teams (id, playerId, teamId) values (468, 912, 88);
insert into players_to_teams (id, playerId, teamId) values (469, 304, 105);
insert into players_to_teams (id, playerId, teamId) values (470, 754, 324);
insert into players_to_teams (id, playerId, teamId) values (471, 359, 668);
insert into players_to_teams (id, playerId, teamId) values (472, 170, 772);
insert into players_to_teams (id, playerId, teamId) values (473, 732, 499);
insert into players_to_teams (id, playerId, teamId) values (474, 814, 783);
insert into players_to_teams (id, playerId, teamId) values (475, 602, 587);
insert into players_to_teams (id, playerId, teamId) values (476, 836, 485);
insert into players_to_teams (id, playerId, teamId) values (477, 911, 573);
insert into players_to_teams (id, playerId, teamId) values (478, 599, 238);
insert into players_to_teams (id, playerId, teamId) values (479, 635, 533);
insert into players_to_teams (id, playerId, teamId) values (480, 779, 69);
insert into players_to_teams (id, playerId, teamId) values (481, 190, 389);
insert into players_to_teams (id, playerId, teamId) values (482, 860, 258);
insert into players_to_teams (id, playerId, teamId) values (483, 202, 87);
insert into players_to_teams (id, playerId, teamId) values (484, 430, 304);
insert into players_to_teams (id, playerId, teamId) values (485, 738, 10);
insert into players_to_teams (id, playerId, teamId) values (486, 727, 216);
insert into players_to_teams (id, playerId, teamId) values (487, 943, 463);
insert into players_to_teams (id, playerId, teamId) values (488, 718, 675);
insert into players_to_teams (id, playerId, teamId) values (489, 97, 652);
insert into players_to_teams (id, playerId, teamId) values (490, 251, 273);
insert into players_to_teams (id, playerId, teamId) values (491, 205, 76);
insert into players_to_teams (id, playerId, teamId) values (492, 880, 643);
insert into players_to_teams (id, playerId, teamId) values (493, 746, 527);
insert into players_to_teams (id, playerId, teamId) values (494, 845, 450);
insert into players_to_teams (id, playerId, teamId) values (495, 463, 506);
insert into players_to_teams (id, playerId, teamId) values (496, 530, 609);
insert into players_to_teams (id, playerId, teamId) values (497, 705, 251);
insert into players_to_teams (id, playerId, teamId) values (498, 44, 111);
insert into players_to_teams (id, playerId, teamId) values (499, 261, 700);
insert into players_to_teams (id, playerId, teamId) values (500, 232, 65);
insert into players_to_teams (id, playerId, teamId) values (501, 116, 393);
insert into players_to_teams (id, playerId, teamId) values (502, 628, 800);
insert into players_to_teams (id, playerId, teamId) values (503, 699, 335);
insert into players_to_teams (id, playerId, teamId) values (504, 714, 404);
insert into players_to_teams (id, playerId, teamId) values (505, 636, 64);
insert into players_to_teams (id, playerId, teamId) values (506, 151, 585);
insert into players_to_teams (id, playerId, teamId) values (507, 834, 398);
insert into players_to_teams (id, playerId, teamId) values (508, 648, 150);
insert into players_to_teams (id, playerId, teamId) values (509, 197, 427);
insert into players_to_teams (id, playerId, teamId) values (510, 552, 17);
insert into players_to_teams (id, playerId, teamId) values (511, 779, 68);
insert into players_to_teams (id, playerId, teamId) values (512, 563, 537);
insert into players_to_teams (id, playerId, teamId) values (513, 994, 492);
insert into players_to_teams (id, playerId, teamId) values (514, 10, 495);
insert into players_to_teams (id, playerId, teamId) values (515, 663, 641);
insert into players_to_teams (id, playerId, teamId) values (516, 992, 416);
insert into players_to_teams (id, playerId, teamId) values (517, 771, 73);
insert into players_to_teams (id, playerId, teamId) values (518, 182, 97);
insert into players_to_teams (id, playerId, teamId) values (519, 393, 540);
insert into players_to_teams (id, playerId, teamId) values (520, 559, 457);
insert into players_to_teams (id, playerId, teamId) values (521, 584, 264);
insert into players_to_teams (id, playerId, teamId) values (522, 614, 415);
insert into players_to_teams (id, playerId, teamId) values (523, 690, 78);
insert into players_to_teams (id, playerId, teamId) values (524, 307, 147);
insert into players_to_teams (id, playerId, teamId) values (525, 949, 67);
insert into players_to_teams (id, playerId, teamId) values (526, 88, 324);
insert into players_to_teams (id, playerId, teamId) values (527, 603, 243);
insert into players_to_teams (id, playerId, teamId) values (528, 879, 306);
insert into players_to_teams (id, playerId, teamId) values (529, 314, 605);
insert into players_to_teams (id, playerId, teamId) values (530, 469, 645);
insert into players_to_teams (id, playerId, teamId) values (531, 898, 625);
insert into players_to_teams (id, playerId, teamId) values (532, 6, 84);
insert into players_to_teams (id, playerId, teamId) values (533, 690, 211);
insert into players_to_teams (id, playerId, teamId) values (534, 81, 82);
insert into players_to_teams (id, playerId, teamId) values (535, 247, 601);
insert into players_to_teams (id, playerId, teamId) values (536, 564, 280);
insert into players_to_teams (id, playerId, teamId) values (537, 178, 190);
insert into players_to_teams (id, playerId, teamId) values (538, 714, 487);
insert into players_to_teams (id, playerId, teamId) values (539, 486, 59);
insert into players_to_teams (id, playerId, teamId) values (540, 183, 617);
insert into players_to_teams (id, playerId, teamId) values (541, 817, 249);
insert into players_to_teams (id, playerId, teamId) values (542, 148, 85);
insert into players_to_teams (id, playerId, teamId) values (543, 587, 752);
insert into players_to_teams (id, playerId, teamId) values (544, 358, 359);
insert into players_to_teams (id, playerId, teamId) values (545, 163, 729);
insert into players_to_teams (id, playerId, teamId) values (546, 636, 755);
insert into players_to_teams (id, playerId, teamId) values (547, 439, 22);
insert into players_to_teams (id, playerId, teamId) values (548, 10, 758);
insert into players_to_teams (id, playerId, teamId) values (549, 443, 650);
insert into players_to_teams (id, playerId, teamId) values (550, 128, 283);
insert into players_to_teams (id, playerId, teamId) values (551, 579, 589);
insert into players_to_teams (id, playerId, teamId) values (552, 867, 258);
insert into players_to_teams (id, playerId, teamId) values (553, 164, 172);
insert into players_to_teams (id, playerId, teamId) values (554, 895, 683);
insert into players_to_teams (id, playerId, teamId) values (555, 576, 116);
insert into players_to_teams (id, playerId, teamId) values (556, 291, 441);
insert into players_to_teams (id, playerId, teamId) values (557, 679, 160);
insert into players_to_teams (id, playerId, teamId) values (558, 19, 400);
insert into players_to_teams (id, playerId, teamId) values (559, 212, 47);
insert into players_to_teams (id, playerId, teamId) values (560, 796, 458);
insert into players_to_teams (id, playerId, teamId) values (561, 132, 555);
insert into players_to_teams (id, playerId, teamId) values (562, 581, 78);
insert into players_to_teams (id, playerId, teamId) values (563, 503, 644);
insert into players_to_teams (id, playerId, teamId) values (564, 757, 117);
insert into players_to_teams (id, playerId, teamId) values (565, 438, 404);
insert into players_to_teams (id, playerId, teamId) values (566, 749, 342);
insert into players_to_teams (id, playerId, teamId) values (567, 253, 568);
insert into players_to_teams (id, playerId, teamId) values (568, 86, 94);
insert into players_to_teams (id, playerId, teamId) values (569, 105, 171);
insert into players_to_teams (id, playerId, teamId) values (570, 784, 314);
insert into players_to_teams (id, playerId, teamId) values (571, 808, 31);
insert into players_to_teams (id, playerId, teamId) values (572, 675, 69);
insert into players_to_teams (id, playerId, teamId) values (573, 335, 376);
insert into players_to_teams (id, playerId, teamId) values (574, 101, 533);
insert into players_to_teams (id, playerId, teamId) values (575, 85, 299);
insert into players_to_teams (id, playerId, teamId) values (576, 630, 457);
insert into players_to_teams (id, playerId, teamId) values (577, 2, 325);
insert into players_to_teams (id, playerId, teamId) values (578, 282, 311);
insert into players_to_teams (id, playerId, teamId) values (579, 514, 782);
insert into players_to_teams (id, playerId, teamId) values (580, 992, 776);
insert into players_to_teams (id, playerId, teamId) values (581, 406, 747);
insert into players_to_teams (id, playerId, teamId) values (582, 583, 723);
insert into players_to_teams (id, playerId, teamId) values (583, 809, 457);
insert into players_to_teams (id, playerId, teamId) values (584, 113, 183);
insert into players_to_teams (id, playerId, teamId) values (585, 720, 799);
insert into players_to_teams (id, playerId, teamId) values (586, 956, 36);
insert into players_to_teams (id, playerId, teamId) values (587, 40, 66);
insert into players_to_teams (id, playerId, teamId) values (588, 836, 757);
insert into players_to_teams (id, playerId, teamId) values (589, 390, 426);
insert into players_to_teams (id, playerId, teamId) values (590, 746, 155);
insert into players_to_teams (id, playerId, teamId) values (591, 574, 331);
insert into players_to_teams (id, playerId, teamId) values (592, 761, 198);
insert into players_to_teams (id, playerId, teamId) values (593, 66, 555);
insert into players_to_teams (id, playerId, teamId) values (594, 778, 114);
insert into players_to_teams (id, playerId, teamId) values (595, 27, 326);
insert into players_to_teams (id, playerId, teamId) values (596, 992, 340);
insert into players_to_teams (id, playerId, teamId) values (597, 92, 189);
insert into players_to_teams (id, playerId, teamId) values (598, 628, 579);
insert into players_to_teams (id, playerId, teamId) values (599, 864, 589);
insert into players_to_teams (id, playerId, teamId) values (600, 412, 395);
insert into players_to_teams (id, playerId, teamId) values (601, 865, 625);
insert into players_to_teams (id, playerId, teamId) values (602, 798, 475);
insert into players_to_teams (id, playerId, teamId) values (603, 671, 347);
insert into players_to_teams (id, playerId, teamId) values (604, 292, 661);
insert into players_to_teams (id, playerId, teamId) values (605, 330, 331);
insert into players_to_teams (id, playerId, teamId) values (606, 712, 204);
insert into players_to_teams (id, playerId, teamId) values (607, 254, 346);
insert into players_to_teams (id, playerId, teamId) values (608, 25, 761);
insert into players_to_teams (id, playerId, teamId) values (609, 335, 629);
insert into players_to_teams (id, playerId, teamId) values (610, 90, 484);
insert into players_to_teams (id, playerId, teamId) values (611, 568, 582);
insert into players_to_teams (id, playerId, teamId) values (612, 734, 634);
insert into players_to_teams (id, playerId, teamId) values (613, 699, 773);
insert into players_to_teams (id, playerId, teamId) values (614, 850, 69);
insert into players_to_teams (id, playerId, teamId) values (615, 95, 589);
insert into players_to_teams (id, playerId, teamId) values (616, 587, 316);
insert into players_to_teams (id, playerId, teamId) values (617, 538, 279);
insert into players_to_teams (id, playerId, teamId) values (618, 658, 133);
insert into players_to_teams (id, playerId, teamId) values (619, 213, 48);
insert into players_to_teams (id, playerId, teamId) values (620, 235, 152);
insert into players_to_teams (id, playerId, teamId) values (621, 254, 496);
insert into players_to_teams (id, playerId, teamId) values (622, 121, 496);
insert into players_to_teams (id, playerId, teamId) values (623, 488, 181);
insert into players_to_teams (id, playerId, teamId) values (624, 548, 447);
insert into players_to_teams (id, playerId, teamId) values (625, 541, 236);
insert into players_to_teams (id, playerId, teamId) values (626, 716, 451);
insert into players_to_teams (id, playerId, teamId) values (627, 336, 220);
insert into players_to_teams (id, playerId, teamId) values (628, 674, 39);
insert into players_to_teams (id, playerId, teamId) values (629, 863, 751);
insert into players_to_teams (id, playerId, teamId) values (630, 43, 40);
insert into players_to_teams (id, playerId, teamId) values (631, 609, 333);
insert into players_to_teams (id, playerId, teamId) values (632, 428, 333);
insert into players_to_teams (id, playerId, teamId) values (633, 673, 166);
insert into players_to_teams (id, playerId, teamId) values (634, 95, 170);
insert into players_to_teams (id, playerId, teamId) values (635, 718, 764);
insert into players_to_teams (id, playerId, teamId) values (636, 454, 246);
insert into players_to_teams (id, playerId, teamId) values (637, 45, 387);
insert into players_to_teams (id, playerId, teamId) values (638, 344, 728);
insert into players_to_teams (id, playerId, teamId) values (639, 733, 439);
insert into players_to_teams (id, playerId, teamId) values (640, 669, 722);
insert into players_to_teams (id, playerId, teamId) values (641, 115, 425);
insert into players_to_teams (id, playerId, teamId) values (642, 366, 91);
insert into players_to_teams (id, playerId, teamId) values (643, 720, 640);
insert into players_to_teams (id, playerId, teamId) values (644, 938, 473);
insert into players_to_teams (id, playerId, teamId) values (645, 48, 23);
insert into players_to_teams (id, playerId, teamId) values (646, 785, 62);
insert into players_to_teams (id, playerId, teamId) values (647, 335, 563);
insert into players_to_teams (id, playerId, teamId) values (648, 954, 233);
insert into players_to_teams (id, playerId, teamId) values (649, 992, 266);
insert into players_to_teams (id, playerId, teamId) values (650, 663, 310);
insert into players_to_teams (id, playerId, teamId) values (651, 91, 339);
insert into players_to_teams (id, playerId, teamId) values (652, 600, 391);
insert into players_to_teams (id, playerId, teamId) values (653, 995, 606);
insert into players_to_teams (id, playerId, teamId) values (654, 417, 505);
insert into players_to_teams (id, playerId, teamId) values (655, 559, 456);
insert into players_to_teams (id, playerId, teamId) values (656, 372, 330);
insert into players_to_teams (id, playerId, teamId) values (657, 955, 703);
insert into players_to_teams (id, playerId, teamId) values (658, 819, 714);
insert into players_to_teams (id, playerId, teamId) values (659, 527, 222);
insert into players_to_teams (id, playerId, teamId) values (660, 371, 81);
insert into players_to_teams (id, playerId, teamId) values (661, 753, 614);
insert into players_to_teams (id, playerId, teamId) values (662, 237, 252);
insert into players_to_teams (id, playerId, teamId) values (663, 495, 619);
insert into players_to_teams (id, playerId, teamId) values (664, 456, 761);
insert into players_to_teams (id, playerId, teamId) values (665, 818, 89);
insert into players_to_teams (id, playerId, teamId) values (666, 203, 476);
insert into players_to_teams (id, playerId, teamId) values (667, 800, 612);
insert into players_to_teams (id, playerId, teamId) values (668, 752, 782);
insert into players_to_teams (id, playerId, teamId) values (669, 852, 198);
insert into players_to_teams (id, playerId, teamId) values (670, 784, 310);
insert into players_to_teams (id, playerId, teamId) values (671, 10, 555);
insert into players_to_teams (id, playerId, teamId) values (672, 611, 571);
insert into players_to_teams (id, playerId, teamId) values (673, 646, 323);
insert into players_to_teams (id, playerId, teamId) values (674, 67, 455);
insert into players_to_teams (id, playerId, teamId) values (675, 540, 265);
insert into players_to_teams (id, playerId, teamId) values (676, 243, 396);
insert into players_to_teams (id, playerId, teamId) values (677, 826, 680);
insert into players_to_teams (id, playerId, teamId) values (678, 656, 30);
insert into players_to_teams (id, playerId, teamId) values (679, 504, 775);
insert into players_to_teams (id, playerId, teamId) values (680, 806, 759);
insert into players_to_teams (id, playerId, teamId) values (681, 586, 204);
insert into players_to_teams (id, playerId, teamId) values (682, 965, 561);
insert into players_to_teams (id, playerId, teamId) values (683, 254, 682);
insert into players_to_teams (id, playerId, teamId) values (684, 326, 110);
insert into players_to_teams (id, playerId, teamId) values (685, 957, 446);
insert into players_to_teams (id, playerId, teamId) values (686, 826, 189);
insert into players_to_teams (id, playerId, teamId) values (687, 462, 303);
insert into players_to_teams (id, playerId, teamId) values (688, 905, 138);
insert into players_to_teams (id, playerId, teamId) values (689, 692, 156);
insert into players_to_teams (id, playerId, teamId) values (690, 974, 769);
insert into players_to_teams (id, playerId, teamId) values (691, 608, 546);
insert into players_to_teams (id, playerId, teamId) values (692, 826, 182);
insert into players_to_teams (id, playerId, teamId) values (693, 68, 752);
insert into players_to_teams (id, playerId, teamId) values (694, 562, 429);
insert into players_to_teams (id, playerId, teamId) values (695, 601, 243);
insert into players_to_teams (id, playerId, teamId) values (696, 666, 750);
insert into players_to_teams (id, playerId, teamId) values (697, 443, 564);
insert into players_to_teams (id, playerId, teamId) values (698, 657, 789);
insert into players_to_teams (id, playerId, teamId) values (699, 757, 637);
insert into players_to_teams (id, playerId, teamId) values (700, 543, 86);
insert into players_to_teams (id, playerId, teamId) values (701, 691, 738);
insert into players_to_teams (id, playerId, teamId) values (702, 160, 244);
insert into players_to_teams (id, playerId, teamId) values (703, 324, 254);
insert into players_to_teams (id, playerId, teamId) values (704, 57, 160);
insert into players_to_teams (id, playerId, teamId) values (705, 863, 159);
insert into players_to_teams (id, playerId, teamId) values (706, 230, 226);
insert into players_to_teams (id, playerId, teamId) values (707, 206, 394);
insert into players_to_teams (id, playerId, teamId) values (708, 745, 784);
insert into players_to_teams (id, playerId, teamId) values (709, 140, 401);
insert into players_to_teams (id, playerId, teamId) values (710, 520, 361);
insert into players_to_teams (id, playerId, teamId) values (711, 409, 611);
insert into players_to_teams (id, playerId, teamId) values (712, 545, 412);
insert into players_to_teams (id, playerId, teamId) values (713, 807, 619);
insert into players_to_teams (id, playerId, teamId) values (714, 311, 143);
insert into players_to_teams (id, playerId, teamId) values (715, 948, 133);
insert into players_to_teams (id, playerId, teamId) values (716, 321, 617);
insert into players_to_teams (id, playerId, teamId) values (717, 810, 544);
insert into players_to_teams (id, playerId, teamId) values (718, 813, 510);
insert into players_to_teams (id, playerId, teamId) values (719, 204, 341);
insert into players_to_teams (id, playerId, teamId) values (720, 231, 273);
insert into players_to_teams (id, playerId, teamId) values (721, 167, 707);
insert into players_to_teams (id, playerId, teamId) values (722, 30, 88);
insert into players_to_teams (id, playerId, teamId) values (723, 179, 171);
insert into players_to_teams (id, playerId, teamId) values (724, 748, 455);
insert into players_to_teams (id, playerId, teamId) values (725, 991, 88);
insert into players_to_teams (id, playerId, teamId) values (726, 966, 729);
insert into players_to_teams (id, playerId, teamId) values (727, 345, 712);
insert into players_to_teams (id, playerId, teamId) values (728, 843, 309);
insert into players_to_teams (id, playerId, teamId) values (729, 64, 454);
insert into players_to_teams (id, playerId, teamId) values (730, 782, 363);
insert into players_to_teams (id, playerId, teamId) values (731, 760, 176);
insert into players_to_teams (id, playerId, teamId) values (732, 92, 429);
insert into players_to_teams (id, playerId, teamId) values (733, 48, 534);
insert into players_to_teams (id, playerId, teamId) values (734, 57, 588);
insert into players_to_teams (id, playerId, teamId) values (735, 116, 467);
insert into players_to_teams (id, playerId, teamId) values (736, 797, 37);
insert into players_to_teams (id, playerId, teamId) values (737, 946, 235);
insert into players_to_teams (id, playerId, teamId) values (738, 907, 319);
insert into players_to_teams (id, playerId, teamId) values (739, 814, 203);
insert into players_to_teams (id, playerId, teamId) values (740, 747, 127);
insert into players_to_teams (id, playerId, teamId) values (741, 704, 140);
insert into players_to_teams (id, playerId, teamId) values (742, 234, 316);
insert into players_to_teams (id, playerId, teamId) values (743, 794, 245);
insert into players_to_teams (id, playerId, teamId) values (744, 918, 218);
insert into players_to_teams (id, playerId, teamId) values (745, 953, 363);
insert into players_to_teams (id, playerId, teamId) values (746, 438, 306);
insert into players_to_teams (id, playerId, teamId) values (747, 828, 162);
insert into players_to_teams (id, playerId, teamId) values (748, 880, 477);
insert into players_to_teams (id, playerId, teamId) values (749, 806, 306);
insert into players_to_teams (id, playerId, teamId) values (750, 928, 166);
insert into players_to_teams (id, playerId, teamId) values (751, 655, 692);
insert into players_to_teams (id, playerId, teamId) values (752, 564, 380);
insert into players_to_teams (id, playerId, teamId) values (753, 135, 250);
insert into players_to_teams (id, playerId, teamId) values (754, 536, 457);
insert into players_to_teams (id, playerId, teamId) values (755, 451, 330);
insert into players_to_teams (id, playerId, teamId) values (756, 254, 67);
insert into players_to_teams (id, playerId, teamId) values (757, 222, 269);
insert into players_to_teams (id, playerId, teamId) values (758, 510, 688);
insert into players_to_teams (id, playerId, teamId) values (759, 142, 720);
insert into players_to_teams (id, playerId, teamId) values (760, 820, 642);
insert into players_to_teams (id, playerId, teamId) values (761, 432, 639);
insert into players_to_teams (id, playerId, teamId) values (762, 335, 103);
insert into players_to_teams (id, playerId, teamId) values (763, 311, 544);
insert into players_to_teams (id, playerId, teamId) values (764, 289, 567);
insert into players_to_teams (id, playerId, teamId) values (765, 15, 561);
insert into players_to_teams (id, playerId, teamId) values (766, 342, 494);
insert into players_to_teams (id, playerId, teamId) values (767, 451, 101);
insert into players_to_teams (id, playerId, teamId) values (768, 980, 187);
insert into players_to_teams (id, playerId, teamId) values (769, 895, 94);
insert into players_to_teams (id, playerId, teamId) values (770, 123, 248);
insert into players_to_teams (id, playerId, teamId) values (771, 591, 625);
insert into players_to_teams (id, playerId, teamId) values (772, 992, 53);
insert into players_to_teams (id, playerId, teamId) values (773, 898, 187);
insert into players_to_teams (id, playerId, teamId) values (774, 244, 434);
insert into players_to_teams (id, playerId, teamId) values (775, 998, 4);
insert into players_to_teams (id, playerId, teamId) values (776, 362, 765);
insert into players_to_teams (id, playerId, teamId) values (777, 202, 703);
insert into players_to_teams (id, playerId, teamId) values (778, 681, 620);
insert into players_to_teams (id, playerId, teamId) values (779, 539, 225);
insert into players_to_teams (id, playerId, teamId) values (780, 688, 536);
insert into players_to_teams (id, playerId, teamId) values (781, 971, 404);
insert into players_to_teams (id, playerId, teamId) values (782, 684, 305);
insert into players_to_teams (id, playerId, teamId) values (783, 390, 312);
insert into players_to_teams (id, playerId, teamId) values (784, 572, 214);
insert into players_to_teams (id, playerId, teamId) values (785, 509, 727);
insert into players_to_teams (id, playerId, teamId) values (786, 52, 420);
insert into players_to_teams (id, playerId, teamId) values (787, 845, 43);
insert into players_to_teams (id, playerId, teamId) values (788, 453, 382);
insert into players_to_teams (id, playerId, teamId) values (789, 320, 190);
insert into players_to_teams (id, playerId, teamId) values (790, 904, 136);
insert into players_to_teams (id, playerId, teamId) values (791, 55, 800);
insert into players_to_teams (id, playerId, teamId) values (792, 98, 380);
insert into players_to_teams (id, playerId, teamId) values (793, 270, 14);
insert into players_to_teams (id, playerId, teamId) values (794, 286, 19);
insert into players_to_teams (id, playerId, teamId) values (795, 703, 764);
insert into players_to_teams (id, playerId, teamId) values (796, 607, 655);
insert into players_to_teams (id, playerId, teamId) values (797, 876, 509);
insert into players_to_teams (id, playerId, teamId) values (798, 174, 698);
insert into players_to_teams (id, playerId, teamId) values (799, 13, 395);
insert into players_to_teams (id, playerId, teamId) values (800, 4, 254);
insert into players_to_teams (id, playerId, teamId) values (801, 35, 505);
insert into players_to_teams (id, playerId, teamId) values (802, 66, 748);
insert into players_to_teams (id, playerId, teamId) values (803, 306, 506);
insert into players_to_teams (id, playerId, teamId) values (804, 160, 122);
insert into players_to_teams (id, playerId, teamId) values (805, 326, 730);
insert into players_to_teams (id, playerId, teamId) values (806, 198, 544);
insert into players_to_teams (id, playerId, teamId) values (807, 658, 691);
insert into players_to_teams (id, playerId, teamId) values (808, 640, 468);
insert into players_to_teams (id, playerId, teamId) values (809, 614, 482);
insert into players_to_teams (id, playerId, teamId) values (810, 782, 513);
insert into players_to_teams (id, playerId, teamId) values (811, 877, 31);
insert into players_to_teams (id, playerId, teamId) values (812, 893, 337);
insert into players_to_teams (id, playerId, teamId) values (813, 6, 96);
insert into players_to_teams (id, playerId, teamId) values (814, 905, 339);
insert into players_to_teams (id, playerId, teamId) values (815, 388, 151);
insert into players_to_teams (id, playerId, teamId) values (816, 870, 173);
insert into players_to_teams (id, playerId, teamId) values (817, 105, 498);
insert into players_to_teams (id, playerId, teamId) values (818, 438, 321);
insert into players_to_teams (id, playerId, teamId) values (819, 740, 715);
insert into players_to_teams (id, playerId, teamId) values (820, 971, 260);
insert into players_to_teams (id, playerId, teamId) values (821, 632, 496);
insert into players_to_teams (id, playerId, teamId) values (822, 98, 275);
insert into players_to_teams (id, playerId, teamId) values (823, 146, 562);
insert into players_to_teams (id, playerId, teamId) values (824, 474, 285);
insert into players_to_teams (id, playerId, teamId) values (825, 723, 562);
insert into players_to_teams (id, playerId, teamId) values (826, 935, 496);
insert into players_to_teams (id, playerId, teamId) values (827, 296, 745);
insert into players_to_teams (id, playerId, teamId) values (828, 329, 405);
insert into players_to_teams (id, playerId, teamId) values (829, 554, 94);
insert into players_to_teams (id, playerId, teamId) values (830, 395, 27);
insert into players_to_teams (id, playerId, teamId) values (831, 967, 731);
insert into players_to_teams (id, playerId, teamId) values (832, 921, 199);
insert into players_to_teams (id, playerId, teamId) values (833, 159, 43);
insert into players_to_teams (id, playerId, teamId) values (834, 275, 248);
insert into players_to_teams (id, playerId, teamId) values (835, 668, 335);
insert into players_to_teams (id, playerId, teamId) values (836, 176, 190);
insert into players_to_teams (id, playerId, teamId) values (837, 287, 250);
insert into players_to_teams (id, playerId, teamId) values (838, 874, 397);
insert into players_to_teams (id, playerId, teamId) values (839, 76, 261);
insert into players_to_teams (id, playerId, teamId) values (840, 431, 651);
insert into players_to_teams (id, playerId, teamId) values (841, 171, 271);
insert into players_to_teams (id, playerId, teamId) values (842, 905, 752);
insert into players_to_teams (id, playerId, teamId) values (843, 896, 582);
insert into players_to_teams (id, playerId, teamId) values (844, 597, 648);
insert into players_to_teams (id, playerId, teamId) values (845, 259, 390);
insert into players_to_teams (id, playerId, teamId) values (846, 152, 780);
insert into players_to_teams (id, playerId, teamId) values (847, 444, 76);
insert into players_to_teams (id, playerId, teamId) values (848, 997, 296);
insert into players_to_teams (id, playerId, teamId) values (849, 996, 568);
insert into players_to_teams (id, playerId, teamId) values (850, 945, 558);
insert into players_to_teams (id, playerId, teamId) values (851, 492, 776);
insert into players_to_teams (id, playerId, teamId) values (852, 956, 633);
insert into players_to_teams (id, playerId, teamId) values (853, 784, 70);
insert into players_to_teams (id, playerId, teamId) values (854, 742, 761);
insert into players_to_teams (id, playerId, teamId) values (855, 24, 764);
insert into players_to_teams (id, playerId, teamId) values (856, 442, 541);
insert into players_to_teams (id, playerId, teamId) values (857, 519, 418);
insert into players_to_teams (id, playerId, teamId) values (858, 413, 38);
insert into players_to_teams (id, playerId, teamId) values (859, 201, 482);
insert into players_to_teams (id, playerId, teamId) values (860, 693, 571);
insert into players_to_teams (id, playerId, teamId) values (861, 217, 598);
insert into players_to_teams (id, playerId, teamId) values (862, 532, 671);
insert into players_to_teams (id, playerId, teamId) values (863, 302, 137);
insert into players_to_teams (id, playerId, teamId) values (864, 905, 714);
insert into players_to_teams (id, playerId, teamId) values (865, 952, 393);
insert into players_to_teams (id, playerId, teamId) values (866, 277, 786);
insert into players_to_teams (id, playerId, teamId) values (867, 368, 235);
insert into players_to_teams (id, playerId, teamId) values (868, 868, 225);
insert into players_to_teams (id, playerId, teamId) values (869, 70, 669);
insert into players_to_teams (id, playerId, teamId) values (870, 588, 551);
insert into players_to_teams (id, playerId, teamId) values (871, 381, 625);
insert into players_to_teams (id, playerId, teamId) values (872, 783, 396);
insert into players_to_teams (id, playerId, teamId) values (873, 371, 716);
insert into players_to_teams (id, playerId, teamId) values (874, 824, 315);
insert into players_to_teams (id, playerId, teamId) values (875, 762, 47);
insert into players_to_teams (id, playerId, teamId) values (876, 864, 338);
insert into players_to_teams (id, playerId, teamId) values (877, 133, 95);
insert into players_to_teams (id, playerId, teamId) values (878, 665, 112);
insert into players_to_teams (id, playerId, teamId) values (879, 474, 505);
insert into players_to_teams (id, playerId, teamId) values (880, 362, 279);
insert into players_to_teams (id, playerId, teamId) values (881, 397, 3);
insert into players_to_teams (id, playerId, teamId) values (882, 817, 297);
insert into players_to_teams (id, playerId, teamId) values (883, 398, 758);
insert into players_to_teams (id, playerId, teamId) values (884, 881, 573);
insert into players_to_teams (id, playerId, teamId) values (885, 138, 670);
insert into players_to_teams (id, playerId, teamId) values (886, 789, 124);
insert into players_to_teams (id, playerId, teamId) values (887, 681, 691);
insert into players_to_teams (id, playerId, teamId) values (888, 390, 271);
insert into players_to_teams (id, playerId, teamId) values (889, 505, 79);
insert into players_to_teams (id, playerId, teamId) values (890, 329, 227);
insert into players_to_teams (id, playerId, teamId) values (891, 785, 16);
insert into players_to_teams (id, playerId, teamId) values (892, 473, 711);
insert into players_to_teams (id, playerId, teamId) values (893, 358, 351);
insert into players_to_teams (id, playerId, teamId) values (894, 787, 537);
insert into players_to_teams (id, playerId, teamId) values (895, 389, 4);
insert into players_to_teams (id, playerId, teamId) values (896, 385, 70);
insert into players_to_teams (id, playerId, teamId) values (897, 299, 179);
insert into players_to_teams (id, playerId, teamId) values (898, 264, 584);
insert into players_to_teams (id, playerId, teamId) values (899, 209, 604);
insert into players_to_teams (id, playerId, teamId) values (900, 859, 323);
insert into players_to_teams (id, playerId, teamId) values (901, 292, 749);
insert into players_to_teams (id, playerId, teamId) values (902, 924, 416);
insert into players_to_teams (id, playerId, teamId) values (903, 362, 615);
insert into players_to_teams (id, playerId, teamId) values (904, 31, 37);
insert into players_to_teams (id, playerId, teamId) values (905, 46, 763);
insert into players_to_teams (id, playerId, teamId) values (906, 61, 512);
insert into players_to_teams (id, playerId, teamId) values (907, 4, 532);
insert into players_to_teams (id, playerId, teamId) values (908, 155, 665);
insert into players_to_teams (id, playerId, teamId) values (909, 183, 199);
insert into players_to_teams (id, playerId, teamId) values (910, 472, 664);
insert into players_to_teams (id, playerId, teamId) values (911, 344, 710);
insert into players_to_teams (id, playerId, teamId) values (912, 599, 627);
insert into players_to_teams (id, playerId, teamId) values (913, 88, 408);
insert into players_to_teams (id, playerId, teamId) values (914, 723, 737);
insert into players_to_teams (id, playerId, teamId) values (915, 404, 82);
insert into players_to_teams (id, playerId, teamId) values (916, 627, 760);
insert into players_to_teams (id, playerId, teamId) values (917, 677, 77);
insert into players_to_teams (id, playerId, teamId) values (918, 915, 293);
insert into players_to_teams (id, playerId, teamId) values (919, 828, 32);
insert into players_to_teams (id, playerId, teamId) values (920, 485, 132);
insert into players_to_teams (id, playerId, teamId) values (921, 198, 325);
insert into players_to_teams (id, playerId, teamId) values (922, 919, 577);
insert into players_to_teams (id, playerId, teamId) values (923, 12, 306);
insert into players_to_teams (id, playerId, teamId) values (924, 29, 562);
insert into players_to_teams (id, playerId, teamId) values (925, 703, 186);
insert into players_to_teams (id, playerId, teamId) values (926, 262, 625);
insert into players_to_teams (id, playerId, teamId) values (927, 71, 510);
insert into players_to_teams (id, playerId, teamId) values (928, 837, 324);
insert into players_to_teams (id, playerId, teamId) values (929, 237, 17);
insert into players_to_teams (id, playerId, teamId) values (930, 985, 371);
insert into players_to_teams (id, playerId, teamId) values (931, 962, 428);
insert into players_to_teams (id, playerId, teamId) values (932, 15, 605);
insert into players_to_teams (id, playerId, teamId) values (933, 959, 500);
insert into players_to_teams (id, playerId, teamId) values (934, 478, 120);
insert into players_to_teams (id, playerId, teamId) values (935, 234, 544);
insert into players_to_teams (id, playerId, teamId) values (936, 446, 621);
insert into players_to_teams (id, playerId, teamId) values (937, 824, 201);
insert into players_to_teams (id, playerId, teamId) values (938, 661, 267);
insert into players_to_teams (id, playerId, teamId) values (939, 861, 394);
insert into players_to_teams (id, playerId, teamId) values (940, 643, 255);
insert into players_to_teams (id, playerId, teamId) values (941, 114, 588);
insert into players_to_teams (id, playerId, teamId) values (942, 581, 638);
insert into players_to_teams (id, playerId, teamId) values (943, 50, 691);
insert into players_to_teams (id, playerId, teamId) values (944, 840, 740);
insert into players_to_teams (id, playerId, teamId) values (945, 531, 434);
insert into players_to_teams (id, playerId, teamId) values (946, 398, 537);
insert into players_to_teams (id, playerId, teamId) values (947, 414, 332);
insert into players_to_teams (id, playerId, teamId) values (948, 841, 280);
insert into players_to_teams (id, playerId, teamId) values (949, 433, 262);
insert into players_to_teams (id, playerId, teamId) values (950, 108, 533);
insert into players_to_teams (id, playerId, teamId) values (951, 472, 691);
insert into players_to_teams (id, playerId, teamId) values (952, 830, 285);
insert into players_to_teams (id, playerId, teamId) values (953, 955, 122);
insert into players_to_teams (id, playerId, teamId) values (954, 193, 24);
insert into players_to_teams (id, playerId, teamId) values (955, 508, 308);
insert into players_to_teams (id, playerId, teamId) values (956, 460, 211);
insert into players_to_teams (id, playerId, teamId) values (957, 969, 541);
insert into players_to_teams (id, playerId, teamId) values (958, 982, 311);
insert into players_to_teams (id, playerId, teamId) values (959, 722, 28);
insert into players_to_teams (id, playerId, teamId) values (960, 409, 208);
insert into players_to_teams (id, playerId, teamId) values (961, 372, 200);
insert into players_to_teams (id, playerId, teamId) values (962, 404, 662);
insert into players_to_teams (id, playerId, teamId) values (963, 402, 499);
insert into players_to_teams (id, playerId, teamId) values (964, 861, 595);
insert into players_to_teams (id, playerId, teamId) values (965, 417, 329);
insert into players_to_teams (id, playerId, teamId) values (966, 148, 385);
insert into players_to_teams (id, playerId, teamId) values (967, 198, 766);
insert into players_to_teams (id, playerId, teamId) values (968, 560, 541);
insert into players_to_teams (id, playerId, teamId) values (969, 203, 332);
insert into players_to_teams (id, playerId, teamId) values (970, 592, 194);
insert into players_to_teams (id, playerId, teamId) values (971, 651, 527);
insert into players_to_teams (id, playerId, teamId) values (972, 305, 16);
insert into players_to_teams (id, playerId, teamId) values (973, 22, 581);
insert into players_to_teams (id, playerId, teamId) values (974, 306, 11);
insert into players_to_teams (id, playerId, teamId) values (975, 226, 393);
insert into players_to_teams (id, playerId, teamId) values (976, 77, 587);
insert into players_to_teams (id, playerId, teamId) values (977, 412, 260);
insert into players_to_teams (id, playerId, teamId) values (978, 335, 511);
insert into players_to_teams (id, playerId, teamId) values (979, 427, 327);
insert into players_to_teams (id, playerId, teamId) values (980, 547, 495);
insert into players_to_teams (id, playerId, teamId) values (981, 350, 29);
insert into players_to_teams (id, playerId, teamId) values (982, 88, 595);
insert into players_to_teams (id, playerId, teamId) values (983, 631, 667);
insert into players_to_teams (id, playerId, teamId) values (984, 533, 153);
insert into players_to_teams (id, playerId, teamId) values (985, 730, 657);
insert into players_to_teams (id, playerId, teamId) values (986, 776, 604);
insert into players_to_teams (id, playerId, teamId) values (987, 507, 540);
insert into players_to_teams (id, playerId, teamId) values (988, 211, 354);
insert into players_to_teams (id, playerId, teamId) values (989, 813, 241);
insert into players_to_teams (id, playerId, teamId) values (990, 969, 237);
insert into players_to_teams (id, playerId, teamId) values (991, 49, 545);
insert into players_to_teams (id, playerId, teamId) values (992, 395, 293);
insert into players_to_teams (id, playerId, teamId) values (993, 733, 303);
insert into players_to_teams (id, playerId, teamId) values (994, 959, 738);
insert into players_to_teams (id, playerId, teamId) values (995, 704, 14);
insert into players_to_teams (id, playerId, teamId) values (996, 397, 252);
insert into players_to_teams (id, playerId, teamId) values (997, 883, 304);
insert into players_to_teams (id, playerId, teamId) values (998, 626, 78);
insert into players_to_teams (id, playerId, teamId) values (999, 584, 594);
insert into players_to_teams (id, playerId, teamId) values (1000, 266, 554);
