DROP DATABASE IF EXISTS foottour;

CREATE DATABASE foottour
	CHARACTER SET utf8
	COLLATE utf8_hungarian_ci;

use foottour;

CREATE TABLE foottour.users (
  id INT(11) NOT NULL AUTO_INCREMENT,
  name VARCHAR(50) NOT NULL,
  email VARCHAR(50) NOT NULL,
  password VARCHAR(50) NOT NULL,
  isDeleted TINYINT(1) NOT NULL,
  isOrganizer TINYINT(1) NOT NULL,
  isReferee TINYINT(1) NOT NULL,
  isLeader TINYINT(1) NOT NULL,
  confirmation TINYINT(1) NOT NULL DEFAULT 0,
  PRIMARY KEY (id)
)
ENGINE = INNODB;

CREATE TABLE foottour.tournaments (
  id INT(11) NOT NULL AUTO_INCREMENT,
  organizerId INT(11) NOT NULL,
  startDate DATETIME NOT NULL,
  endDate DATETIME NOT NULL,
  name VARCHAR(50) NOT NULL,
  location VARCHAR(255) NOT NULL,
  bestPlayer VARCHAR(50) DEFAULT NULL,
  topScorer VARCHAR(50) DEFAULT NULL,
  bestGoalkeeper VARCHAR(50) DEFAULT NULL,
  entryFee INT(11) NOT NULL,
  description VARCHAR(1000) NOT NULL,
  teamsCount INT(11) NOT NULL,
  type VARCHAR(255) NOT NULL,
  groupMatches INT(11) NOT NULL DEFAULT 1,
  knockoutMatches INT(11) NOT NULL DEFAULT 1,
  finalMatches INT(11) NOT NULL DEFAULT 1,
  fields INT(11) NOT NULL,
  PRIMARY KEY (id)
)
ENGINE = INNODB;

CREATE TABLE foottour.teams (
  id INT(11) NOT NULL AUTO_INCREMENT,
  leaderId INT(11) NOT NULL,
  name VARCHAR(50) NOT NULL,
  PRIMARY KEY (id)
)
ENGINE = INNODB;

CREATE TABLE foottour.players (
  id INT(11) NOT NULL AUTO_INCREMENT,
  name VARCHAR(50) NOT NULL,
  goals INT(11) NOT NULL,
  PRIMARY KEY (id)
)
ENGINE = INNODB;

CREATE TABLE foottour.matches (
  id INT(11) NOT NULL AUTO_INCREMENT,
  refereeId INT(11) NOT NULL,

  team1Goals INT(11) DEFAULT NULL,
  team2Goals INT(11) DEFAULT NULL,
  code VARCHAR(50) NOT NULL,
  groupId INT(11) NOT NULL,
  time DATETIME NOT NULL,
  team1Id INT(11) NOT NULL,
  team2Id INT(11) NOT NULL,
  PRIMARY KEY (id)
)
ENGINE = INNODB;

CREATE TABLE foottour.events (
  id INT(11) NOT NULL AUTO_INCREMENT,
  matchId INT(11) NOT NULL,
  playerId INT(11) NOT NULL,
  type VARCHAR(50) NOT NULL,
  minute INT(11) NOT NULL,
  PRIMARY KEY (id)
)
ENGINE = INNODB;

CREATE TABLE foottour.players_to_teams (
  id INT(11) NOT NULL AUTO_INCREMENT,
  playerId INT(11) NOT NULL,
  teamId INT(11) NOT NULL,
  PRIMARY KEY (id)
)
ENGINE = INNODB;

CREATE TABLE foottour.teams_to_tournaments (
  id INT(11) NOT NULL AUTO_INCREMENT,
  teamId INT(11) NOT NULL,
  tournamentId INT(11) NOT NULL,
  PRIMARY KEY (id)
)
ENGINE = INNODB;

CREATE TABLE foottour.groups (
  id INT(11) NOT NULL AUTO_INCREMENT,
  tournamentId INT(11) NOT NULL,
  name VARCHAR(50) NOT NULL,
  PRIMARY KEY (id)
)
ENGINE = INNODB;

CREATE TABLE foottour.teams_to_groups (
  id INT(11) NOT NULL AUTO_INCREMENT,
  teamId INT(11) NOT NULL,
  groupId INT(11) NOT NULL,
  PRIMARY KEY (id)
)
ENGINE = INNODB;

CREATE TABLE foottour.kit_numbers_to_players (
  id INT(11) NOT NULL AUTO_INCREMENT,
  playerId INT(11) NOT NULL,
  tournamentId INT(11) NOT NULL,
  kitNumber INT(11) NOT NULL,
  PRIMARY KEY (id)
)
ENGINE = INNODB;

CREATE TABLE foottour.referees_to_tournaments (
  id INT(11) NOT NULL AUTO_INCREMENT,
  refereeId INT(11) NOT NULL,
  tournamentId INT(11) NOT NULL,
  PRIMARY KEY (id)
)
ENGINE = INNODB;

ALTER TABLE foottour.teams_to_tournaments 
  ADD CONSTRAINT FK_teams_to_tournaments_team_id FOREIGN KEY (teamId)
    REFERENCES foottour.teams(id) ON DELETE NO ACTION;

ALTER TABLE foottour.teams_to_tournaments 
  ADD CONSTRAINT FK_teams_to_tournaments_tournament_id FOREIGN KEY (tournamentId)
    REFERENCES foottour.tournaments(id) ON DELETE NO ACTION;

ALTER TABLE foottour.tournaments 
  ADD CONSTRAINT FK_tournaments_organizer_id FOREIGN KEY (organizerId)
    REFERENCES foottour.users(id) ON DELETE NO ACTION;

ALTER TABLE foottour.users 
  ADD UNIQUE INDEX UK_users_email(email);

ALTER TABLE foottour.teams 
  ADD CONSTRAINT FK_teams_leader_id FOREIGN KEY (leaderId)
    REFERENCES foottour.users(id) ON DELETE NO ACTION;

ALTER TABLE foottour.players_to_teams 
  ADD CONSTRAINT FK_players_to_teams_player_id FOREIGN KEY (playerId)
    REFERENCES foottour.players(id) ON DELETE NO ACTION;

ALTER TABLE foottour.players_to_teams 
  ADD CONSTRAINT FK_players_to_teams_team_id FOREIGN KEY (teamId)
    REFERENCES foottour.teams(id) ON DELETE NO ACTION;

ALTER TABLE foottour.matches 
  ADD CONSTRAINT FK_matches_group_id FOREIGN KEY (groupId)
    REFERENCES foottour.groups(id) ON DELETE NO ACTION;

ALTER TABLE foottour.matches 
  ADD CONSTRAINT FK_matches_referee_id FOREIGN KEY (refereeId)
    REFERENCES foottour.users(id) ON DELETE NO ACTION;

ALTER TABLE foottour.matches 
  ADD CONSTRAINT FK_matches_team1_id FOREIGN KEY (team1Id)
    REFERENCES foottour.teams(id) ON DELETE NO ACTION;

ALTER TABLE foottour.matches 
  ADD CONSTRAINT FK_matches_team2_id FOREIGN KEY (team2Id)
    REFERENCES foottour.teams(id) ON DELETE NO ACTION;

ALTER TABLE foottour.events 
  ADD CONSTRAINT FK_events_match_id FOREIGN KEY (matchId)
    REFERENCES foottour.matches(id) ON DELETE NO ACTION;

ALTER TABLE foottour.events 
  ADD CONSTRAINT FK_events_player_id FOREIGN KEY (playerId)
    REFERENCES foottour.players(id) ON DELETE NO ACTION;
    
ALTER TABLE foottour.groups 
  ADD CONSTRAINT FK_groups_tournament_id FOREIGN KEY (tournamentId)
    REFERENCES foottour.tournaments(id) ON DELETE NO ACTION;
    
ALTER TABLE foottour.teams_to_groups 
  ADD CONSTRAINT FK_teams_to_groups_group_id FOREIGN KEY (groupId)
    REFERENCES foottour.groups(id) ON DELETE NO ACTION;

ALTER TABLE foottour.teams_to_groups 
  ADD CONSTRAINT FK_teams_to_groups_team_id FOREIGN KEY (teamId)
    REFERENCES foottour.teams(id) ON DELETE NO ACTION;

ALTER TABLE foottour.kit_numbers_to_players 
  ADD CONSTRAINT FK_kit_numbers_to_players_playerId FOREIGN KEY (playerId)
    REFERENCES foottour.players(id) ON DELETE NO ACTION;

ALTER TABLE foottour.kit_numbers_to_players 
  ADD CONSTRAINT FK_kit_numbers_to_players_tournamentId FOREIGN KEY (tournamentId)
    REFERENCES foottour.tournaments(id) ON DELETE NO ACTION;

ALTER TABLE foottour.referees_to_tournaments 
  ADD CONSTRAINT FK_referees_to_tournaments_refereeId FOREIGN KEY (refereeId)
    REFERENCES foottour.users(id) ON DELETE NO ACTION;

ALTER TABLE foottour.referees_to_tournaments 
  ADD CONSTRAINT FK_referees_to_tournaments_tournamentId FOREIGN KEY (tournamentId)

REFERENCES foottour.tournaments(id) ON DELETE NO ACTION;

INSERT INTO foottour.users (name, email, password, isDeleted, isOrganizer, isReferee, isLeader, confirmation) VALUES ('Admin', 'admin', 'admin', 0, 1, 1, 1, 0);
insert into users (id, name, email, password, isDeleted, isOrganizer, isReferee, isLeader, confirmation) values (2, 'Alys Itshak', 'aitshak1@naver.com', 'hzb5rek', false, true, true, false, false);
insert into users (id, name, email, password, isDeleted, isOrganizer, isReferee, isLeader, confirmation) values (3, 'Frasier Speke', 'fspeke2@irs.gov', 'oKsCBY62Jvk', true, true, true, true, false);
insert into users (id, name, email, password, isDeleted, isOrganizer, isReferee, isLeader, confirmation) values (4, 'Prinz Tanser', 'ptanser3@furl.net', 'IP9LSnqJjIkm', false, false, true, false, true);
insert into users (id, name, email, password, isDeleted, isOrganizer, isReferee, isLeader, confirmation) values (5, 'Garrett Grandin', 'ggrandin4@stanford.edu', '7nEiqvAyOZf', false, true, true, true, false);
insert into users (id, name, email, password, isDeleted, isOrganizer, isReferee, isLeader, confirmation) values (6, 'Maryanne Goudman', 'mgoudman5@vk.com', 'd81oaO', true, true, false, true, false);
insert into users (id, name, email, password, isDeleted, isOrganizer, isReferee, isLeader, confirmation) values (7, 'Brodie Schofield', 'bschofield6@prnewswire.com', 'NfTU5mfNAMez', false, true, true, false, false);
insert into users (id, name, email, password, isDeleted, isOrganizer, isReferee, isLeader, confirmation) values (8, 'Darrick Meaker', 'dmeaker7@sphinn.com', 'XssvIHli6kch', false, true, true, true, true);
insert into users (id, name, email, password, isDeleted, isOrganizer, isReferee, isLeader, confirmation) values (9, 'Yancey Daly', 'ydaly8@irs.gov', 'WkaPvqhLd', true, true, true, true, false);
insert into users (id, name, email, password, isDeleted, isOrganizer, isReferee, isLeader, confirmation) values (10, 'Sari Axon', 'saxon9@addtoany.com', 'axAjdbboy', false, false, true, false, true);


insert into tournaments (id, organizerId, startDate, endDate, name, location, bestPlayer, topScorer, bestGoalkeeper, entryFee, description, teamsCount, type, groupMatches, knockoutMatches, finalMatches, fields) values (1, 10, '2022-06-03 12:09:47', '2022-06-14 12:09:47', 'Tin', '9404 Sopron, Spohn 308. (Győr-Moson-Sopron)', null, null, null, 9543, 'Nullam orci pede, venenatis non, sodales sed, tincidunt eu, felis. Fusce posuere felis sed lacus. Morbi sem mauris, laoreet ut, rhoncus aliquet, pulvinar sed, nisl. Nunc rhoncus dui vel sem. Sed sagittis. Nam congue, risus semper porta volutpat, quam pede lobortis ligula, sit amet eleifend pede libero quis orci. Nullam molestie nibh in lectus. Pellentesque at nulla.', 8, 'Egyenes kieséses', 2, 1, 1, 2);
insert into tournaments (id, organizerId, startDate, endDate, name, location, bestPlayer, topScorer, bestGoalkeeper, entryFee, description, teamsCount, type, groupMatches, knockoutMatches, finalMatches, fields) values (2, 6, '2022-06-07 09:32:15', '2022-06-12 09:32:15', 'Vagram', '3504 Miskolc, Kennedy 48502. (Borsod-Abaúj-Zemplén)', null, null, null, 4482, 'Fusce consequat. Nulla nisl. Nunc nisl. Duis bibendum, felis sed interdum venenatis, turpis enim blandit mi, in porttitor pede justo eu massa. Donec dapibus. Duis at velit eu est congue elementum. In hac habitasse platea dictumst. Morbi vestibulum, velit id pretium iaculis, diam erat fermentum justo, nec condimentum neque sapien placerat ante.', 8, 'Egyenes kieséses', 2, 2, 2, 5);
insert into tournaments (id, organizerId, startDate, endDate, name, location, bestPlayer, topScorer, bestGoalkeeper, entryFee, description, teamsCount, type, groupMatches, knockoutMatches, finalMatches, fields) values (3, 4, '2022-04-16 18:52:34', '2022-04-20 18:52:34', 'Cardify', '3304 Eger, Northridge 46. (Heves)', null, null, null, 1471, 'Nulla facilisi. Cras non velit nec nisi vulputate nonummy. Maecenas tincidunt lacus at velit. Vivamus vel nulla eget eros elementum pellentesque. Quisque porta volutpat erat. Quisque erat eros, viverra eget, congue eget, semper rutrum, nulla.', 32, 'Egyenes kieséses', 1, 1, 2, 2);
insert into tournaments (id, organizerId, startDate, endDate, name, location, bestPlayer, topScorer, bestGoalkeeper, entryFee, description, teamsCount, type, groupMatches, knockoutMatches, finalMatches, fields) values (4, 4, '2022-04-13 12:57:40', '2022-04-23 12:57:40', 'Lotlux', '9704 Szombathely, Hollow Ridge 456. (Vas)', null, null, null, 6956, 'Pellentesque ultrices mattis odio. Donec vitae nisi. Nam ultrices, libero non mattis pulvinar, nulla pede ullamcorper augue, a suscipit nulla elit ac nulla. Sed vel enim sit amet nunc viverra dapibus. Nulla suscipit ligula in lacus. Curabitur at ipsum ac tellus semper interdum. Mauris ullamcorper purus sit amet nulla. Quisque arcu libero, rutrum ac, lobortis vel, dapibus at, diam. Nam tristique tortor eu pede.', 32, 'Egyenes kieséses', 2, 1, 1, 1);
insert into tournaments (id, organizerId, startDate, endDate, name, location, bestPlayer, topScorer, bestGoalkeeper, entryFee, description, teamsCount, type, groupMatches, knockoutMatches, finalMatches, fields) values (5, 5, '2022-04-15 12:20:09', '2022-04-25 12:20:09', 'Tin', '3543 Miskolc, Hallows 1497. (Borsod-Abaúj-Zemplén)', null, null, null, 463, 'Vestibulum ante ipsum primis in faucibus orci luctus et ultrices posuere cubilia Curae; Mauris viverra diam vitae quam. Suspendisse potenti. Nullam porttitor lacus at turpis. Donec posuere metus vitae ipsum. Aliquam non mauris. Morbi non lectus. Aliquam sit amet diam in magna bibendum imperdiet.', 32, 'Csoportkör és kieséses', 2, 1, 2, 3);
insert into tournaments (id, organizerId, startDate, endDate, name, location, bestPlayer, topScorer, bestGoalkeeper, entryFee, description, teamsCount, type, groupMatches, knockoutMatches, finalMatches, fields) values (6, 4, '2022-05-10 16:23:38', '2022-05-16 16:23:38', 'Treeflex', '4045 Debrecen, Roth 1840. (Hajdú-Bihar)', null, null, null, 9864, 'Maecenas pulvinar lobortis est. Phasellus sit amet erat. Nulla tempus. Vivamus in felis eu sapien cursus vestibulum.', 32, 'Csoportkör és kieséses', 1, 2, 1, 5);
insert into tournaments (id, organizerId, startDate, endDate, name, location, bestPlayer, topScorer, bestGoalkeeper, entryFee, description, teamsCount, type, groupMatches, knockoutMatches, finalMatches, fields) values (7, 7, '2022-05-12 01:29:21', '2022-05-13 01:29:21', 'Bitwolf', '8011 Székesfehérvár, Derek 31. (Fejér)', null, null, null, 2740, 'Donec odio justo, sollicitudin ut, suscipit a, feugiat et, eros. Vestibulum ac est lacinia nisi venenatis tristique. Fusce congue, diam id ornare imperdiet, sapien urna pretium nisl, ut volutpat sapien arcu sed augue. Aliquam erat volutpat. In congue. Etiam justo. Etiam pretium iaculis justo.', 32, 'Csoportkör és kieséses', 1, 1, 2, 5);
insert into tournaments (id, organizerId, startDate, endDate, name, location, bestPlayer, topScorer, bestGoalkeeper, entryFee, description, teamsCount, type, groupMatches, knockoutMatches, finalMatches, fields) values (8, 10, '2022-04-28 10:37:46', '2022-05-12 10:37:46', 'Aerified', '8011 Székesfehérvár, Fuller 0828. (Fejér)', null, null, null, 5077, 'Praesent lectus. Vestibulum quam sapien, varius ut, blandit non, interdum in, ante. Vestibulum ante ipsum primis in faucibus orci luctus et ultrices posuere cubilia Curae; Duis faucibus accumsan odio. Curabitur convallis. Duis consequat dui nec nisi volutpat eleifend. Donec ut dolor. Morbi vel lectus in quam fringilla rhoncus. Mauris enim leo, rhoncus sed, vestibulum sit amet, cursus id, turpis.', 16, 'Egyenes kieséses', 1, 1, 1, 4);
insert into tournaments (id, organizerId, startDate, endDate, name, location, bestPlayer, topScorer, bestGoalkeeper, entryFee, description, teamsCount, type, groupMatches, knockoutMatches, finalMatches, fields) values (9, 1, '2022-04-24 06:15:33', '2022-04-25 06:15:33', 'Asoka', '4029 Debrecen, Mendota 28. (Hajdú-Bihar)', null, null, null, 2780, 'Nulla tempus. Vivamus in felis eu sapien cursus vestibulum. Proin eu mi. Nulla ac enim. In tempor, turpis nec euismod scelerisque, quam turpis adipiscing lorem, vitae mattis nibh ligula nec sem.', 16, 'Egyenes kieséses', 2, 1, 2, 4);
insert into tournaments (id, organizerId, startDate, endDate, name, location, bestPlayer, topScorer, bestGoalkeeper, entryFee, description, teamsCount, type, groupMatches, knockoutMatches, finalMatches, fields) values (10, 2, '2022-03-30 22:56:46', '2022-04-12 22:56:46', 'Cardguard', '8011 Székesfehérvár, Green 17. (Fejér)', null, null, null, 7980, 'In sagittis dui vel nisl. Duis ac nibh. Fusce lacus purus, aliquet at, feugiat non, pretium quis, lectus. Suspendisse potenti. In eleifend quam a odio. In hac habitasse platea dictumst. Maecenas ut massa quis augue luctus tincidunt. Nulla mollis molestie lorem. Quisque ut erat. Curabitur gravida nisi at nibh.', 16, 'Egyenes kieséses', 2, 1, 2, 1);
insert into tournaments (id, organizerId, startDate, endDate, name, location, bestPlayer, topScorer, bestGoalkeeper, entryFee, description, teamsCount, type, groupMatches, knockoutMatches, finalMatches, fields) values (11, 7, '2022-05-31 07:09:24', '2022-06-06 07:09:24', 'Domainer', '6004 Kecskemét, Troy 662. (Bács-Kiskun)', null, null, null, 9487, 'Proin eu mi. Nulla ac enim. In tempor, turpis nec euismod scelerisque, quam turpis adipiscing lorem, vitae mattis nibh ligula nec sem. Duis aliquam convallis nunc. Proin at turpis a pede posuere nonummy. Integer non velit. Donec diam neque, vestibulum eget, vulputate ut, ultrices vel, augue. Vestibulum ante ipsum primis in faucibus orci luctus et ultrices posuere cubilia Curae; Donec pharetra, magna vestibulum aliquet ultrices, erat tortor sollicitudin mi, sit amet lobortis sapien sapien non mi. Integer ac neque. Duis bibendum. Morbi non quam nec dui luctus rutrum. Nulla tellus.', 16, 'Egyenes kieséses', 2, 1, 1, 5);
insert into tournaments (id, organizerId, startDate, endDate, name, location, bestPlayer, topScorer, bestGoalkeeper, entryFee, description, teamsCount, type, groupMatches, knockoutMatches, finalMatches, fields) values (12, 5, '2022-04-09 18:55:12', '2022-04-14 18:55:12', 'Duobam', '6718 Szeged, Wayridge 540. (Csongrád)', null, null, null, 4857, 'Fusce lacus purus, aliquet at, feugiat non, pretium quis, lectus. Suspendisse potenti. In eleifend quam a odio. In hac habitasse platea dictumst. Maecenas ut massa quis augue luctus tincidunt. Nulla mollis molestie lorem. Quisque ut erat. Curabitur gravida nisi at nibh. In hac habitasse platea dictumst.', 32, 'Csoportkör és kieséses', 2, 1, 1, 5);
insert into tournaments (id, organizerId, startDate, endDate, name, location, bestPlayer, topScorer, bestGoalkeeper, entryFee, description, teamsCount, type, groupMatches, knockoutMatches, finalMatches, fields) values (13, 5, '2022-03-27 13:30:08', '2022-03-28 13:30:08', 'Tres-Zap', '4045 Debrecen, Sycamore 8179. (Hajdú-Bihar)', null, null, null, 5564, 'Lorem ipsum dolor sit amet, consectetuer adipiscing elit. Proin interdum mauris non ligula pellentesque ultrices. Phasellus id sapien in sapien iaculis congue. Vivamus metus arcu, adipiscing molestie, hendrerit at, vulputate vitae, nisl. Aenean lectus. Pellentesque eget nunc. Donec quis orci eget orci vehicula condimentum. Curabitur in libero ut massa volutpat convallis. Morbi odio odio, elementum eu, interdum eu, tincidunt in, leo. Maecenas pulvinar lobortis est. Phasellus sit amet erat. Nulla tempus.', 16, 'Csoportkör és kieséses', 1, 2, 2, 2);
insert into tournaments (id, organizerId, startDate, endDate, name, location, bestPlayer, topScorer, bestGoalkeeper, entryFee, description, teamsCount, type, groupMatches, knockoutMatches, finalMatches, fields) values (14, 7, '2022-03-29 20:22:52', '2022-04-06 20:22:52', 'Flexidy', '5009 Szolnok, Vera 9. (Jász-Nagykun-Szolnok)', null, null, null, 5160, 'Nulla tellus. In sagittis dui vel nisl. Duis ac nibh.', 16, 'Csoportkör és kieséses', 2, 2, 2, 1);
insert into tournaments (id, organizerId, startDate, endDate, name, location, bestPlayer, topScorer, bestGoalkeeper, entryFee, description, teamsCount, type, groupMatches, knockoutMatches, finalMatches, fields) values (15, 10, '2022-05-09 05:17:34', '2022-05-19 05:17:34', 'Konklab', '4014 Debrecen, Westport 76819. (Hajdú-Bihar)', null, null, null, 7647, 'Duis ac nibh. Fusce lacus purus, aliquet at, feugiat non, pretium quis, lectus. Suspendisse potenti. In eleifend quam a odio. In hac habitasse platea dictumst. Maecenas ut massa quis augue luctus tincidunt. Nulla mollis molestie lorem. Quisque ut erat. Curabitur gravida nisi at nibh. In hac habitasse platea dictumst. Aliquam augue quam, sollicitudin vitae, consectetuer eget, rutrum at, lorem. Integer tincidunt ante vel ipsum. Praesent blandit lacinia erat. Vestibulum sed magna at nunc commodo placerat.', 8, 'Egyenes kieséses', 2, 1, 1, 5);
insert into tournaments (id, organizerId, startDate, endDate, name, location, bestPlayer, topScorer, bestGoalkeeper, entryFee, description, teamsCount, type, groupMatches, knockoutMatches, finalMatches, fields) values (16, 1, '2022-04-05 12:59:22', '2022-04-09 12:59:22', 'Namfix', '6748 Szeged, Arizona 0994. (Csongrád)', null, null, null, 9659, 'Donec ut dolor. Morbi vel lectus in quam fringilla rhoncus. Mauris enim leo, rhoncus sed, vestibulum sit amet, cursus id, turpis. Integer aliquet, massa id lobortis convallis, tortor risus dapibus augue, vel accumsan tellus nisi eu orci. Mauris lacinia sapien quis libero. Nullam sit amet turpis elementum ligula vehicula consequat. Morbi a ipsum. Integer a nibh. In quis justo.', 16, 'Csoportkör és kieséses', 1, 1, 2, 5);
insert into tournaments (id, organizerId, startDate, endDate, name, location, bestPlayer, topScorer, bestGoalkeeper, entryFee, description, teamsCount, type, groupMatches, knockoutMatches, finalMatches, fields) values (17, 2, '2022-06-10 13:21:11', '2022-06-18 13:21:11', 'Tempsoft', '5604 Békéscsaba, Carpenter 57. (Békés)', null, null, null, 7327, 'Nulla nisl. Nunc nisl. Duis bibendum, felis sed interdum venenatis, turpis enim blandit mi, in porttitor pede justo eu massa.', 8, 'Egyenes kieséses', 1, 1, 1, 3);
insert into tournaments (id, organizerId, startDate, endDate, name, location, bestPlayer, topScorer, bestGoalkeeper, entryFee, description, teamsCount, type, groupMatches, knockoutMatches, finalMatches, fields) values (18, 3, '2022-05-13 17:43:31', '2022-05-20 17:43:31', 'Hatity', '7646 Pécs, Oriole 6074. (Baranya)', null, null, null, 2039, 'Nunc nisl. Duis bibendum, felis sed interdum venenatis, turpis enim blandit mi, in porttitor pede justo eu massa. Donec dapibus. Duis at velit eu est congue elementum. In hac habitasse platea dictumst. Morbi vestibulum, velit id pretium iaculis, diam erat fermentum justo, nec condimentum neque sapien placerat ante. Nulla justo. Aliquam quis turpis eget elit sodales scelerisque. Mauris sit amet eros. Suspendisse accumsan tortor quis turpis.', 8, 'Egyenes kieséses', 1, 1, 1, 3);
insert into tournaments (id, organizerId, startDate, endDate, name, location, bestPlayer, topScorer, bestGoalkeeper, entryFee, description, teamsCount, type, groupMatches, knockoutMatches, finalMatches, fields) values (19, 6, '2022-04-24 02:41:33', '2022-05-07 02:41:33', 'Rank', '6748 Szeged, Onsgard 80686. (Csongrád)', null, null, null, 2994, 'Maecenas tincidunt lacus at velit. Vivamus vel nulla eget eros elementum pellentesque. Quisque porta volutpat erat. Quisque erat eros, viverra eget, congue eget, semper rutrum, nulla. Nunc purus. Phasellus in felis. Donec semper sapien a libero. Nam dui. Proin leo odio, porttitor id, consequat in, consequat ut, nulla. Sed accumsan felis. Ut at dolor quis odio consequat varius. Integer ac leo. Pellentesque ultrices mattis odio. Donec vitae nisi. Nam ultrices, libero non mattis pulvinar, nulla pede ullamcorper augue, a suscipit nulla elit ac nulla.', 16, 'Csoportkör és kieséses', 2, 2, 2, 4);
insert into tournaments (id, organizerId, startDate, endDate, name, location, bestPlayer, topScorer, bestGoalkeeper, entryFee, description, teamsCount, type, groupMatches, knockoutMatches, finalMatches, fields) values (20, 5, '2022-05-12 22:27:23', '2022-05-20 22:27:23', 'Ronstring', '9404 Sopron, Eggendart 95411. (Győr-Moson-Sopron)', null, null, null, 3059, 'Duis bibendum. Morbi non quam nec dui luctus rutrum. Nulla tellus. In sagittis dui vel nisl.', 16, 'Egyenes kieséses', 1, 2, 2, 3);
insert into tournaments (id, organizerId, startDate, endDate, name, location, bestPlayer, topScorer, bestGoalkeeper, entryFee, description, teamsCount, type, groupMatches, knockoutMatches, finalMatches, fields) values (21, 7, '2022-03-26 02:41:42', '2022-04-01 02:41:42', 'Bitwolf', '8505 Pápa, Merry 6031. (Veszprém)', null, null, null, 9696, 'Nulla neque libero, convallis eget, eleifend luctus, ultricies eu, nibh. Quisque id justo sit amet sapien dignissim vestibulum. Vestibulum ante ipsum primis in faucibus orci luctus et ultrices posuere cubilia Curae; Nulla dapibus dolor vel est. Donec odio justo, sollicitudin ut, suscipit a, feugiat et, eros. Vestibulum ac est lacinia nisi venenatis tristique. Fusce congue, diam id ornare imperdiet, sapien urna pretium nisl, ut volutpat sapien arcu sed augue. Aliquam erat volutpat. In congue.', 16, 'Egyenes kieséses', 1, 1, 1, 1);
insert into tournaments (id, organizerId, startDate, endDate, name, location, bestPlayer, topScorer, bestGoalkeeper, entryFee, description, teamsCount, type, groupMatches, knockoutMatches, finalMatches, fields) values (22, 2, '2022-05-22 05:37:19', '2022-05-25 05:37:19', 'Tresom', '3515 Miskolc, Esker 9837. (Borsod-Abaúj-Zemplén)', null, null, null, 4880, 'Duis ac nibh. Fusce lacus purus, aliquet at, feugiat non, pretium quis, lectus. Suspendisse potenti. In eleifend quam a odio. In hac habitasse platea dictumst. Maecenas ut massa quis augue luctus tincidunt. Nulla mollis molestie lorem. Quisque ut erat. Curabitur gravida nisi at nibh. In hac habitasse platea dictumst. Aliquam augue quam, sollicitudin vitae, consectetuer eget, rutrum at, lorem. Integer tincidunt ante vel ipsum. Praesent blandit lacinia erat. Vestibulum sed magna at nunc commodo placerat.', 8, 'Egyenes kieséses', 2, 1, 2, 1);
insert into tournaments (id, organizerId, startDate, endDate, name, location, bestPlayer, topScorer, bestGoalkeeper, entryFee, description, teamsCount, type, groupMatches, knockoutMatches, finalMatches, fields) values (23, 2, '2022-04-08 11:35:52', '2022-04-16 11:35:52', 'Zontrax', '4014 Debrecen, Novick 45. (Hajdú-Bihar)', null, null, null, 2802, 'Proin interdum mauris non ligula pellentesque ultrices. Phasellus id sapien in sapien iaculis congue. Vivamus metus arcu, adipiscing molestie, hendrerit at, vulputate vitae, nisl. Aenean lectus. Pellentesque eget nunc. Donec quis orci eget orci vehicula condimentum. Curabitur in libero ut massa volutpat convallis. Morbi odio odio, elementum eu, interdum eu, tincidunt in, leo. Maecenas pulvinar lobortis est. Phasellus sit amet erat. Nulla tempus.', 16, 'Csoportkör és kieséses', 2, 2, 2, 5);
insert into tournaments (id, organizerId, startDate, endDate, name, location, bestPlayer, topScorer, bestGoalkeeper, entryFee, description, teamsCount, type, groupMatches, knockoutMatches, finalMatches, fields) values (24, 4, '2022-04-29 06:07:57', '2022-05-01 06:07:57', 'Gembucket', '7621 Pécs, Meadow Valley 5866. (Baranya)', null, null, null, 3292, 'Vivamus tortor. Duis mattis egestas metus. Aenean fermentum. Donec ut mauris eget massa tempor convallis. Nulla neque libero, convallis eget, eleifend luctus, ultricies eu, nibh. Quisque id justo sit amet sapien dignissim vestibulum.', 32, 'Csoportkör és kieséses', 2, 1, 2, 3);
insert into tournaments (id, organizerId, startDate, endDate, name, location, bestPlayer, topScorer, bestGoalkeeper, entryFee, description, teamsCount, type, groupMatches, knockoutMatches, finalMatches, fields) values (25, 4, '2022-06-02 08:30:40', '2022-06-07 08:30:40', 'Duobam', '2809 Tatabánya, Division 2. (Komárom-Esztergom)', null, null, null, 9644, 'Etiam vel augue. Vestibulum rutrum rutrum neque. Aenean auctor gravida sem. Praesent id massa id nisl venenatis lacinia. Aenean sit amet justo.', 32, 'Egyenes kieséses', 1, 2, 1, 4);

insert into teams (id, leaderId, name) values (1, 9, 'Lotstring');
insert into teams (id, leaderId, name) values (2, 5, 'Tin');
insert into teams (id, leaderId, name) values (3, 8, 'Rank');
insert into teams (id, leaderId, name) values (4, 8, 'Viva');
insert into teams (id, leaderId, name) values (5, 6, 'Fintone');
insert into teams (id, leaderId, name) values (6, 8, 'Vagram');
insert into teams (id, leaderId, name) values (7, 5, 'Wrapsafe');
insert into teams (id, leaderId, name) values (8, 9, 'Otcom');
insert into teams (id, leaderId, name) values (9, 5, 'Pannier');
insert into teams (id, leaderId, name) values (10, 6, 'Daltfresh');
insert into teams (id, leaderId, name) values (11, 1, 'Opela');
insert into teams (id, leaderId, name) values (12, 9, 'Kanlam');
insert into teams (id, leaderId, name) values (13, 6, 'Fixflex');
insert into teams (id, leaderId, name) values (14, 9, 'Stringtough');
insert into teams (id, leaderId, name) values (15, 5, 'Domainer');
insert into teams (id, leaderId, name) values (16, 1, 'Rank');
insert into teams (id, leaderId, name) values (17, 5, 'Tempsoft');
insert into teams (id, leaderId, name) values (18, 8, 'Bitchip');
insert into teams (id, leaderId, name) values (19, 1, 'Prodder');
insert into teams (id, leaderId, name) values (20, 3, 'Veribet');
insert into teams (id, leaderId, name) values (21, 1, 'Bytecard');
insert into teams (id, leaderId, name) values (22, 1, 'Home Ing');
insert into teams (id, leaderId, name) values (23, 9, 'Lotlux');
insert into teams (id, leaderId, name) values (24, 9, 'Bamity');
insert into teams (id, leaderId, name) values (25, 6, 'Sonsing');
insert into teams (id, leaderId, name) values (26, 9, 'Pannier');
insert into teams (id, leaderId, name) values (27, 3, 'Zoolab');
insert into teams (id, leaderId, name) values (28, 3, 'Aerified');
insert into teams (id, leaderId, name) values (29, 6, 'Transcof');
insert into teams (id, leaderId, name) values (30, 6, 'Wrapsafe');
insert into teams (id, leaderId, name) values (31, 6, 'Andalax');
insert into teams (id, leaderId, name) values (32, 9, 'Cardify');
insert into teams (id, leaderId, name) values (33, 1, 'Cardify');
insert into teams (id, leaderId, name) values (34, 9, 'Alpha');
insert into teams (id, leaderId, name) values (35, 5, 'Matsoft');
insert into teams (id, leaderId, name) values (36, 3, 'Regrant');
insert into teams (id, leaderId, name) values (37, 5, 'Tempsoft');
insert into teams (id, leaderId, name) values (38, 9, 'Job');
insert into teams (id, leaderId, name) values (39, 1, 'Konklab');
insert into teams (id, leaderId, name) values (40, 1, 'Aerified');
insert into teams (id, leaderId, name) values (41, 6, 'Opela');
insert into teams (id, leaderId, name) values (42, 9, 'Sonair');
insert into teams (id, leaderId, name) values (43, 6, 'Stringtough');
insert into teams (id, leaderId, name) values (44, 3, 'Zamit');
insert into teams (id, leaderId, name) values (45, 6, 'It');
insert into teams (id, leaderId, name) values (46, 5, 'It');
insert into teams (id, leaderId, name) values (47, 8, 'Voltsillam');
insert into teams (id, leaderId, name) values (48, 6, 'Quo Lux');
insert into teams (id, leaderId, name) values (49, 5, 'Namfix');
insert into teams (id, leaderId, name) values (50, 9, 'Span');
insert into teams (id, leaderId, name) values (51, 6, 'Flexidy');
insert into teams (id, leaderId, name) values (52, 8, 'Zoolab');
insert into teams (id, leaderId, name) values (53, 9, 'Sonsing');
insert into teams (id, leaderId, name) values (54, 8, 'Stronghold');
insert into teams (id, leaderId, name) values (55, 8, 'Daltfresh');
insert into teams (id, leaderId, name) values (56, 8, 'Stringtough');
insert into teams (id, leaderId, name) values (57, 8, 'Zaam-Dox');
insert into teams (id, leaderId, name) values (58, 3, 'Pannier');
insert into teams (id, leaderId, name) values (59, 9, 'Zontrax');
insert into teams (id, leaderId, name) values (60, 8, 'Zaam-Dox');
insert into teams (id, leaderId, name) values (61, 8, 'Kanlam');
insert into teams (id, leaderId, name) values (62, 9, 'Vagram');
insert into teams (id, leaderId, name) values (63, 9, 'Greenlam');
insert into teams (id, leaderId, name) values (64, 6, 'Alphazap');
insert into teams (id, leaderId, name) values (65, 8, 'Flexidy');
insert into teams (id, leaderId, name) values (66, 1, 'Ventosanzap');
insert into teams (id, leaderId, name) values (67, 3, 'Otcom');
insert into teams (id, leaderId, name) values (68, 8, 'Temp');
insert into teams (id, leaderId, name) values (69, 3, 'Hatity');
insert into teams (id, leaderId, name) values (70, 1, 'Quo Lux');
insert into teams (id, leaderId, name) values (71, 6, 'Toughjoyfax');
insert into teams (id, leaderId, name) values (72, 5, 'Bitwolf');
insert into teams (id, leaderId, name) values (73, 6, 'Cardguard');
insert into teams (id, leaderId, name) values (74, 6, 'Viva');
insert into teams (id, leaderId, name) values (75, 3, 'Cardify');
insert into teams (id, leaderId, name) values (76, 9, 'Lotstring');
insert into teams (id, leaderId, name) values (77, 8, 'Otcom');
insert into teams (id, leaderId, name) values (78, 9, 'Otcom');
insert into teams (id, leaderId, name) values (79, 9, 'Fintone');
insert into teams (id, leaderId, name) values (80, 8, 'Cookley');
insert into teams (id, leaderId, name) values (81, 3, 'Alphazap');
insert into teams (id, leaderId, name) values (82, 5, 'Quo Lux');
insert into teams (id, leaderId, name) values (83, 9, 'Voyatouch');
insert into teams (id, leaderId, name) values (84, 6, 'Y-Solowarm');
insert into teams (id, leaderId, name) values (85, 5, 'Opela');
insert into teams (id, leaderId, name) values (86, 9, 'Trippledex');
insert into teams (id, leaderId, name) values (87, 9, 'Tres-Zap');
insert into teams (id, leaderId, name) values (88, 1, 'Prodder');
insert into teams (id, leaderId, name) values (89, 6, 'Zamit');
insert into teams (id, leaderId, name) values (90, 3, 'Latlux');
insert into teams (id, leaderId, name) values (91, 3, 'Latlux');
insert into teams (id, leaderId, name) values (92, 5, 'Ronstring');
insert into teams (id, leaderId, name) values (93, 8, 'Tampflex');
insert into teams (id, leaderId, name) values (94, 8, 'Toughjoyfax');
insert into teams (id, leaderId, name) values (95, 1, 'Cookley');
insert into teams (id, leaderId, name) values (96, 6, 'Bitchip');
insert into teams (id, leaderId, name) values (97, 1, 'Bytecard');
insert into teams (id, leaderId, name) values (98, 1, 'Viva');
insert into teams (id, leaderId, name) values (99, 5, 'Home Ing');
insert into teams (id, leaderId, name) values (100, 9, 'Namfix');
insert into teams (id, leaderId, name) values (101, 3, 'Voltsillam');
insert into teams (id, leaderId, name) values (102, 5, 'Matsoft');
insert into teams (id, leaderId, name) values (103, 3, 'Gembucket');
insert into teams (id, leaderId, name) values (104, 6, 'Temp');
insert into teams (id, leaderId, name) values (105, 6, 'Flowdesk');
insert into teams (id, leaderId, name) values (106, 5, 'Cookley');
insert into teams (id, leaderId, name) values (107, 5, 'Y-Solowarm');
insert into teams (id, leaderId, name) values (108, 3, 'Zaam-Dox');
insert into teams (id, leaderId, name) values (109, 9, 'Job');
insert into teams (id, leaderId, name) values (110, 8, 'Konklux');
insert into teams (id, leaderId, name) values (111, 8, 'Andalax');
insert into teams (id, leaderId, name) values (112, 1, 'Mat Lam Tam');
insert into teams (id, leaderId, name) values (113, 5, 'Tresom');
insert into teams (id, leaderId, name) values (114, 3, 'Konklab');
insert into teams (id, leaderId, name) values (115, 5, 'Tampflex');
insert into teams (id, leaderId, name) values (116, 3, 'Overhold');
insert into teams (id, leaderId, name) values (117, 8, 'Stim');
insert into teams (id, leaderId, name) values (118, 5, 'Bigtax');
insert into teams (id, leaderId, name) values (119, 6, 'Tresom');
insert into teams (id, leaderId, name) values (120, 9, 'Lotstring');
insert into teams (id, leaderId, name) values (121, 8, 'Fintone');
insert into teams (id, leaderId, name) values (122, 8, 'Konklab');
insert into teams (id, leaderId, name) values (123, 5, 'Sub-Ex');
insert into teams (id, leaderId, name) values (124, 8, 'Fintone');
insert into teams (id, leaderId, name) values (125, 1, 'Tres-Zap');
insert into teams (id, leaderId, name) values (126, 9, 'Ventosanzap');
insert into teams (id, leaderId, name) values (127, 3, 'Lotstring');
insert into teams (id, leaderId, name) values (128, 6, 'Domainer');
insert into teams (id, leaderId, name) values (129, 8, 'Quo Lux');
insert into teams (id, leaderId, name) values (130, 9, 'Bigtax');
insert into teams (id, leaderId, name) values (131, 6, 'Aerified');
insert into teams (id, leaderId, name) values (132, 9, 'Treeflex');
insert into teams (id, leaderId, name) values (133, 6, 'Bitchip');
insert into teams (id, leaderId, name) values (134, 1, 'Ventosanzap');
insert into teams (id, leaderId, name) values (135, 6, 'Ronstring');
insert into teams (id, leaderId, name) values (136, 9, 'Domainer');
insert into teams (id, leaderId, name) values (137, 6, 'Bamity');
insert into teams (id, leaderId, name) values (138, 8, 'Solarbreeze');
insert into teams (id, leaderId, name) values (139, 8, 'Wrapsafe');
insert into teams (id, leaderId, name) values (140, 8, 'Tresom');
insert into teams (id, leaderId, name) values (141, 9, 'Alphazap');
insert into teams (id, leaderId, name) values (142, 5, 'Flexidy');
insert into teams (id, leaderId, name) values (143, 9, 'Zaam-Dox');
insert into teams (id, leaderId, name) values (144, 6, 'Latlux');
insert into teams (id, leaderId, name) values (145, 8, 'Viva');
insert into teams (id, leaderId, name) values (146, 1, 'Zontrax');
insert into teams (id, leaderId, name) values (147, 8, 'Zamit');
insert into teams (id, leaderId, name) values (148, 3, 'Bigtax');
insert into teams (id, leaderId, name) values (149, 6, 'Vagram');
insert into teams (id, leaderId, name) values (150, 1, 'Trippledex');
insert into teams (id, leaderId, name) values (151, 5, 'Bitwolf');
insert into teams (id, leaderId, name) values (152, 5, 'Tresom');
insert into teams (id, leaderId, name) values (153, 8, 'Vagram');
insert into teams (id, leaderId, name) values (154, 8, 'Temp');
insert into teams (id, leaderId, name) values (155, 9, 'Hatity');
insert into teams (id, leaderId, name) values (156, 6, 'Solarbreeze');
insert into teams (id, leaderId, name) values (157, 8, 'Lotstring');
insert into teams (id, leaderId, name) values (158, 9, 'Rank');
insert into teams (id, leaderId, name) values (159, 9, 'Mat Lam Tam');
insert into teams (id, leaderId, name) values (160, 3, 'Voltsillam');
insert into teams (id, leaderId, name) values (161, 1, 'Andalax');
insert into teams (id, leaderId, name) values (162, 3, 'Toughjoyfax');
insert into teams (id, leaderId, name) values (163, 3, 'Matsoft');
insert into teams (id, leaderId, name) values (164, 9, 'Voltsillam');
insert into teams (id, leaderId, name) values (165, 8, 'Viva');
insert into teams (id, leaderId, name) values (166, 1, 'Tres-Zap');
insert into teams (id, leaderId, name) values (167, 5, 'Overhold');
insert into teams (id, leaderId, name) values (168, 6, 'Fixflex');
insert into teams (id, leaderId, name) values (169, 9, 'Vagram');
insert into teams (id, leaderId, name) values (170, 6, 'Cookley');
insert into teams (id, leaderId, name) values (171, 3, 'Lotstring');
insert into teams (id, leaderId, name) values (172, 8, 'Cardguard');
insert into teams (id, leaderId, name) values (173, 9, 'Y-find');
insert into teams (id, leaderId, name) values (174, 5, 'Tampflex');
insert into teams (id, leaderId, name) values (175, 5, 'Keylex');
insert into teams (id, leaderId, name) values (176, 9, 'Konklab');
insert into teams (id, leaderId, name) values (177, 8, 'Voltsillam');
insert into teams (id, leaderId, name) values (178, 6, 'Sonair');
insert into teams (id, leaderId, name) values (179, 9, 'Home Ing');
insert into teams (id, leaderId, name) values (180, 1, 'Sonsing');
insert into teams (id, leaderId, name) values (181, 6, 'Biodex');
insert into teams (id, leaderId, name) values (182, 1, 'Duobam');
insert into teams (id, leaderId, name) values (183, 9, 'Alphazap');
insert into teams (id, leaderId, name) values (184, 3, 'Redhold');
insert into teams (id, leaderId, name) values (185, 1, 'Y-Solowarm');
insert into teams (id, leaderId, name) values (186, 3, 'Bamity');
insert into teams (id, leaderId, name) values (187, 1, 'Alphazap');
insert into teams (id, leaderId, name) values (188, 8, 'Transcof');
insert into teams (id, leaderId, name) values (189, 5, 'Cookley');
insert into teams (id, leaderId, name) values (190, 9, 'Viva');
insert into teams (id, leaderId, name) values (191, 1, 'Kanlam');
insert into teams (id, leaderId, name) values (192, 5, 'Holdlamis');
insert into teams (id, leaderId, name) values (193, 9, 'Zaam-Dox');
insert into teams (id, leaderId, name) values (194, 8, 'Solarbreeze');
insert into teams (id, leaderId, name) values (195, 6, 'Job');
insert into teams (id, leaderId, name) values (196, 8, 'Zontrax');
insert into teams (id, leaderId, name) values (197, 1, 'Stringtough');
insert into teams (id, leaderId, name) values (198, 5, 'Bitwolf');
insert into teams (id, leaderId, name) values (199, 8, 'Zaam-Dox');
insert into teams (id, leaderId, name) values (200, 9, 'Flowdesk');
insert into teams (id, leaderId, name) values (201, 1, 'Latlux');
insert into teams (id, leaderId, name) values (202, 8, 'Stronghold');
insert into teams (id, leaderId, name) values (203, 6, 'Wrapsafe');
insert into teams (id, leaderId, name) values (204, 1, 'Redhold');
insert into teams (id, leaderId, name) values (205, 6, 'Fixflex');
insert into teams (id, leaderId, name) values (206, 6, 'Treeflex');
insert into teams (id, leaderId, name) values (207, 8, 'Zontrax');
insert into teams (id, leaderId, name) values (208, 3, 'Bigtax');
insert into teams (id, leaderId, name) values (209, 3, 'Tres-Zap');
insert into teams (id, leaderId, name) values (210, 5, 'Cardify');
insert into teams (id, leaderId, name) values (211, 3, 'Wrapsafe');
insert into teams (id, leaderId, name) values (212, 8, 'Cardguard');
insert into teams (id, leaderId, name) values (213, 9, 'Alpha');
insert into teams (id, leaderId, name) values (214, 1, 'Pannier');
insert into teams (id, leaderId, name) values (215, 1, 'Duobam');
insert into teams (id, leaderId, name) values (216, 9, 'It');
insert into teams (id, leaderId, name) values (217, 9, 'Konklab');
insert into teams (id, leaderId, name) values (218, 9, 'Opela');
insert into teams (id, leaderId, name) values (219, 9, 'Solarbreeze');
insert into teams (id, leaderId, name) values (220, 8, 'Konklab');
insert into teams (id, leaderId, name) values (221, 5, 'Ventosanzap');
insert into teams (id, leaderId, name) values (222, 9, 'Domainer');
insert into teams (id, leaderId, name) values (223, 5, 'Sub-Ex');
insert into teams (id, leaderId, name) values (224, 3, 'Alpha');
insert into teams (id, leaderId, name) values (225, 8, 'Subin');
insert into teams (id, leaderId, name) values (226, 9, 'Stim');
insert into teams (id, leaderId, name) values (227, 8, 'Flowdesk');
insert into teams (id, leaderId, name) values (228, 6, 'Fintone');
insert into teams (id, leaderId, name) values (229, 3, 'Zaam-Dox');
insert into teams (id, leaderId, name) values (230, 3, 'Sub-Ex');
insert into teams (id, leaderId, name) values (231, 3, 'Sonair');
insert into teams (id, leaderId, name) values (232, 9, 'Vagram');
insert into teams (id, leaderId, name) values (233, 3, 'Y-find');
insert into teams (id, leaderId, name) values (234, 1, 'Vagram');
insert into teams (id, leaderId, name) values (235, 9, 'Cardify');
insert into teams (id, leaderId, name) values (236, 8, 'Subin');
insert into teams (id, leaderId, name) values (237, 3, 'Zathin');
insert into teams (id, leaderId, name) values (238, 9, 'Lotstring');
insert into teams (id, leaderId, name) values (239, 3, 'Duobam');
insert into teams (id, leaderId, name) values (240, 3, 'Zaam-Dox');
insert into teams (id, leaderId, name) values (241, 1, 'Gembucket');
insert into teams (id, leaderId, name) values (242, 6, 'Lotstring');
insert into teams (id, leaderId, name) values (243, 8, 'Zontrax');
insert into teams (id, leaderId, name) values (244, 5, 'Redhold');
insert into teams (id, leaderId, name) values (245, 3, 'Otcom');
insert into teams (id, leaderId, name) values (246, 6, 'Solarbreeze');
insert into teams (id, leaderId, name) values (247, 6, 'Lotlux');
insert into teams (id, leaderId, name) values (248, 3, 'Bitwolf');
insert into teams (id, leaderId, name) values (249, 5, 'Zontrax');
insert into teams (id, leaderId, name) values (250, 8, 'Stringtough');
insert into teams (id, leaderId, name) values (251, 1, 'Pannier');
insert into teams (id, leaderId, name) values (252, 3, 'Hatity');
insert into teams (id, leaderId, name) values (253, 8, 'Zamit');
insert into teams (id, leaderId, name) values (254, 8, 'Lotstring');
insert into teams (id, leaderId, name) values (255, 9, 'Toughjoyfax');
insert into teams (id, leaderId, name) values (256, 6, 'Lotstring');
insert into teams (id, leaderId, name) values (257, 5, 'Sonair');
insert into teams (id, leaderId, name) values (258, 1, 'Daltfresh');
insert into teams (id, leaderId, name) values (259, 3, 'Bamity');
insert into teams (id, leaderId, name) values (260, 9, 'Zamit');
insert into teams (id, leaderId, name) values (261, 1, 'Flexidy');
insert into teams (id, leaderId, name) values (262, 6, 'Pannier');
insert into teams (id, leaderId, name) values (263, 9, 'It');
insert into teams (id, leaderId, name) values (264, 9, 'Stim');
insert into teams (id, leaderId, name) values (265, 9, 'Greenlam');
insert into teams (id, leaderId, name) values (266, 1, 'Treeflex');
insert into teams (id, leaderId, name) values (267, 1, 'Flowdesk');
insert into teams (id, leaderId, name) values (268, 3, 'Alphazap');
insert into teams (id, leaderId, name) values (269, 1, 'Prodder');
insert into teams (id, leaderId, name) values (270, 3, 'Biodex');
insert into teams (id, leaderId, name) values (271, 9, 'Konklux');
insert into teams (id, leaderId, name) values (272, 8, 'Holdlamis');
insert into teams (id, leaderId, name) values (273, 1, 'Zathin');
insert into teams (id, leaderId, name) values (274, 6, 'Overhold');
insert into teams (id, leaderId, name) values (275, 6, 'Asoka');
insert into teams (id, leaderId, name) values (276, 1, 'Tin');
insert into teams (id, leaderId, name) values (277, 1, 'Y-Solowarm');
insert into teams (id, leaderId, name) values (278, 3, 'Voyatouch');
insert into teams (id, leaderId, name) values (279, 6, 'Bytecard');
insert into teams (id, leaderId, name) values (280, 3, 'Veribet');
insert into teams (id, leaderId, name) values (281, 8, 'Pannier');
insert into teams (id, leaderId, name) values (282, 9, 'Daltfresh');
insert into teams (id, leaderId, name) values (283, 3, 'Y-find');
insert into teams (id, leaderId, name) values (284, 9, 'Cookley');
insert into teams (id, leaderId, name) values (285, 6, 'Fix San');
insert into teams (id, leaderId, name) values (286, 5, 'Home Ing');
insert into teams (id, leaderId, name) values (287, 5, 'Alphazap');
insert into teams (id, leaderId, name) values (288, 8, 'Biodex');
insert into teams (id, leaderId, name) values (289, 5, 'Zaam-Dox');
insert into teams (id, leaderId, name) values (290, 6, 'Rank');
insert into teams (id, leaderId, name) values (291, 1, 'Fixflex');
insert into teams (id, leaderId, name) values (292, 5, 'Zoolab');
insert into teams (id, leaderId, name) values (293, 1, 'Gembucket');
insert into teams (id, leaderId, name) values (294, 1, 'Hatity');
insert into teams (id, leaderId, name) values (295, 1, 'Otcom');
insert into teams (id, leaderId, name) values (296, 9, 'Fixflex');
insert into teams (id, leaderId, name) values (297, 3, 'Subin');
insert into teams (id, leaderId, name) values (298, 6, 'Sonsing');
insert into teams (id, leaderId, name) values (299, 1, 'Zoolab');
insert into teams (id, leaderId, name) values (300, 1, 'Cookley');
insert into teams (id, leaderId, name) values (301, 1, 'Otcom');
insert into teams (id, leaderId, name) values (302, 3, 'Keylex');
insert into teams (id, leaderId, name) values (303, 9, 'Konklux');
insert into teams (id, leaderId, name) values (304, 3, 'Matsoft');
insert into teams (id, leaderId, name) values (305, 3, 'Redhold');
insert into teams (id, leaderId, name) values (306, 5, 'Namfix');
insert into teams (id, leaderId, name) values (307, 6, 'Prodder');
insert into teams (id, leaderId, name) values (308, 6, 'Sub-Ex');
insert into teams (id, leaderId, name) values (309, 6, 'Zaam-Dox');
insert into teams (id, leaderId, name) values (310, 9, 'Zoolab');
insert into teams (id, leaderId, name) values (311, 5, 'Sub-Ex');
insert into teams (id, leaderId, name) values (312, 8, 'Hatity');
insert into teams (id, leaderId, name) values (313, 8, 'Greenlam');
insert into teams (id, leaderId, name) values (314, 9, 'Otcom');
insert into teams (id, leaderId, name) values (315, 5, 'Namfix');
insert into teams (id, leaderId, name) values (316, 9, 'Vagram');
insert into teams (id, leaderId, name) values (317, 8, 'Transcof');
insert into teams (id, leaderId, name) values (318, 6, 'Hatity');
insert into teams (id, leaderId, name) values (319, 9, 'Latlux');
insert into teams (id, leaderId, name) values (320, 6, 'Bamity');
insert into teams (id, leaderId, name) values (321, 1, 'Regrant');
insert into teams (id, leaderId, name) values (322, 5, 'Lotstring');
insert into teams (id, leaderId, name) values (323, 9, 'Namfix');
insert into teams (id, leaderId, name) values (324, 3, 'Voyatouch');
insert into teams (id, leaderId, name) values (325, 5, 'Gembucket');
insert into teams (id, leaderId, name) values (326, 8, 'Greenlam');
insert into teams (id, leaderId, name) values (327, 8, 'Greenlam');
insert into teams (id, leaderId, name) values (328, 9, 'Veribet');
insert into teams (id, leaderId, name) values (329, 5, 'Matsoft');
insert into teams (id, leaderId, name) values (330, 5, 'Bytecard');
insert into teams (id, leaderId, name) values (331, 3, 'Daltfresh');
insert into teams (id, leaderId, name) values (332, 9, 'Trippledex');
insert into teams (id, leaderId, name) values (333, 1, 'Bitchip');
insert into teams (id, leaderId, name) values (334, 1, 'Lotlux');
insert into teams (id, leaderId, name) values (335, 9, 'Bitchip');
insert into teams (id, leaderId, name) values (336, 3, 'Alphazap');
insert into teams (id, leaderId, name) values (337, 5, 'Quo Lux');
insert into teams (id, leaderId, name) values (338, 6, 'Redhold');
insert into teams (id, leaderId, name) values (339, 1, 'Ventosanzap');
insert into teams (id, leaderId, name) values (340, 1, 'Gembucket');
insert into teams (id, leaderId, name) values (341, 6, 'Y-find');
insert into teams (id, leaderId, name) values (342, 1, 'Sonsing');
insert into teams (id, leaderId, name) values (343, 9, 'Konklux');
insert into teams (id, leaderId, name) values (344, 6, 'Stronghold');
insert into teams (id, leaderId, name) values (345, 9, 'Matsoft');
insert into teams (id, leaderId, name) values (346, 5, 'Regrant');
insert into teams (id, leaderId, name) values (347, 8, 'Domainer');
insert into teams (id, leaderId, name) values (348, 9, 'Rank');
insert into teams (id, leaderId, name) values (349, 1, 'Fixflex');
insert into teams (id, leaderId, name) values (350, 1, 'Tempsoft');
insert into teams (id, leaderId, name) values (351, 1, 'Zontrax');
insert into teams (id, leaderId, name) values (352, 9, 'Andalax');
insert into teams (id, leaderId, name) values (353, 5, 'Hatity');
insert into teams (id, leaderId, name) values (354, 8, 'Mat Lam Tam');
insert into teams (id, leaderId, name) values (355, 3, 'Trippledex');
insert into teams (id, leaderId, name) values (356, 8, 'Opela');
insert into teams (id, leaderId, name) values (357, 5, 'Kanlam');
insert into teams (id, leaderId, name) values (358, 9, 'Toughjoyfax');
insert into teams (id, leaderId, name) values (359, 6, 'Fix San');
insert into teams (id, leaderId, name) values (360, 1, 'Ventosanzap');
insert into teams (id, leaderId, name) values (361, 3, 'Sub-Ex');
insert into teams (id, leaderId, name) values (362, 6, 'Alphazap');
insert into teams (id, leaderId, name) values (363, 6, 'Stringtough');
insert into teams (id, leaderId, name) values (364, 8, 'Transcof');
insert into teams (id, leaderId, name) values (365, 5, 'Gembucket');
insert into teams (id, leaderId, name) values (366, 9, 'Ronstring');
insert into teams (id, leaderId, name) values (367, 1, 'Tin');
insert into teams (id, leaderId, name) values (368, 1, 'Zontrax');
insert into teams (id, leaderId, name) values (369, 6, 'Stim');
insert into teams (id, leaderId, name) values (370, 6, 'Rank');
insert into teams (id, leaderId, name) values (371, 5, 'Flexidy');
insert into teams (id, leaderId, name) values (372, 1, 'Biodex');
insert into teams (id, leaderId, name) values (373, 9, 'Y-find');
insert into teams (id, leaderId, name) values (374, 8, 'Cardguard');
insert into teams (id, leaderId, name) values (375, 8, 'Transcof');
insert into teams (id, leaderId, name) values (376, 3, 'Transcof');
insert into teams (id, leaderId, name) values (377, 6, 'Lotlux');
insert into teams (id, leaderId, name) values (378, 6, 'Gembucket');
insert into teams (id, leaderId, name) values (379, 3, 'Solarbreeze');
insert into teams (id, leaderId, name) values (380, 1, 'Opela');
insert into teams (id, leaderId, name) values (381, 8, 'Job');
insert into teams (id, leaderId, name) values (382, 5, 'Keylex');
insert into teams (id, leaderId, name) values (383, 9, 'Zoolab');
insert into teams (id, leaderId, name) values (384, 6, 'Konklux');
insert into teams (id, leaderId, name) values (385, 3, 'Voyatouch');
insert into teams (id, leaderId, name) values (386, 1, 'Mat Lam Tam');
insert into teams (id, leaderId, name) values (387, 3, 'Stim');
insert into teams (id, leaderId, name) values (388, 3, 'Tampflex');
insert into teams (id, leaderId, name) values (389, 3, 'Y-Solowarm');
insert into teams (id, leaderId, name) values (390, 9, 'It');
insert into teams (id, leaderId, name) values (391, 5, 'Sub-Ex');
insert into teams (id, leaderId, name) values (392, 1, 'Toughjoyfax');
insert into teams (id, leaderId, name) values (393, 5, 'Holdlamis');
insert into teams (id, leaderId, name) values (394, 6, 'Span');
insert into teams (id, leaderId, name) values (395, 8, 'Konklux');
insert into teams (id, leaderId, name) values (396, 5, 'Viva');
insert into teams (id, leaderId, name) values (397, 5, 'Biodex');
insert into teams (id, leaderId, name) values (398, 8, 'Tresom');
insert into teams (id, leaderId, name) values (399, 3, 'Stringtough');
insert into teams (id, leaderId, name) values (400, 1, 'Zamit');
insert into teams (id, leaderId, name) values (401, 6, 'Cardify');
insert into teams (id, leaderId, name) values (402, 9, 'Zathin');
insert into teams (id, leaderId, name) values (403, 8, 'Bytecard');
insert into teams (id, leaderId, name) values (404, 1, 'Otcom');
insert into teams (id, leaderId, name) values (405, 3, 'Regrant');
insert into teams (id, leaderId, name) values (406, 9, 'Andalax');
insert into teams (id, leaderId, name) values (407, 8, 'Duobam');
insert into teams (id, leaderId, name) values (408, 9, 'Domainer');
insert into teams (id, leaderId, name) values (409, 1, 'Lotlux');
insert into teams (id, leaderId, name) values (410, 3, 'Namfix');
insert into teams (id, leaderId, name) values (411, 6, 'Fixflex');
insert into teams (id, leaderId, name) values (412, 5, 'Latlux');
insert into teams (id, leaderId, name) values (413, 9, 'Keylex');
insert into teams (id, leaderId, name) values (414, 9, 'Fixflex');
insert into teams (id, leaderId, name) values (415, 9, 'Subin');
insert into teams (id, leaderId, name) values (416, 9, 'Cardguard');
insert into teams (id, leaderId, name) values (417, 3, 'Cookley');
insert into teams (id, leaderId, name) values (418, 5, 'Otcom');
insert into teams (id, leaderId, name) values (419, 1, 'Asoka');
insert into teams (id, leaderId, name) values (420, 6, 'Cookley');
insert into teams (id, leaderId, name) values (421, 1, 'Tin');
insert into teams (id, leaderId, name) values (422, 9, 'Sonair');
insert into teams (id, leaderId, name) values (423, 9, 'Tin');
insert into teams (id, leaderId, name) values (424, 1, 'Latlux');
insert into teams (id, leaderId, name) values (425, 9, 'Zamit');
insert into teams (id, leaderId, name) values (426, 8, 'Ventosanzap');
insert into teams (id, leaderId, name) values (427, 1, 'Zontrax');
insert into teams (id, leaderId, name) values (428, 8, 'Lotlux');
insert into teams (id, leaderId, name) values (429, 9, 'Transcof');
insert into teams (id, leaderId, name) values (430, 8, 'Latlux');
insert into teams (id, leaderId, name) values (431, 5, 'Asoka');
insert into teams (id, leaderId, name) values (432, 8, 'Temp');
insert into teams (id, leaderId, name) values (433, 6, 'Toughjoyfax');
insert into teams (id, leaderId, name) values (434, 9, 'Subin');
insert into teams (id, leaderId, name) values (435, 6, 'Zaam-Dox');
insert into teams (id, leaderId, name) values (436, 6, 'Solarbreeze');
insert into teams (id, leaderId, name) values (437, 1, 'Y-find');
insert into teams (id, leaderId, name) values (438, 6, 'Zathin');
insert into teams (id, leaderId, name) values (439, 1, 'Prodder');
insert into teams (id, leaderId, name) values (440, 1, 'Bitwolf');
insert into teams (id, leaderId, name) values (441, 1, 'Regrant');
insert into teams (id, leaderId, name) values (442, 6, 'Tresom');
insert into teams (id, leaderId, name) values (443, 1, 'Lotlux');
insert into teams (id, leaderId, name) values (444, 9, 'Matsoft');
insert into teams (id, leaderId, name) values (445, 5, 'Temp');
insert into teams (id, leaderId, name) values (446, 9, 'Job');
insert into teams (id, leaderId, name) values (447, 9, 'Stim');
insert into teams (id, leaderId, name) values (448, 8, 'Alpha');
insert into teams (id, leaderId, name) values (449, 8, 'Tresom');
insert into teams (id, leaderId, name) values (450, 8, 'Job');
insert into teams (id, leaderId, name) values (451, 3, 'Trippledex');
insert into teams (id, leaderId, name) values (452, 1, 'Span');
insert into teams (id, leaderId, name) values (453, 1, 'Toughjoyfax');
insert into teams (id, leaderId, name) values (454, 6, 'Sub-Ex');
insert into teams (id, leaderId, name) values (455, 1, 'Fixflex');
insert into teams (id, leaderId, name) values (456, 5, 'Zathin');
insert into teams (id, leaderId, name) values (457, 8, 'Alpha');
insert into teams (id, leaderId, name) values (458, 8, 'Voltsillam');
insert into teams (id, leaderId, name) values (459, 9, 'Bamity');
insert into teams (id, leaderId, name) values (460, 8, 'Daltfresh');
insert into teams (id, leaderId, name) values (461, 8, 'Namfix');
insert into teams (id, leaderId, name) values (462, 3, 'It');
insert into teams (id, leaderId, name) values (463, 3, 'Matsoft');
insert into teams (id, leaderId, name) values (464, 1, 'Greenlam');
insert into teams (id, leaderId, name) values (465, 8, 'Tin');
insert into teams (id, leaderId, name) values (466, 9, 'Alpha');
insert into teams (id, leaderId, name) values (467, 9, 'Tresom');
insert into teams (id, leaderId, name) values (468, 6, 'Fix San');
insert into teams (id, leaderId, name) values (469, 9, 'Mat Lam Tam');
insert into teams (id, leaderId, name) values (470, 8, 'Pannier');
insert into teams (id, leaderId, name) values (471, 8, 'Otcom');
insert into teams (id, leaderId, name) values (472, 3, 'Cookley');
insert into teams (id, leaderId, name) values (473, 8, 'Home Ing');
insert into teams (id, leaderId, name) values (474, 3, 'Fixflex');
insert into teams (id, leaderId, name) values (475, 8, 'Voltsillam');
insert into teams (id, leaderId, name) values (476, 1, 'Tin');
insert into teams (id, leaderId, name) values (477, 1, 'Trippledex');
insert into teams (id, leaderId, name) values (478, 3, 'Tres-Zap');
insert into teams (id, leaderId, name) values (479, 6, 'Home Ing');
insert into teams (id, leaderId, name) values (480, 1, 'Cardify');
insert into teams (id, leaderId, name) values (481, 1, 'Temp');
insert into teams (id, leaderId, name) values (482, 6, 'Domainer');
insert into teams (id, leaderId, name) values (483, 9, 'Sonair');
insert into teams (id, leaderId, name) values (484, 9, 'Keylex');
insert into teams (id, leaderId, name) values (485, 5, 'Home Ing');
insert into teams (id, leaderId, name) values (486, 1, 'Y-find');
insert into teams (id, leaderId, name) values (487, 3, 'Wrapsafe');
insert into teams (id, leaderId, name) values (488, 1, 'Kanlam');
insert into teams (id, leaderId, name) values (489, 6, 'Aerified');
insert into teams (id, leaderId, name) values (490, 1, 'Transcof');
insert into teams (id, leaderId, name) values (491, 8, 'Domainer');
insert into teams (id, leaderId, name) values (492, 5, 'Pannier');
insert into teams (id, leaderId, name) values (493, 5, 'Regrant');
insert into teams (id, leaderId, name) values (494, 8, 'Temp');
insert into teams (id, leaderId, name) values (495, 9, 'Flowdesk');
insert into teams (id, leaderId, name) values (496, 9, 'Rank');
insert into teams (id, leaderId, name) values (497, 6, 'Voyatouch');
insert into teams (id, leaderId, name) values (498, 5, 'Fintone');
insert into teams (id, leaderId, name) values (499, 6, 'Wrapsafe');
insert into teams (id, leaderId, name) values (500, 1, 'Tresom');
insert into teams (id, leaderId, name) values (501, 8, 'It');
insert into teams (id, leaderId, name) values (502, 5, 'Treeflex');
insert into teams (id, leaderId, name) values (503, 5, 'Flexidy');
insert into teams (id, leaderId, name) values (504, 3, 'Vagram');
insert into teams (id, leaderId, name) values (505, 9, 'Tres-Zap');
insert into teams (id, leaderId, name) values (506, 1, 'Transcof');
insert into teams (id, leaderId, name) values (507, 6, 'Zamit');
insert into teams (id, leaderId, name) values (508, 8, 'Alpha');
insert into teams (id, leaderId, name) values (509, 5, 'Cookley');
insert into teams (id, leaderId, name) values (510, 1, 'Subin');
insert into teams (id, leaderId, name) values (511, 6, 'Sonsing');
insert into teams (id, leaderId, name) values (512, 5, 'Temp');
insert into teams (id, leaderId, name) values (513, 1, 'Subin');
insert into teams (id, leaderId, name) values (514, 8, 'Fixflex');
insert into teams (id, leaderId, name) values (515, 5, 'Flowdesk');
insert into teams (id, leaderId, name) values (516, 3, 'Sub-Ex');
insert into teams (id, leaderId, name) values (517, 8, 'Tampflex');
insert into teams (id, leaderId, name) values (518, 3, 'Stronghold');
insert into teams (id, leaderId, name) values (519, 3, 'Domainer');
insert into teams (id, leaderId, name) values (520, 3, 'Flexidy');
insert into teams (id, leaderId, name) values (521, 1, 'Sonair');
insert into teams (id, leaderId, name) values (522, 6, 'Zontrax');
insert into teams (id, leaderId, name) values (523, 5, 'Bitwolf');
insert into teams (id, leaderId, name) values (524, 6, 'Holdlamis');
insert into teams (id, leaderId, name) values (525, 8, 'Tres-Zap');
insert into teams (id, leaderId, name) values (526, 1, 'Fintone');
insert into teams (id, leaderId, name) values (527, 6, 'Otcom');
insert into teams (id, leaderId, name) values (528, 5, 'It');
insert into teams (id, leaderId, name) values (529, 5, 'Konklux');
insert into teams (id, leaderId, name) values (530, 5, 'Zoolab');
insert into teams (id, leaderId, name) values (531, 5, 'It');
insert into teams (id, leaderId, name) values (532, 9, 'Zoolab');
insert into teams (id, leaderId, name) values (533, 3, 'Lotlux');
insert into teams (id, leaderId, name) values (534, 6, 'Zathin');
insert into teams (id, leaderId, name) values (535, 1, 'Bytecard');
insert into teams (id, leaderId, name) values (536, 8, 'Alphazap');
insert into teams (id, leaderId, name) values (537, 5, 'Alpha');
insert into teams (id, leaderId, name) values (538, 3, 'Kanlam');
insert into teams (id, leaderId, name) values (539, 9, 'Y-Solowarm');
insert into teams (id, leaderId, name) values (540, 5, 'Trippledex');
insert into teams (id, leaderId, name) values (541, 3, 'It');
insert into teams (id, leaderId, name) values (542, 5, 'Stim');
insert into teams (id, leaderId, name) values (543, 6, 'Subin');
insert into teams (id, leaderId, name) values (544, 9, 'Latlux');
insert into teams (id, leaderId, name) values (545, 1, 'Alpha');
insert into teams (id, leaderId, name) values (546, 8, 'Sonair');
insert into teams (id, leaderId, name) values (547, 1, 'Hatity');
insert into teams (id, leaderId, name) values (548, 9, 'Voltsillam');
insert into teams (id, leaderId, name) values (549, 1, 'Bitchip');
insert into teams (id, leaderId, name) values (550, 6, 'Konklux');
insert into teams (id, leaderId, name) values (551, 6, 'Bitchip');
insert into teams (id, leaderId, name) values (552, 3, 'Alpha');
insert into teams (id, leaderId, name) values (553, 3, 'Cookley');
insert into teams (id, leaderId, name) values (554, 9, 'Voyatouch');
insert into teams (id, leaderId, name) values (555, 8, 'Alphazap');
insert into teams (id, leaderId, name) values (556, 6, 'Redhold');
insert into teams (id, leaderId, name) values (557, 6, 'Home Ing');
insert into teams (id, leaderId, name) values (558, 5, 'Asoka');
insert into teams (id, leaderId, name) values (559, 9, 'Bytecard');
insert into teams (id, leaderId, name) values (560, 5, 'Redhold');
insert into teams (id, leaderId, name) values (561, 1, 'Flexidy');
insert into teams (id, leaderId, name) values (562, 3, 'Mat Lam Tam');
insert into teams (id, leaderId, name) values (563, 1, 'Temp');
insert into teams (id, leaderId, name) values (564, 6, 'Tresom');
insert into teams (id, leaderId, name) values (565, 8, 'Biodex');
insert into teams (id, leaderId, name) values (566, 8, 'Span');
insert into teams (id, leaderId, name) values (567, 1, 'Treeflex');
insert into teams (id, leaderId, name) values (568, 8, 'Konklux');
insert into teams (id, leaderId, name) values (569, 6, 'Gembucket');
insert into teams (id, leaderId, name) values (570, 6, 'Alphazap');
insert into teams (id, leaderId, name) values (571, 3, 'Stringtough');
insert into teams (id, leaderId, name) values (572, 5, 'Subin');
insert into teams (id, leaderId, name) values (573, 6, 'Sonsing');
insert into teams (id, leaderId, name) values (574, 3, 'Kanlam');
insert into teams (id, leaderId, name) values (575, 1, 'Bitwolf');
insert into teams (id, leaderId, name) values (576, 5, 'Sub-Ex');
insert into teams (id, leaderId, name) values (577, 1, 'Bitwolf');
insert into teams (id, leaderId, name) values (578, 8, 'Span');
insert into teams (id, leaderId, name) values (579, 3, 'Sonsing');
insert into teams (id, leaderId, name) values (580, 9, 'Mat Lam Tam');
insert into teams (id, leaderId, name) values (581, 5, 'Tresom');
insert into teams (id, leaderId, name) values (582, 5, 'Mat Lam Tam');
insert into teams (id, leaderId, name) values (583, 1, 'Wrapsafe');
insert into teams (id, leaderId, name) values (584, 3, 'Home Ing');
insert into teams (id, leaderId, name) values (585, 8, 'Matsoft');
insert into teams (id, leaderId, name) values (586, 5, 'Daltfresh');
insert into teams (id, leaderId, name) values (587, 3, 'Span');
insert into teams (id, leaderId, name) values (588, 9, 'Viva');
insert into teams (id, leaderId, name) values (589, 1, 'Opela');
insert into teams (id, leaderId, name) values (590, 5, 'Y-find');
insert into teams (id, leaderId, name) values (591, 3, 'Zathin');
insert into teams (id, leaderId, name) values (592, 8, 'Cardify');
insert into teams (id, leaderId, name) values (593, 5, 'Span');
insert into teams (id, leaderId, name) values (594, 1, 'Hatity');
insert into teams (id, leaderId, name) values (595, 3, 'Wrapsafe');
insert into teams (id, leaderId, name) values (596, 6, 'Redhold');
insert into teams (id, leaderId, name) values (597, 9, 'Lotlux');
insert into teams (id, leaderId, name) values (598, 6, 'It');
insert into teams (id, leaderId, name) values (599, 3, 'Bytecard');
insert into teams (id, leaderId, name) values (600, 5, 'Fintone');
insert into teams (id, leaderId, name) values (601, 9, 'It');
insert into teams (id, leaderId, name) values (602, 3, 'Y-Solowarm');
insert into teams (id, leaderId, name) values (603, 6, 'Trippledex');
insert into teams (id, leaderId, name) values (604, 9, 'Bigtax');
insert into teams (id, leaderId, name) values (605, 8, 'Sonsing');
insert into teams (id, leaderId, name) values (606, 3, 'Sub-Ex');
insert into teams (id, leaderId, name) values (607, 9, 'Stim');
insert into teams (id, leaderId, name) values (608, 9, 'Bamity');
insert into teams (id, leaderId, name) values (609, 1, 'Y-Solowarm');
insert into teams (id, leaderId, name) values (610, 9, 'Fintone');
insert into teams (id, leaderId, name) values (611, 5, 'Cookley');
insert into teams (id, leaderId, name) values (612, 6, 'Duobam');
insert into teams (id, leaderId, name) values (613, 3, 'Matsoft');
insert into teams (id, leaderId, name) values (614, 6, 'Rank');
insert into teams (id, leaderId, name) values (615, 6, 'Fixflex');
insert into teams (id, leaderId, name) values (616, 6, 'Flowdesk');
insert into teams (id, leaderId, name) values (617, 3, 'Zamit');
insert into teams (id, leaderId, name) values (618, 3, 'It');
insert into teams (id, leaderId, name) values (619, 9, 'Fix San');
insert into teams (id, leaderId, name) values (620, 6, 'Zaam-Dox');
insert into teams (id, leaderId, name) values (621, 8, 'Lotlux');
insert into teams (id, leaderId, name) values (622, 5, 'Bigtax');
insert into teams (id, leaderId, name) values (623, 9, 'Toughjoyfax');
insert into teams (id, leaderId, name) values (624, 5, 'Gembucket');
insert into teams (id, leaderId, name) values (625, 5, 'Tampflex');
insert into teams (id, leaderId, name) values (626, 5, 'Ventosanzap');
insert into teams (id, leaderId, name) values (627, 8, 'Job');
insert into teams (id, leaderId, name) values (628, 6, 'Vagram');
insert into teams (id, leaderId, name) values (629, 6, 'Stringtough');
insert into teams (id, leaderId, name) values (630, 6, 'Bitwolf');
insert into teams (id, leaderId, name) values (631, 9, 'Biodex');
insert into teams (id, leaderId, name) values (632, 1, 'Toughjoyfax');
insert into teams (id, leaderId, name) values (633, 5, 'Zathin');
insert into teams (id, leaderId, name) values (634, 9, 'Pannier');
insert into teams (id, leaderId, name) values (635, 8, 'Tin');
insert into teams (id, leaderId, name) values (636, 9, 'Biodex');
insert into teams (id, leaderId, name) values (637, 6, 'Pannier');
insert into teams (id, leaderId, name) values (638, 8, 'Kanlam');
insert into teams (id, leaderId, name) values (639, 5, 'Bigtax');
insert into teams (id, leaderId, name) values (640, 9, 'Flexidy');
insert into teams (id, leaderId, name) values (641, 9, 'Otcom');
insert into teams (id, leaderId, name) values (642, 8, 'Fixflex');
insert into teams (id, leaderId, name) values (643, 8, 'Stringtough');
insert into teams (id, leaderId, name) values (644, 9, 'Alpha');
insert into teams (id, leaderId, name) values (645, 6, 'Flexidy');
insert into teams (id, leaderId, name) values (646, 5, 'Viva');
insert into teams (id, leaderId, name) values (647, 3, 'Cardify');
insert into teams (id, leaderId, name) values (648, 3, 'Vagram');
insert into teams (id, leaderId, name) values (649, 9, 'Subin');
insert into teams (id, leaderId, name) values (650, 9, 'Cardify');
insert into teams (id, leaderId, name) values (651, 9, 'Zamit');
insert into teams (id, leaderId, name) values (652, 8, 'Biodex');
insert into teams (id, leaderId, name) values (653, 8, 'Sub-Ex');
insert into teams (id, leaderId, name) values (654, 1, 'Fix San');
insert into teams (id, leaderId, name) values (655, 3, 'Aerified');
insert into teams (id, leaderId, name) values (656, 8, 'Solarbreeze');
insert into teams (id, leaderId, name) values (657, 8, 'Andalax');
insert into teams (id, leaderId, name) values (658, 1, 'Y-find');
insert into teams (id, leaderId, name) values (659, 5, 'Tres-Zap');
insert into teams (id, leaderId, name) values (660, 3, 'Asoka');
insert into teams (id, leaderId, name) values (661, 5, 'Matsoft');
insert into teams (id, leaderId, name) values (662, 6, 'Stronghold');
insert into teams (id, leaderId, name) values (663, 3, 'Zamit');
insert into teams (id, leaderId, name) values (664, 1, 'Tin');
insert into teams (id, leaderId, name) values (665, 8, 'Hatity');
insert into teams (id, leaderId, name) values (666, 1, 'Toughjoyfax');
insert into teams (id, leaderId, name) values (667, 1, 'Overhold');
insert into teams (id, leaderId, name) values (668, 5, 'Flexidy');
insert into teams (id, leaderId, name) values (669, 3, 'Mat Lam Tam');
insert into teams (id, leaderId, name) values (670, 1, 'Voyatouch');
insert into teams (id, leaderId, name) values (671, 5, 'Fintone');
insert into teams (id, leaderId, name) values (672, 9, 'Hatity');
insert into teams (id, leaderId, name) values (673, 8, 'Tampflex');
insert into teams (id, leaderId, name) values (674, 3, 'Ventosanzap');
insert into teams (id, leaderId, name) values (675, 6, 'Biodex');
insert into teams (id, leaderId, name) values (676, 1, 'Tres-Zap');
insert into teams (id, leaderId, name) values (677, 6, 'Sonair');
insert into teams (id, leaderId, name) values (678, 1, 'Fixflex');
insert into teams (id, leaderId, name) values (679, 1, 'Zathin');
insert into teams (id, leaderId, name) values (680, 8, 'Bamity');
insert into teams (id, leaderId, name) values (681, 6, 'Tempsoft');
insert into teams (id, leaderId, name) values (682, 6, 'Hatity');
insert into teams (id, leaderId, name) values (683, 5, 'Domainer');
insert into teams (id, leaderId, name) values (684, 1, 'Regrant');
insert into teams (id, leaderId, name) values (685, 6, 'Regrant');
insert into teams (id, leaderId, name) values (686, 9, 'Gembucket');
insert into teams (id, leaderId, name) values (687, 3, 'Bitchip');
insert into teams (id, leaderId, name) values (688, 9, 'Viva');
insert into teams (id, leaderId, name) values (689, 3, 'Gembucket');
insert into teams (id, leaderId, name) values (690, 1, 'Zoolab');
insert into teams (id, leaderId, name) values (691, 9, 'Tin');
insert into teams (id, leaderId, name) values (692, 6, 'Fintone');
insert into teams (id, leaderId, name) values (693, 3, 'Solarbreeze');
insert into teams (id, leaderId, name) values (694, 6, 'Bitchip');
insert into teams (id, leaderId, name) values (695, 5, 'Temp');
insert into teams (id, leaderId, name) values (696, 3, 'Trippledex');
insert into teams (id, leaderId, name) values (697, 8, 'Temp');
insert into teams (id, leaderId, name) values (698, 3, 'Mat Lam Tam');
insert into teams (id, leaderId, name) values (699, 5, 'Bitchip');
insert into teams (id, leaderId, name) values (700, 8, 'Treeflex');
insert into teams (id, leaderId, name) values (701, 9, 'Span');
insert into teams (id, leaderId, name) values (702, 3, 'Kanlam');
insert into teams (id, leaderId, name) values (703, 3, 'Hatity');
insert into teams (id, leaderId, name) values (704, 3, 'Tin');
insert into teams (id, leaderId, name) values (705, 3, 'Andalax');
insert into teams (id, leaderId, name) values (706, 3, 'Toughjoyfax');
insert into teams (id, leaderId, name) values (707, 5, 'Bytecard');
insert into teams (id, leaderId, name) values (708, 1, 'Zamit');
insert into teams (id, leaderId, name) values (709, 6, 'Cardguard');
insert into teams (id, leaderId, name) values (710, 5, 'Subin');
insert into teams (id, leaderId, name) values (711, 9, 'Voyatouch');
insert into teams (id, leaderId, name) values (712, 1, 'Tin');
insert into teams (id, leaderId, name) values (713, 6, 'Quo Lux');
insert into teams (id, leaderId, name) values (714, 9, 'Asoka');
insert into teams (id, leaderId, name) values (715, 3, 'Greenlam');
insert into teams (id, leaderId, name) values (716, 9, 'Wrapsafe');
insert into teams (id, leaderId, name) values (717, 1, 'Latlux');
insert into teams (id, leaderId, name) values (718, 6, 'Wrapsafe');
insert into teams (id, leaderId, name) values (719, 5, 'Biodex');
insert into teams (id, leaderId, name) values (720, 5, 'Tampflex');
insert into teams (id, leaderId, name) values (721, 5, 'Quo Lux');
insert into teams (id, leaderId, name) values (722, 9, 'Greenlam');
insert into teams (id, leaderId, name) values (723, 9, 'Otcom');
insert into teams (id, leaderId, name) values (724, 6, 'Span');
insert into teams (id, leaderId, name) values (725, 1, 'Lotstring');
insert into teams (id, leaderId, name) values (726, 5, 'Zamit');
insert into teams (id, leaderId, name) values (727, 6, 'Greenlam');
insert into teams (id, leaderId, name) values (728, 9, 'Veribet');
insert into teams (id, leaderId, name) values (729, 5, 'Tresom');
insert into teams (id, leaderId, name) values (730, 3, 'Tresom');
insert into teams (id, leaderId, name) values (731, 8, 'Treeflex');
insert into teams (id, leaderId, name) values (732, 9, 'Aerified');
insert into teams (id, leaderId, name) values (733, 1, 'Sonsing');
insert into teams (id, leaderId, name) values (734, 8, 'Stronghold');
insert into teams (id, leaderId, name) values (735, 5, 'Sonair');
insert into teams (id, leaderId, name) values (736, 9, 'Asoka');
insert into teams (id, leaderId, name) values (737, 6, 'Voyatouch');
insert into teams (id, leaderId, name) values (738, 8, 'Redhold');
insert into teams (id, leaderId, name) values (739, 6, 'Lotlux');
insert into teams (id, leaderId, name) values (740, 5, 'Cardguard');
insert into teams (id, leaderId, name) values (741, 9, 'Solarbreeze');
insert into teams (id, leaderId, name) values (742, 8, 'Tresom');
insert into teams (id, leaderId, name) values (743, 5, 'Fixflex');
insert into teams (id, leaderId, name) values (744, 1, 'Sub-Ex');
insert into teams (id, leaderId, name) values (745, 1, 'Trippledex');
insert into teams (id, leaderId, name) values (746, 8, 'Y-find');
insert into teams (id, leaderId, name) values (747, 5, 'Flexidy');
insert into teams (id, leaderId, name) values (748, 3, 'Biodex');
insert into teams (id, leaderId, name) values (749, 6, 'Vagram');
insert into teams (id, leaderId, name) values (750, 3, 'Solarbreeze');
insert into teams (id, leaderId, name) values (751, 1, 'Vagram');
insert into teams (id, leaderId, name) values (752, 3, 'Daltfresh');
insert into teams (id, leaderId, name) values (753, 8, 'Wrapsafe');
insert into teams (id, leaderId, name) values (754, 3, 'Cardify');
insert into teams (id, leaderId, name) values (755, 1, 'Temp');
insert into teams (id, leaderId, name) values (756, 6, 'Tempsoft');
insert into teams (id, leaderId, name) values (757, 3, 'Subin');
insert into teams (id, leaderId, name) values (758, 1, 'Hatity');
insert into teams (id, leaderId, name) values (759, 9, 'Greenlam');
insert into teams (id, leaderId, name) values (760, 8, 'Konklux');
insert into teams (id, leaderId, name) values (761, 5, 'Gembucket');
insert into teams (id, leaderId, name) values (762, 3, 'Bytecard');
insert into teams (id, leaderId, name) values (763, 9, 'Temp');
insert into teams (id, leaderId, name) values (764, 6, 'Bitwolf');
insert into teams (id, leaderId, name) values (765, 3, 'Ronstring');
insert into teams (id, leaderId, name) values (766, 8, 'Wrapsafe');
insert into teams (id, leaderId, name) values (767, 5, 'Overhold');
insert into teams (id, leaderId, name) values (768, 5, 'Fintone');
insert into teams (id, leaderId, name) values (769, 6, 'Tin');
insert into teams (id, leaderId, name) values (770, 8, 'Toughjoyfax');
insert into teams (id, leaderId, name) values (771, 9, 'It');
insert into teams (id, leaderId, name) values (772, 1, 'Solarbreeze');
insert into teams (id, leaderId, name) values (773, 1, 'Treeflex');
insert into teams (id, leaderId, name) values (774, 5, 'Aerified');
insert into teams (id, leaderId, name) values (775, 9, 'Bitchip');
insert into teams (id, leaderId, name) values (776, 8, 'Hatity');
insert into teams (id, leaderId, name) values (777, 9, 'Overhold');
insert into teams (id, leaderId, name) values (778, 8, 'Mat Lam Tam');
insert into teams (id, leaderId, name) values (779, 1, 'Aerified');
insert into teams (id, leaderId, name) values (780, 5, 'Solarbreeze');
insert into teams (id, leaderId, name) values (781, 8, 'Tampflex');
insert into teams (id, leaderId, name) values (782, 6, 'Biodex');
insert into teams (id, leaderId, name) values (783, 9, 'Quo Lux');
insert into teams (id, leaderId, name) values (784, 6, 'Flexidy');
insert into teams (id, leaderId, name) values (785, 9, 'Kanlam');
insert into teams (id, leaderId, name) values (786, 3, 'Fixflex');
insert into teams (id, leaderId, name) values (787, 8, 'Trippledex');
insert into teams (id, leaderId, name) values (788, 1, 'Gembucket');
insert into teams (id, leaderId, name) values (789, 6, 'Flexidy');
insert into teams (id, leaderId, name) values (790, 6, 'Zathin');
insert into teams (id, leaderId, name) values (791, 5, 'Sub-Ex');
insert into teams (id, leaderId, name) values (792, 8, 'Treeflex');
insert into teams (id, leaderId, name) values (793, 5, 'Bytecard');
insert into teams (id, leaderId, name) values (794, 3, 'Zaam-Dox');
insert into teams (id, leaderId, name) values (795, 8, 'Ronstring');
insert into teams (id, leaderId, name) values (796, 3, 'Lotstring');
insert into teams (id, leaderId, name) values (797, 6, 'Job');
insert into teams (id, leaderId, name) values (798, 3, 'Quo Lux');
insert into teams (id, leaderId, name) values (799, 6, 'Stim');
insert into teams (id, leaderId, name) values (800, 3, 'Fintone');


insert into teams_to_tournaments (id, teamId, tournamentId) values (1, 38, 16);
insert into teams_to_tournaments (id, teamId, tournamentId) values (2, 381, 13);
insert into teams_to_tournaments (id, teamId, tournamentId) values (3, 673, 24);
insert into teams_to_tournaments (id, teamId, tournamentId) values (4, 468, 19);
insert into teams_to_tournaments (id, teamId, tournamentId) values (5, 493, 4);
insert into teams_to_tournaments (id, teamId, tournamentId) values (6, 446, 20);
insert into teams_to_tournaments (id, teamId, tournamentId) values (7, 197, 15);
insert into teams_to_tournaments (id, teamId, tournamentId) values (8, 501, 15);
insert into teams_to_tournaments (id, teamId, tournamentId) values (9, 464, 3);
insert into teams_to_tournaments (id, teamId, tournamentId) values (10, 376, 12);
insert into teams_to_tournaments (id, teamId, tournamentId) values (11, 5, 10);
insert into teams_to_tournaments (id, teamId, tournamentId) values (12, 193, 22);
insert into teams_to_tournaments (id, teamId, tournamentId) values (13, 95, 19);
insert into teams_to_tournaments (id, teamId, tournamentId) values (14, 305, 10);
insert into teams_to_tournaments (id, teamId, tournamentId) values (15, 41, 25);
insert into teams_to_tournaments (id, teamId, tournamentId) values (16, 389, 25);
insert into teams_to_tournaments (id, teamId, tournamentId) values (17, 737, 15);
insert into teams_to_tournaments (id, teamId, tournamentId) values (18, 114, 21);
insert into teams_to_tournaments (id, teamId, tournamentId) values (19, 308, 11);
insert into teams_to_tournaments (id, teamId, tournamentId) values (20, 345, 17);
insert into teams_to_tournaments (id, teamId, tournamentId) values (21, 461, 13);
insert into teams_to_tournaments (id, teamId, tournamentId) values (22, 793, 25);
insert into teams_to_tournaments (id, teamId, tournamentId) values (23, 501, 19);
insert into teams_to_tournaments (id, teamId, tournamentId) values (24, 220, 12);
insert into teams_to_tournaments (id, teamId, tournamentId) values (25, 429, 8);
insert into teams_to_tournaments (id, teamId, tournamentId) values (26, 635, 12);
insert into teams_to_tournaments (id, teamId, tournamentId) values (27, 627, 13);
insert into teams_to_tournaments (id, teamId, tournamentId) values (28, 116, 18);
insert into teams_to_tournaments (id, teamId, tournamentId) values (29, 431, 25);
insert into teams_to_tournaments (id, teamId, tournamentId) values (30, 297, 1);
insert into teams_to_tournaments (id, teamId, tournamentId) values (31, 81, 17);
insert into teams_to_tournaments (id, teamId, tournamentId) values (32, 192, 1);
insert into teams_to_tournaments (id, teamId, tournamentId) values (33, 69, 14);
insert into teams_to_tournaments (id, teamId, tournamentId) values (34, 190, 4);
insert into teams_to_tournaments (id, teamId, tournamentId) values (35, 56, 8);
insert into teams_to_tournaments (id, teamId, tournamentId) values (36, 644, 2);
insert into teams_to_tournaments (id, teamId, tournamentId) values (37, 696, 22);
insert into teams_to_tournaments (id, teamId, tournamentId) values (38, 393, 8);
insert into teams_to_tournaments (id, teamId, tournamentId) values (39, 55, 16);
insert into teams_to_tournaments (id, teamId, tournamentId) values (40, 695, 22);
insert into teams_to_tournaments (id, teamId, tournamentId) values (41, 98, 20);
insert into teams_to_tournaments (id, teamId, tournamentId) values (42, 720, 1);
insert into teams_to_tournaments (id, teamId, tournamentId) values (43, 518, 10);
insert into teams_to_tournaments (id, teamId, tournamentId) values (44, 495, 24);
insert into teams_to_tournaments (id, teamId, tournamentId) values (45, 49, 22);
insert into teams_to_tournaments (id, teamId, tournamentId) values (46, 178, 21);
insert into teams_to_tournaments (id, teamId, tournamentId) values (47, 795, 25);
insert into teams_to_tournaments (id, teamId, tournamentId) values (48, 362, 17);
insert into teams_to_tournaments (id, teamId, tournamentId) values (49, 82, 2);
insert into teams_to_tournaments (id, teamId, tournamentId) values (50, 775, 17);
insert into teams_to_tournaments (id, teamId, tournamentId) values (51, 368, 14);
insert into teams_to_tournaments (id, teamId, tournamentId) values (52, 782, 6);
insert into teams_to_tournaments (id, teamId, tournamentId) values (53, 599, 20);
insert into teams_to_tournaments (id, teamId, tournamentId) values (54, 55, 15);
insert into teams_to_tournaments (id, teamId, tournamentId) values (55, 352, 2);
insert into teams_to_tournaments (id, teamId, tournamentId) values (56, 126, 9);
insert into teams_to_tournaments (id, teamId, tournamentId) values (57, 511, 7);
insert into teams_to_tournaments (id, teamId, tournamentId) values (58, 560, 2);
insert into teams_to_tournaments (id, teamId, tournamentId) values (59, 245, 5);
insert into teams_to_tournaments (id, teamId, tournamentId) values (60, 681, 17);
insert into teams_to_tournaments (id, teamId, tournamentId) values (61, 784, 13);
insert into teams_to_tournaments (id, teamId, tournamentId) values (62, 168, 18);
insert into teams_to_tournaments (id, teamId, tournamentId) values (63, 713, 15);
insert into teams_to_tournaments (id, teamId, tournamentId) values (64, 408, 2);
insert into teams_to_tournaments (id, teamId, tournamentId) values (65, 127, 5);
insert into teams_to_tournaments (id, teamId, tournamentId) values (66, 384, 16);
insert into teams_to_tournaments (id, teamId, tournamentId) values (67, 260, 9);
insert into teams_to_tournaments (id, teamId, tournamentId) values (68, 619, 25);
insert into teams_to_tournaments (id, teamId, tournamentId) values (69, 506, 19);
insert into teams_to_tournaments (id, teamId, tournamentId) values (70, 49, 6);
insert into teams_to_tournaments (id, teamId, tournamentId) values (71, 434, 17);
insert into teams_to_tournaments (id, teamId, tournamentId) values (72, 707, 1);
insert into teams_to_tournaments (id, teamId, tournamentId) values (73, 96, 14);
insert into teams_to_tournaments (id, teamId, tournamentId) values (74, 747, 10);
insert into teams_to_tournaments (id, teamId, tournamentId) values (75, 450, 14);
insert into teams_to_tournaments (id, teamId, tournamentId) values (76, 654, 17);
insert into teams_to_tournaments (id, teamId, tournamentId) values (77, 462, 10);
insert into teams_to_tournaments (id, teamId, tournamentId) values (78, 162, 17);
insert into teams_to_tournaments (id, teamId, tournamentId) values (79, 145, 11);
insert into teams_to_tournaments (id, teamId, tournamentId) values (80, 160, 20);
insert into teams_to_tournaments (id, teamId, tournamentId) values (81, 777, 9);
insert into teams_to_tournaments (id, teamId, tournamentId) values (82, 269, 9);
insert into teams_to_tournaments (id, teamId, tournamentId) values (83, 787, 21);
insert into teams_to_tournaments (id, teamId, tournamentId) values (84, 274, 22);
insert into teams_to_tournaments (id, teamId, tournamentId) values (85, 241, 21);
insert into teams_to_tournaments (id, teamId, tournamentId) values (86, 26, 3);
insert into teams_to_tournaments (id, teamId, tournamentId) values (87, 781, 10);
insert into teams_to_tournaments (id, teamId, tournamentId) values (88, 454, 23);
insert into teams_to_tournaments (id, teamId, tournamentId) values (89, 705, 21);
insert into teams_to_tournaments (id, teamId, tournamentId) values (90, 176, 10);
insert into teams_to_tournaments (id, teamId, tournamentId) values (91, 99, 2);
insert into teams_to_tournaments (id, teamId, tournamentId) values (92, 657, 14);
insert into teams_to_tournaments (id, teamId, tournamentId) values (93, 283, 20);
insert into teams_to_tournaments (id, teamId, tournamentId) values (94, 76, 17);
insert into teams_to_tournaments (id, teamId, tournamentId) values (95, 91, 4);
insert into teams_to_tournaments (id, teamId, tournamentId) values (96, 227, 18);
insert into teams_to_tournaments (id, teamId, tournamentId) values (97, 789, 18);
insert into teams_to_tournaments (id, teamId, tournamentId) values (98, 761, 1);
insert into teams_to_tournaments (id, teamId, tournamentId) values (99, 540, 14);
insert into teams_to_tournaments (id, teamId, tournamentId) values (100, 208, 14);
insert into teams_to_tournaments (id, teamId, tournamentId) values (101, 492, 21);
insert into teams_to_tournaments (id, teamId, tournamentId) values (102, 607, 21);
insert into teams_to_tournaments (id, teamId, tournamentId) values (103, 141, 24);
insert into teams_to_tournaments (id, teamId, tournamentId) values (104, 554, 15);
insert into teams_to_tournaments (id, teamId, tournamentId) values (105, 358, 21);
insert into teams_to_tournaments (id, teamId, tournamentId) values (106, 457, 18);
insert into teams_to_tournaments (id, teamId, tournamentId) values (107, 577, 15);
insert into teams_to_tournaments (id, teamId, tournamentId) values (108, 172, 21);
insert into teams_to_tournaments (id, teamId, tournamentId) values (109, 786, 15);
insert into teams_to_tournaments (id, teamId, tournamentId) values (110, 525, 19);
insert into teams_to_tournaments (id, teamId, tournamentId) values (111, 419, 15);
insert into teams_to_tournaments (id, teamId, tournamentId) values (112, 562, 5);
insert into teams_to_tournaments (id, teamId, tournamentId) values (113, 527, 3);
insert into teams_to_tournaments (id, teamId, tournamentId) values (114, 638, 11);
insert into teams_to_tournaments (id, teamId, tournamentId) values (115, 770, 6);
insert into teams_to_tournaments (id, teamId, tournamentId) values (116, 344, 11);
insert into teams_to_tournaments (id, teamId, tournamentId) values (117, 462, 23);
insert into teams_to_tournaments (id, teamId, tournamentId) values (118, 275, 17);
insert into teams_to_tournaments (id, teamId, tournamentId) values (119, 90, 15);
insert into teams_to_tournaments (id, teamId, tournamentId) values (120, 601, 4);
insert into teams_to_tournaments (id, teamId, tournamentId) values (121, 378, 14);
insert into teams_to_tournaments (id, teamId, tournamentId) values (122, 689, 5);
insert into teams_to_tournaments (id, teamId, tournamentId) values (123, 792, 21);
insert into teams_to_tournaments (id, teamId, tournamentId) values (124, 657, 6);
insert into teams_to_tournaments (id, teamId, tournamentId) values (125, 381, 24);
insert into teams_to_tournaments (id, teamId, tournamentId) values (126, 67, 21);
insert into teams_to_tournaments (id, teamId, tournamentId) values (127, 512, 23);
insert into teams_to_tournaments (id, teamId, tournamentId) values (128, 536, 17);
insert into teams_to_tournaments (id, teamId, tournamentId) values (129, 156, 21);
insert into teams_to_tournaments (id, teamId, tournamentId) values (130, 370, 18);
insert into teams_to_tournaments (id, teamId, tournamentId) values (131, 66, 16);
insert into teams_to_tournaments (id, teamId, tournamentId) values (132, 212, 1);
insert into teams_to_tournaments (id, teamId, tournamentId) values (133, 352, 11);
insert into teams_to_tournaments (id, teamId, tournamentId) values (134, 376, 21);
insert into teams_to_tournaments (id, teamId, tournamentId) values (135, 161, 5);
insert into teams_to_tournaments (id, teamId, tournamentId) values (136, 656, 10);
insert into teams_to_tournaments (id, teamId, tournamentId) values (137, 325, 19);
insert into teams_to_tournaments (id, teamId, tournamentId) values (138, 765, 14);
insert into teams_to_tournaments (id, teamId, tournamentId) values (139, 567, 6);
insert into teams_to_tournaments (id, teamId, tournamentId) values (140, 470, 11);
insert into teams_to_tournaments (id, teamId, tournamentId) values (141, 692, 1);
insert into teams_to_tournaments (id, teamId, tournamentId) values (142, 591, 3);
insert into teams_to_tournaments (id, teamId, tournamentId) values (143, 213, 11);
insert into teams_to_tournaments (id, teamId, tournamentId) values (144, 480, 2);
insert into teams_to_tournaments (id, teamId, tournamentId) values (145, 714, 4);
insert into teams_to_tournaments (id, teamId, tournamentId) values (146, 3, 11);
insert into teams_to_tournaments (id, teamId, tournamentId) values (147, 185, 2);
insert into teams_to_tournaments (id, teamId, tournamentId) values (148, 800, 4);
insert into teams_to_tournaments (id, teamId, tournamentId) values (149, 293, 12);
insert into teams_to_tournaments (id, teamId, tournamentId) values (150, 476, 9);
insert into teams_to_tournaments (id, teamId, tournamentId) values (151, 720, 13);
insert into teams_to_tournaments (id, teamId, tournamentId) values (152, 54, 25);
insert into teams_to_tournaments (id, teamId, tournamentId) values (153, 495, 15);
insert into teams_to_tournaments (id, teamId, tournamentId) values (154, 170, 16);
insert into teams_to_tournaments (id, teamId, tournamentId) values (155, 439, 12);
insert into teams_to_tournaments (id, teamId, tournamentId) values (156, 800, 14);
insert into teams_to_tournaments (id, teamId, tournamentId) values (157, 377, 7);
insert into teams_to_tournaments (id, teamId, tournamentId) values (158, 395, 3);
insert into teams_to_tournaments (id, teamId, tournamentId) values (159, 255, 18);
insert into teams_to_tournaments (id, teamId, tournamentId) values (160, 344, 13);
insert into teams_to_tournaments (id, teamId, tournamentId) values (161, 179, 24);
insert into teams_to_tournaments (id, teamId, tournamentId) values (162, 744, 10);
insert into teams_to_tournaments (id, teamId, tournamentId) values (163, 87, 16);
insert into teams_to_tournaments (id, teamId, tournamentId) values (164, 619, 25);
insert into teams_to_tournaments (id, teamId, tournamentId) values (165, 781, 5);
insert into teams_to_tournaments (id, teamId, tournamentId) values (166, 507, 13);
insert into teams_to_tournaments (id, teamId, tournamentId) values (167, 284, 11);
insert into teams_to_tournaments (id, teamId, tournamentId) values (168, 790, 18);
insert into teams_to_tournaments (id, teamId, tournamentId) values (169, 668, 19);
insert into teams_to_tournaments (id, teamId, tournamentId) values (170, 433, 19);
insert into teams_to_tournaments (id, teamId, tournamentId) values (171, 476, 15);
insert into teams_to_tournaments (id, teamId, tournamentId) values (172, 138, 2);
insert into teams_to_tournaments (id, teamId, tournamentId) values (173, 468, 16);
insert into teams_to_tournaments (id, teamId, tournamentId) values (174, 247, 2);
insert into teams_to_tournaments (id, teamId, tournamentId) values (175, 769, 16);
insert into teams_to_tournaments (id, teamId, tournamentId) values (176, 136, 19);
insert into teams_to_tournaments (id, teamId, tournamentId) values (177, 538, 22);
insert into teams_to_tournaments (id, teamId, tournamentId) values (178, 675, 8);
insert into teams_to_tournaments (id, teamId, tournamentId) values (179, 223, 8);
insert into teams_to_tournaments (id, teamId, tournamentId) values (180, 178, 13);
insert into teams_to_tournaments (id, teamId, tournamentId) values (181, 460, 4);
insert into teams_to_tournaments (id, teamId, tournamentId) values (182, 192, 7);
insert into teams_to_tournaments (id, teamId, tournamentId) values (183, 370, 1);
insert into teams_to_tournaments (id, teamId, tournamentId) values (184, 709, 15);
insert into teams_to_tournaments (id, teamId, tournamentId) values (185, 536, 17);
insert into teams_to_tournaments (id, teamId, tournamentId) values (186, 129, 14);
insert into teams_to_tournaments (id, teamId, tournamentId) values (187, 293, 14);
insert into teams_to_tournaments (id, teamId, tournamentId) values (188, 361, 12);
insert into teams_to_tournaments (id, teamId, tournamentId) values (189, 444, 23);
insert into teams_to_tournaments (id, teamId, tournamentId) values (190, 595, 3);
insert into teams_to_tournaments (id, teamId, tournamentId) values (191, 267, 1);
insert into teams_to_tournaments (id, teamId, tournamentId) values (192, 782, 18);
insert into teams_to_tournaments (id, teamId, tournamentId) values (193, 188, 12);
insert into teams_to_tournaments (id, teamId, tournamentId) values (194, 124, 5);
insert into teams_to_tournaments (id, teamId, tournamentId) values (195, 342, 4);
insert into teams_to_tournaments (id, teamId, tournamentId) values (196, 406, 14);
insert into teams_to_tournaments (id, teamId, tournamentId) values (197, 199, 3);
insert into teams_to_tournaments (id, teamId, tournamentId) values (198, 510, 22);
insert into teams_to_tournaments (id, teamId, tournamentId) values (199, 629, 6);
insert into teams_to_tournaments (id, teamId, tournamentId) values (200, 124, 22);
insert into teams_to_tournaments (id, teamId, tournamentId) values (201, 12, 3);
insert into teams_to_tournaments (id, teamId, tournamentId) values (202, 723, 4);
insert into teams_to_tournaments (id, teamId, tournamentId) values (203, 174, 9);
insert into teams_to_tournaments (id, teamId, tournamentId) values (204, 111, 11);
insert into teams_to_tournaments (id, teamId, tournamentId) values (205, 8, 14);
insert into teams_to_tournaments (id, teamId, tournamentId) values (206, 747, 19);
insert into teams_to_tournaments (id, teamId, tournamentId) values (207, 55, 22);
insert into teams_to_tournaments (id, teamId, tournamentId) values (208, 446, 18);
insert into teams_to_tournaments (id, teamId, tournamentId) values (209, 290, 17);
insert into teams_to_tournaments (id, teamId, tournamentId) values (210, 693, 1);
insert into teams_to_tournaments (id, teamId, tournamentId) values (211, 70, 12);
insert into teams_to_tournaments (id, teamId, tournamentId) values (212, 312, 12);
insert into teams_to_tournaments (id, teamId, tournamentId) values (213, 238, 9);
insert into teams_to_tournaments (id, teamId, tournamentId) values (214, 167, 21);
insert into teams_to_tournaments (id, teamId, tournamentId) values (215, 277, 24);
insert into teams_to_tournaments (id, teamId, tournamentId) values (216, 409, 16);
insert into teams_to_tournaments (id, teamId, tournamentId) values (217, 334, 22);
insert into teams_to_tournaments (id, teamId, tournamentId) values (218, 336, 25);
insert into teams_to_tournaments (id, teamId, tournamentId) values (219, 214, 23);
insert into teams_to_tournaments (id, teamId, tournamentId) values (220, 418, 10);
insert into teams_to_tournaments (id, teamId, tournamentId) values (221, 616, 6);
insert into teams_to_tournaments (id, teamId, tournamentId) values (222, 23, 16);
insert into teams_to_tournaments (id, teamId, tournamentId) values (223, 798, 25);
insert into teams_to_tournaments (id, teamId, tournamentId) values (224, 435, 9);
insert into teams_to_tournaments (id, teamId, tournamentId) values (225, 459, 7);
insert into teams_to_tournaments (id, teamId, tournamentId) values (226, 58, 13);
insert into teams_to_tournaments (id, teamId, tournamentId) values (227, 301, 19);
insert into teams_to_tournaments (id, teamId, tournamentId) values (228, 445, 23);
insert into teams_to_tournaments (id, teamId, tournamentId) values (229, 275, 4);
insert into teams_to_tournaments (id, teamId, tournamentId) values (230, 636, 21);
insert into teams_to_tournaments (id, teamId, tournamentId) values (231, 743, 22);
insert into teams_to_tournaments (id, teamId, tournamentId) values (232, 622, 11);
insert into teams_to_tournaments (id, teamId, tournamentId) values (233, 486, 25);
insert into teams_to_tournaments (id, teamId, tournamentId) values (234, 280, 15);
insert into teams_to_tournaments (id, teamId, tournamentId) values (235, 84, 15);
insert into teams_to_tournaments (id, teamId, tournamentId) values (236, 764, 10);
insert into teams_to_tournaments (id, teamId, tournamentId) values (237, 337, 10);
insert into teams_to_tournaments (id, teamId, tournamentId) values (238, 410, 1);
insert into teams_to_tournaments (id, teamId, tournamentId) values (239, 638, 25);
insert into teams_to_tournaments (id, teamId, tournamentId) values (240, 181, 24);
insert into teams_to_tournaments (id, teamId, tournamentId) values (241, 746, 9);
insert into teams_to_tournaments (id, teamId, tournamentId) values (242, 335, 7);
insert into teams_to_tournaments (id, teamId, tournamentId) values (243, 673, 12);
insert into teams_to_tournaments (id, teamId, tournamentId) values (244, 245, 14);
insert into teams_to_tournaments (id, teamId, tournamentId) values (245, 308, 10);
insert into teams_to_tournaments (id, teamId, tournamentId) values (246, 454, 11);
insert into teams_to_tournaments (id, teamId, tournamentId) values (247, 132, 2);
insert into teams_to_tournaments (id, teamId, tournamentId) values (248, 596, 3);
insert into teams_to_tournaments (id, teamId, tournamentId) values (249, 70, 1);
insert into teams_to_tournaments (id, teamId, tournamentId) values (250, 63, 22);
insert into teams_to_tournaments (id, teamId, tournamentId) values (251, 292, 18);
insert into teams_to_tournaments (id, teamId, tournamentId) values (252, 139, 13);
insert into teams_to_tournaments (id, teamId, tournamentId) values (253, 301, 14);
insert into teams_to_tournaments (id, teamId, tournamentId) values (254, 691, 17);
insert into teams_to_tournaments (id, teamId, tournamentId) values (255, 672, 8);
insert into teams_to_tournaments (id, teamId, tournamentId) values (256, 797, 12);
insert into teams_to_tournaments (id, teamId, tournamentId) values (257, 675, 22);
insert into teams_to_tournaments (id, teamId, tournamentId) values (258, 767, 8);
insert into teams_to_tournaments (id, teamId, tournamentId) values (259, 156, 12);
insert into teams_to_tournaments (id, teamId, tournamentId) values (260, 756, 14);
insert into teams_to_tournaments (id, teamId, tournamentId) values (261, 97, 3);
insert into teams_to_tournaments (id, teamId, tournamentId) values (262, 703, 19);
insert into teams_to_tournaments (id, teamId, tournamentId) values (263, 213, 8);
insert into teams_to_tournaments (id, teamId, tournamentId) values (264, 611, 16);
insert into teams_to_tournaments (id, teamId, tournamentId) values (265, 653, 19);
insert into teams_to_tournaments (id, teamId, tournamentId) values (266, 729, 6);
insert into teams_to_tournaments (id, teamId, tournamentId) values (267, 634, 13);
insert into teams_to_tournaments (id, teamId, tournamentId) values (268, 74, 14);
insert into teams_to_tournaments (id, teamId, tournamentId) values (269, 255, 11);
insert into teams_to_tournaments (id, teamId, tournamentId) values (270, 482, 15);
insert into teams_to_tournaments (id, teamId, tournamentId) values (271, 628, 22);
insert into teams_to_tournaments (id, teamId, tournamentId) values (272, 541, 5);
insert into teams_to_tournaments (id, teamId, tournamentId) values (273, 753, 25);
insert into teams_to_tournaments (id, teamId, tournamentId) values (274, 571, 8);
insert into teams_to_tournaments (id, teamId, tournamentId) values (275, 370, 21);
insert into teams_to_tournaments (id, teamId, tournamentId) values (276, 248, 17);
insert into teams_to_tournaments (id, teamId, tournamentId) values (277, 245, 13);
insert into teams_to_tournaments (id, teamId, tournamentId) values (278, 85, 14);
insert into teams_to_tournaments (id, teamId, tournamentId) values (279, 362, 22);
insert into teams_to_tournaments (id, teamId, tournamentId) values (280, 386, 9);
insert into teams_to_tournaments (id, teamId, tournamentId) values (281, 297, 14);
insert into teams_to_tournaments (id, teamId, tournamentId) values (282, 733, 3);
insert into teams_to_tournaments (id, teamId, tournamentId) values (283, 13, 17);
insert into teams_to_tournaments (id, teamId, tournamentId) values (284, 66, 3);
insert into teams_to_tournaments (id, teamId, tournamentId) values (285, 635, 8);
insert into teams_to_tournaments (id, teamId, tournamentId) values (286, 205, 9);
insert into teams_to_tournaments (id, teamId, tournamentId) values (287, 760, 7);
insert into teams_to_tournaments (id, teamId, tournamentId) values (288, 198, 8);
insert into teams_to_tournaments (id, teamId, tournamentId) values (289, 729, 21);
insert into teams_to_tournaments (id, teamId, tournamentId) values (290, 176, 10);
insert into teams_to_tournaments (id, teamId, tournamentId) values (291, 703, 14);
insert into teams_to_tournaments (id, teamId, tournamentId) values (292, 585, 9);
insert into teams_to_tournaments (id, teamId, tournamentId) values (293, 45, 1);
insert into teams_to_tournaments (id, teamId, tournamentId) values (294, 617, 14);
insert into teams_to_tournaments (id, teamId, tournamentId) values (295, 253, 21);
insert into teams_to_tournaments (id, teamId, tournamentId) values (296, 337, 5);
insert into teams_to_tournaments (id, teamId, tournamentId) values (297, 312, 5);
insert into teams_to_tournaments (id, teamId, tournamentId) values (298, 234, 21);
insert into teams_to_tournaments (id, teamId, tournamentId) values (299, 274, 5);
insert into teams_to_tournaments (id, teamId, tournamentId) values (300, 39, 14);
insert into teams_to_tournaments (id, teamId, tournamentId) values (301, 290, 23);
insert into teams_to_tournaments (id, teamId, tournamentId) values (302, 740, 10);
insert into teams_to_tournaments (id, teamId, tournamentId) values (303, 98, 6);
insert into teams_to_tournaments (id, teamId, tournamentId) values (304, 758, 4);
insert into teams_to_tournaments (id, teamId, tournamentId) values (305, 707, 5);
insert into teams_to_tournaments (id, teamId, tournamentId) values (306, 737, 24);
insert into teams_to_tournaments (id, teamId, tournamentId) values (307, 31, 7);
insert into teams_to_tournaments (id, teamId, tournamentId) values (308, 139, 8);
insert into teams_to_tournaments (id, teamId, tournamentId) values (309, 59, 21);
insert into teams_to_tournaments (id, teamId, tournamentId) values (310, 642, 6);
insert into teams_to_tournaments (id, teamId, tournamentId) values (311, 506, 9);
insert into teams_to_tournaments (id, teamId, tournamentId) values (312, 756, 4);
insert into teams_to_tournaments (id, teamId, tournamentId) values (313, 732, 19);
insert into teams_to_tournaments (id, teamId, tournamentId) values (314, 775, 7);
insert into teams_to_tournaments (id, teamId, tournamentId) values (315, 798, 21);
insert into teams_to_tournaments (id, teamId, tournamentId) values (316, 742, 7);
insert into teams_to_tournaments (id, teamId, tournamentId) values (317, 770, 11);
insert into teams_to_tournaments (id, teamId, tournamentId) values (318, 780, 19);
insert into teams_to_tournaments (id, teamId, tournamentId) values (319, 388, 4);
insert into teams_to_tournaments (id, teamId, tournamentId) values (320, 577, 9);
insert into teams_to_tournaments (id, teamId, tournamentId) values (321, 761, 9);
insert into teams_to_tournaments (id, teamId, tournamentId) values (322, 663, 20);
insert into teams_to_tournaments (id, teamId, tournamentId) values (323, 289, 11);
insert into teams_to_tournaments (id, teamId, tournamentId) values (324, 757, 4);
insert into teams_to_tournaments (id, teamId, tournamentId) values (325, 377, 2);
insert into teams_to_tournaments (id, teamId, tournamentId) values (326, 761, 24);
insert into teams_to_tournaments (id, teamId, tournamentId) values (327, 794, 9);
insert into teams_to_tournaments (id, teamId, tournamentId) values (328, 87, 12);
insert into teams_to_tournaments (id, teamId, tournamentId) values (329, 350, 24);
insert into teams_to_tournaments (id, teamId, tournamentId) values (330, 411, 23);
insert into teams_to_tournaments (id, teamId, tournamentId) values (331, 299, 9);
insert into teams_to_tournaments (id, teamId, tournamentId) values (332, 717, 16);
insert into teams_to_tournaments (id, teamId, tournamentId) values (333, 352, 6);
insert into teams_to_tournaments (id, teamId, tournamentId) values (334, 288, 18);
insert into teams_to_tournaments (id, teamId, tournamentId) values (335, 444, 21);
insert into teams_to_tournaments (id, teamId, tournamentId) values (336, 549, 10);
insert into teams_to_tournaments (id, teamId, tournamentId) values (337, 605, 17);
insert into teams_to_tournaments (id, teamId, tournamentId) values (338, 664, 2);
insert into teams_to_tournaments (id, teamId, tournamentId) values (339, 677, 12);
insert into teams_to_tournaments (id, teamId, tournamentId) values (340, 734, 12);
insert into teams_to_tournaments (id, teamId, tournamentId) values (341, 730, 16);
insert into teams_to_tournaments (id, teamId, tournamentId) values (342, 515, 1);
insert into teams_to_tournaments (id, teamId, tournamentId) values (343, 78, 5);
insert into teams_to_tournaments (id, teamId, tournamentId) values (344, 277, 9);
insert into teams_to_tournaments (id, teamId, tournamentId) values (345, 196, 2);
insert into teams_to_tournaments (id, teamId, tournamentId) values (346, 490, 18);
insert into teams_to_tournaments (id, teamId, tournamentId) values (347, 608, 18);
insert into teams_to_tournaments (id, teamId, tournamentId) values (348, 734, 16);
insert into teams_to_tournaments (id, teamId, tournamentId) values (349, 132, 14);
insert into teams_to_tournaments (id, teamId, tournamentId) values (350, 551, 20);
insert into teams_to_tournaments (id, teamId, tournamentId) values (351, 678, 14);
insert into teams_to_tournaments (id, teamId, tournamentId) values (352, 781, 20);
insert into teams_to_tournaments (id, teamId, tournamentId) values (353, 575, 1);
insert into teams_to_tournaments (id, teamId, tournamentId) values (354, 416, 21);
insert into teams_to_tournaments (id, teamId, tournamentId) values (355, 506, 11);
insert into teams_to_tournaments (id, teamId, tournamentId) values (356, 361, 12);
insert into teams_to_tournaments (id, teamId, tournamentId) values (357, 375, 14);
insert into teams_to_tournaments (id, teamId, tournamentId) values (358, 44, 8);
insert into teams_to_tournaments (id, teamId, tournamentId) values (359, 671, 1);
insert into teams_to_tournaments (id, teamId, tournamentId) values (360, 568, 12);
insert into teams_to_tournaments (id, teamId, tournamentId) values (361, 499, 3);
insert into teams_to_tournaments (id, teamId, tournamentId) values (362, 795, 6);
insert into teams_to_tournaments (id, teamId, tournamentId) values (363, 546, 5);
insert into teams_to_tournaments (id, teamId, tournamentId) values (364, 199, 23);
insert into teams_to_tournaments (id, teamId, tournamentId) values (365, 218, 19);
insert into teams_to_tournaments (id, teamId, tournamentId) values (366, 700, 9);
insert into teams_to_tournaments (id, teamId, tournamentId) values (367, 422, 3);
insert into teams_to_tournaments (id, teamId, tournamentId) values (368, 53, 20);
insert into teams_to_tournaments (id, teamId, tournamentId) values (369, 527, 16);
insert into teams_to_tournaments (id, teamId, tournamentId) values (370, 274, 18);
insert into teams_to_tournaments (id, teamId, tournamentId) values (371, 2, 6);
insert into teams_to_tournaments (id, teamId, tournamentId) values (372, 250, 20);
insert into teams_to_tournaments (id, teamId, tournamentId) values (373, 799, 23);
insert into teams_to_tournaments (id, teamId, tournamentId) values (374, 738, 20);
insert into teams_to_tournaments (id, teamId, tournamentId) values (375, 684, 11);
insert into teams_to_tournaments (id, teamId, tournamentId) values (376, 72, 15);
insert into teams_to_tournaments (id, teamId, tournamentId) values (377, 308, 15);
insert into teams_to_tournaments (id, teamId, tournamentId) values (378, 256, 19);
insert into teams_to_tournaments (id, teamId, tournamentId) values (379, 434, 3);
insert into teams_to_tournaments (id, teamId, tournamentId) values (380, 216, 14);
insert into teams_to_tournaments (id, teamId, tournamentId) values (381, 101, 2);
insert into teams_to_tournaments (id, teamId, tournamentId) values (382, 572, 8);
insert into teams_to_tournaments (id, teamId, tournamentId) values (383, 20, 19);
insert into teams_to_tournaments (id, teamId, tournamentId) values (384, 668, 25);
insert into teams_to_tournaments (id, teamId, tournamentId) values (385, 66, 14);
insert into teams_to_tournaments (id, teamId, tournamentId) values (386, 10, 7);
insert into teams_to_tournaments (id, teamId, tournamentId) values (387, 235, 18);
insert into teams_to_tournaments (id, teamId, tournamentId) values (388, 144, 23);
insert into teams_to_tournaments (id, teamId, tournamentId) values (389, 646, 17);
insert into teams_to_tournaments (id, teamId, tournamentId) values (390, 175, 18);
insert into teams_to_tournaments (id, teamId, tournamentId) values (391, 24, 14);
insert into teams_to_tournaments (id, teamId, tournamentId) values (392, 156, 19);
insert into teams_to_tournaments (id, teamId, tournamentId) values (393, 690, 13);
insert into teams_to_tournaments (id, teamId, tournamentId) values (394, 484, 15);
insert into teams_to_tournaments (id, teamId, tournamentId) values (395, 679, 15);
insert into teams_to_tournaments (id, teamId, tournamentId) values (396, 1, 2);
insert into teams_to_tournaments (id, teamId, tournamentId) values (397, 567, 8);
insert into teams_to_tournaments (id, teamId, tournamentId) values (398, 494, 6);
insert into teams_to_tournaments (id, teamId, tournamentId) values (399, 15, 24);
insert into teams_to_tournaments (id, teamId, tournamentId) values (400, 412, 22);
insert into teams_to_tournaments (id, teamId, tournamentId) values (401, 77, 9);
insert into teams_to_tournaments (id, teamId, tournamentId) values (402, 192, 1);
insert into teams_to_tournaments (id, teamId, tournamentId) values (403, 423, 10);
insert into teams_to_tournaments (id, teamId, tournamentId) values (404, 208, 22);
insert into teams_to_tournaments (id, teamId, tournamentId) values (405, 714, 16);
insert into teams_to_tournaments (id, teamId, tournamentId) values (406, 735, 16);
insert into teams_to_tournaments (id, teamId, tournamentId) values (407, 385, 13);
insert into teams_to_tournaments (id, teamId, tournamentId) values (408, 10, 9);
insert into teams_to_tournaments (id, teamId, tournamentId) values (409, 761, 24);
insert into teams_to_tournaments (id, teamId, tournamentId) values (410, 526, 5);
insert into teams_to_tournaments (id, teamId, tournamentId) values (411, 151, 19);
insert into teams_to_tournaments (id, teamId, tournamentId) values (412, 628, 23);
insert into teams_to_tournaments (id, teamId, tournamentId) values (413, 581, 14);
insert into teams_to_tournaments (id, teamId, tournamentId) values (414, 48, 23);
insert into teams_to_tournaments (id, teamId, tournamentId) values (415, 48, 2);
insert into teams_to_tournaments (id, teamId, tournamentId) values (416, 138, 19);
insert into teams_to_tournaments (id, teamId, tournamentId) values (417, 333, 8);
insert into teams_to_tournaments (id, teamId, tournamentId) values (418, 294, 23);
insert into teams_to_tournaments (id, teamId, tournamentId) values (419, 644, 17);
insert into teams_to_tournaments (id, teamId, tournamentId) values (420, 798, 18);
insert into teams_to_tournaments (id, teamId, tournamentId) values (421, 388, 1);
insert into teams_to_tournaments (id, teamId, tournamentId) values (422, 277, 22);
insert into teams_to_tournaments (id, teamId, tournamentId) values (423, 232, 24);
insert into teams_to_tournaments (id, teamId, tournamentId) values (424, 637, 10);
insert into teams_to_tournaments (id, teamId, tournamentId) values (425, 489, 3);
insert into teams_to_tournaments (id, teamId, tournamentId) values (426, 595, 14);
insert into teams_to_tournaments (id, teamId, tournamentId) values (427, 684, 13);
insert into teams_to_tournaments (id, teamId, tournamentId) values (428, 697, 8);
insert into teams_to_tournaments (id, teamId, tournamentId) values (429, 601, 14);
insert into teams_to_tournaments (id, teamId, tournamentId) values (430, 13, 23);
insert into teams_to_tournaments (id, teamId, tournamentId) values (431, 112, 18);
insert into teams_to_tournaments (id, teamId, tournamentId) values (432, 741, 19);
insert into teams_to_tournaments (id, teamId, tournamentId) values (433, 31, 3);
insert into teams_to_tournaments (id, teamId, tournamentId) values (434, 511, 5);
insert into teams_to_tournaments (id, teamId, tournamentId) values (435, 593, 10);
insert into teams_to_tournaments (id, teamId, tournamentId) values (436, 578, 7);
insert into teams_to_tournaments (id, teamId, tournamentId) values (437, 692, 12);
insert into teams_to_tournaments (id, teamId, tournamentId) values (438, 712, 16);
insert into teams_to_tournaments (id, teamId, tournamentId) values (439, 157, 8);
insert into teams_to_tournaments (id, teamId, tournamentId) values (440, 12, 22);
insert into teams_to_tournaments (id, teamId, tournamentId) values (441, 267, 2);
insert into teams_to_tournaments (id, teamId, tournamentId) values (442, 39, 3);
insert into teams_to_tournaments (id, teamId, tournamentId) values (443, 650, 9);
insert into teams_to_tournaments (id, teamId, tournamentId) values (444, 767, 20);
insert into teams_to_tournaments (id, teamId, tournamentId) values (445, 245, 2);
insert into teams_to_tournaments (id, teamId, tournamentId) values (446, 504, 1);
insert into teams_to_tournaments (id, teamId, tournamentId) values (447, 163, 15);
insert into teams_to_tournaments (id, teamId, tournamentId) values (448, 361, 13);
insert into teams_to_tournaments (id, teamId, tournamentId) values (449, 726, 17);
insert into teams_to_tournaments (id, teamId, tournamentId) values (450, 91, 13);
insert into teams_to_tournaments (id, teamId, tournamentId) values (451, 274, 21);
insert into teams_to_tournaments (id, teamId, tournamentId) values (452, 204, 22);
insert into teams_to_tournaments (id, teamId, tournamentId) values (453, 211, 13);
insert into teams_to_tournaments (id, teamId, tournamentId) values (454, 170, 1);
insert into teams_to_tournaments (id, teamId, tournamentId) values (455, 682, 13);
insert into teams_to_tournaments (id, teamId, tournamentId) values (456, 224, 15);
insert into teams_to_tournaments (id, teamId, tournamentId) values (457, 611, 14);
insert into teams_to_tournaments (id, teamId, tournamentId) values (458, 770, 25);
insert into teams_to_tournaments (id, teamId, tournamentId) values (459, 246, 1);
insert into teams_to_tournaments (id, teamId, tournamentId) values (460, 27, 21);
insert into teams_to_tournaments (id, teamId, tournamentId) values (461, 708, 25);
insert into teams_to_tournaments (id, teamId, tournamentId) values (462, 214, 5);
insert into teams_to_tournaments (id, teamId, tournamentId) values (463, 27, 22);
insert into teams_to_tournaments (id, teamId, tournamentId) values (464, 743, 14);
insert into teams_to_tournaments (id, teamId, tournamentId) values (465, 771, 25);
insert into teams_to_tournaments (id, teamId, tournamentId) values (466, 574, 15);
insert into teams_to_tournaments (id, teamId, tournamentId) values (467, 493, 18);
insert into teams_to_tournaments (id, teamId, tournamentId) values (468, 637, 23);
insert into teams_to_tournaments (id, teamId, tournamentId) values (469, 449, 10);
insert into teams_to_tournaments (id, teamId, tournamentId) values (470, 546, 25);
insert into teams_to_tournaments (id, teamId, tournamentId) values (471, 722, 2);
insert into teams_to_tournaments (id, teamId, tournamentId) values (472, 320, 10);
insert into teams_to_tournaments (id, teamId, tournamentId) values (473, 148, 15);
insert into teams_to_tournaments (id, teamId, tournamentId) values (474, 227, 15);
insert into teams_to_tournaments (id, teamId, tournamentId) values (475, 269, 21);
insert into teams_to_tournaments (id, teamId, tournamentId) values (476, 138, 14);
insert into teams_to_tournaments (id, teamId, tournamentId) values (477, 216, 20);
insert into teams_to_tournaments (id, teamId, tournamentId) values (478, 470, 14);
insert into teams_to_tournaments (id, teamId, tournamentId) values (479, 344, 13);
insert into teams_to_tournaments (id, teamId, tournamentId) values (480, 294, 24);
insert into teams_to_tournaments (id, teamId, tournamentId) values (481, 227, 22);
insert into teams_to_tournaments (id, teamId, tournamentId) values (482, 705, 1);
insert into teams_to_tournaments (id, teamId, tournamentId) values (483, 108, 12);
insert into teams_to_tournaments (id, teamId, tournamentId) values (484, 112, 4);
insert into teams_to_tournaments (id, teamId, tournamentId) values (485, 638, 5);
insert into teams_to_tournaments (id, teamId, tournamentId) values (486, 464, 10);
insert into teams_to_tournaments (id, teamId, tournamentId) values (487, 155, 10);
insert into teams_to_tournaments (id, teamId, tournamentId) values (488, 437, 18);
insert into teams_to_tournaments (id, teamId, tournamentId) values (489, 204, 23);
insert into teams_to_tournaments (id, teamId, tournamentId) values (490, 707, 14);
insert into teams_to_tournaments (id, teamId, tournamentId) values (491, 616, 9);
insert into teams_to_tournaments (id, teamId, tournamentId) values (492, 590, 14);
insert into teams_to_tournaments (id, teamId, tournamentId) values (493, 157, 6);
insert into teams_to_tournaments (id, teamId, tournamentId) values (494, 718, 7);
insert into teams_to_tournaments (id, teamId, tournamentId) values (495, 344, 14);
insert into teams_to_tournaments (id, teamId, tournamentId) values (496, 776, 9);
insert into teams_to_tournaments (id, teamId, tournamentId) values (497, 376, 23);
insert into teams_to_tournaments (id, teamId, tournamentId) values (498, 234, 19);
insert into teams_to_tournaments (id, teamId, tournamentId) values (499, 165, 10);
insert into teams_to_tournaments (id, teamId, tournamentId) values (500, 710, 19);
insert into teams_to_tournaments (id, teamId, tournamentId) values (501, 419, 2);
insert into teams_to_tournaments (id, teamId, tournamentId) values (502, 127, 1);
insert into teams_to_tournaments (id, teamId, tournamentId) values (503, 279, 5);
insert into teams_to_tournaments (id, teamId, tournamentId) values (504, 69, 12);
insert into teams_to_tournaments (id, teamId, tournamentId) values (505, 551, 15);
insert into teams_to_tournaments (id, teamId, tournamentId) values (506, 109, 15);
insert into teams_to_tournaments (id, teamId, tournamentId) values (507, 381, 19);
insert into teams_to_tournaments (id, teamId, tournamentId) values (508, 194, 11);
insert into teams_to_tournaments (id, teamId, tournamentId) values (509, 605, 15);
insert into teams_to_tournaments (id, teamId, tournamentId) values (510, 476, 8);
insert into teams_to_tournaments (id, teamId, tournamentId) values (511, 762, 6);
insert into teams_to_tournaments (id, teamId, tournamentId) values (512, 444, 4);
insert into teams_to_tournaments (id, teamId, tournamentId) values (513, 128, 21);
insert into teams_to_tournaments (id, teamId, tournamentId) values (514, 544, 14);
insert into teams_to_tournaments (id, teamId, tournamentId) values (515, 588, 19);
insert into teams_to_tournaments (id, teamId, tournamentId) values (516, 633, 13);
insert into teams_to_tournaments (id, teamId, tournamentId) values (517, 642, 17);
insert into teams_to_tournaments (id, teamId, tournamentId) values (518, 727, 11);
insert into teams_to_tournaments (id, teamId, tournamentId) values (519, 398, 9);
insert into teams_to_tournaments (id, teamId, tournamentId) values (520, 151, 10);
insert into teams_to_tournaments (id, teamId, tournamentId) values (521, 757, 23);
insert into teams_to_tournaments (id, teamId, tournamentId) values (522, 607, 21);
insert into teams_to_tournaments (id, teamId, tournamentId) values (523, 498, 13);
insert into teams_to_tournaments (id, teamId, tournamentId) values (524, 16, 2);
insert into teams_to_tournaments (id, teamId, tournamentId) values (525, 536, 9);
insert into teams_to_tournaments (id, teamId, tournamentId) values (526, 214, 12);
insert into teams_to_tournaments (id, teamId, tournamentId) values (527, 352, 13);
insert into teams_to_tournaments (id, teamId, tournamentId) values (528, 37, 18);
insert into teams_to_tournaments (id, teamId, tournamentId) values (529, 13, 18);
insert into teams_to_tournaments (id, teamId, tournamentId) values (530, 605, 17);
insert into teams_to_tournaments (id, teamId, tournamentId) values (531, 755, 8);
insert into teams_to_tournaments (id, teamId, tournamentId) values (532, 24, 3);
insert into teams_to_tournaments (id, teamId, tournamentId) values (533, 545, 2);
insert into teams_to_tournaments (id, teamId, tournamentId) values (534, 424, 4);
insert into teams_to_tournaments (id, teamId, tournamentId) values (535, 56, 22);
insert into teams_to_tournaments (id, teamId, tournamentId) values (536, 245, 25);
insert into teams_to_tournaments (id, teamId, tournamentId) values (537, 132, 20);
insert into teams_to_tournaments (id, teamId, tournamentId) values (538, 786, 7);
insert into teams_to_tournaments (id, teamId, tournamentId) values (539, 346, 2);
insert into teams_to_tournaments (id, teamId, tournamentId) values (540, 688, 23);
insert into teams_to_tournaments (id, teamId, tournamentId) values (541, 466, 19);
insert into teams_to_tournaments (id, teamId, tournamentId) values (542, 631, 7);
insert into teams_to_tournaments (id, teamId, tournamentId) values (543, 710, 1);
insert into teams_to_tournaments (id, teamId, tournamentId) values (544, 236, 3);
insert into teams_to_tournaments (id, teamId, tournamentId) values (545, 546, 4);
insert into teams_to_tournaments (id, teamId, tournamentId) values (546, 109, 23);
insert into teams_to_tournaments (id, teamId, tournamentId) values (547, 620, 9);
insert into teams_to_tournaments (id, teamId, tournamentId) values (548, 399, 6);
insert into teams_to_tournaments (id, teamId, tournamentId) values (549, 632, 1);
insert into teams_to_tournaments (id, teamId, tournamentId) values (550, 370, 2);
insert into teams_to_tournaments (id, teamId, tournamentId) values (551, 108, 3);
insert into teams_to_tournaments (id, teamId, tournamentId) values (552, 720, 13);
insert into teams_to_tournaments (id, teamId, tournamentId) values (553, 689, 17);
insert into teams_to_tournaments (id, teamId, tournamentId) values (554, 505, 5);
insert into teams_to_tournaments (id, teamId, tournamentId) values (555, 130, 23);
insert into teams_to_tournaments (id, teamId, tournamentId) values (556, 280, 1);
insert into teams_to_tournaments (id, teamId, tournamentId) values (557, 290, 6);
insert into teams_to_tournaments (id, teamId, tournamentId) values (558, 771, 9);
insert into teams_to_tournaments (id, teamId, tournamentId) values (559, 145, 16);
insert into teams_to_tournaments (id, teamId, tournamentId) values (560, 65, 11);
insert into teams_to_tournaments (id, teamId, tournamentId) values (561, 609, 12);
insert into teams_to_tournaments (id, teamId, tournamentId) values (562, 352, 12);
insert into teams_to_tournaments (id, teamId, tournamentId) values (563, 215, 12);
insert into teams_to_tournaments (id, teamId, tournamentId) values (564, 572, 4);
insert into teams_to_tournaments (id, teamId, tournamentId) values (565, 639, 20);
insert into teams_to_tournaments (id, teamId, tournamentId) values (566, 721, 14);
insert into teams_to_tournaments (id, teamId, tournamentId) values (567, 45, 24);
insert into teams_to_tournaments (id, teamId, tournamentId) values (568, 68, 9);
insert into teams_to_tournaments (id, teamId, tournamentId) values (569, 52, 24);
insert into teams_to_tournaments (id, teamId, tournamentId) values (570, 543, 15);
insert into teams_to_tournaments (id, teamId, tournamentId) values (571, 333, 17);
insert into teams_to_tournaments (id, teamId, tournamentId) values (572, 628, 14);
insert into teams_to_tournaments (id, teamId, tournamentId) values (573, 360, 14);
insert into teams_to_tournaments (id, teamId, tournamentId) values (574, 536, 13);
insert into teams_to_tournaments (id, teamId, tournamentId) values (575, 312, 21);
insert into teams_to_tournaments (id, teamId, tournamentId) values (576, 23, 25);
insert into teams_to_tournaments (id, teamId, tournamentId) values (577, 94, 20);
insert into teams_to_tournaments (id, teamId, tournamentId) values (578, 485, 18);
insert into teams_to_tournaments (id, teamId, tournamentId) values (579, 538, 4);
insert into teams_to_tournaments (id, teamId, tournamentId) values (580, 605, 18);
insert into teams_to_tournaments (id, teamId, tournamentId) values (581, 748, 21);
insert into teams_to_tournaments (id, teamId, tournamentId) values (582, 674, 4);
insert into teams_to_tournaments (id, teamId, tournamentId) values (583, 201, 20);
insert into teams_to_tournaments (id, teamId, tournamentId) values (584, 415, 1);
insert into teams_to_tournaments (id, teamId, tournamentId) values (585, 570, 16);
insert into teams_to_tournaments (id, teamId, tournamentId) values (586, 260, 2);
insert into teams_to_tournaments (id, teamId, tournamentId) values (587, 569, 24);
insert into teams_to_tournaments (id, teamId, tournamentId) values (588, 611, 5);
insert into teams_to_tournaments (id, teamId, tournamentId) values (589, 661, 4);
insert into teams_to_tournaments (id, teamId, tournamentId) values (590, 640, 8);
insert into teams_to_tournaments (id, teamId, tournamentId) values (591, 323, 20);
insert into teams_to_tournaments (id, teamId, tournamentId) values (592, 67, 20);
insert into teams_to_tournaments (id, teamId, tournamentId) values (593, 460, 25);
insert into teams_to_tournaments (id, teamId, tournamentId) values (594, 489, 14);
insert into teams_to_tournaments (id, teamId, tournamentId) values (595, 543, 8);
insert into teams_to_tournaments (id, teamId, tournamentId) values (596, 443, 8);
insert into teams_to_tournaments (id, teamId, tournamentId) values (597, 591, 7);
insert into teams_to_tournaments (id, teamId, tournamentId) values (598, 78, 22);
insert into teams_to_tournaments (id, teamId, tournamentId) values (599, 501, 20);
insert into teams_to_tournaments (id, teamId, tournamentId) values (600, 328, 5);
insert into teams_to_tournaments (id, teamId, tournamentId) values (601, 566, 7);
insert into teams_to_tournaments (id, teamId, tournamentId) values (602, 404, 13);
insert into teams_to_tournaments (id, teamId, tournamentId) values (603, 71, 10);
insert into teams_to_tournaments (id, teamId, tournamentId) values (604, 102, 1);
insert into teams_to_tournaments (id, teamId, tournamentId) values (605, 398, 22);
insert into teams_to_tournaments (id, teamId, tournamentId) values (606, 554, 16);
insert into teams_to_tournaments (id, teamId, tournamentId) values (607, 406, 18);
insert into teams_to_tournaments (id, teamId, tournamentId) values (608, 419, 4);
insert into teams_to_tournaments (id, teamId, tournamentId) values (609, 110, 14);
insert into teams_to_tournaments (id, teamId, tournamentId) values (610, 427, 4);
insert into teams_to_tournaments (id, teamId, tournamentId) values (611, 605, 21);
insert into teams_to_tournaments (id, teamId, tournamentId) values (612, 607, 24);
insert into teams_to_tournaments (id, teamId, tournamentId) values (613, 35, 19);
insert into teams_to_tournaments (id, teamId, tournamentId) values (614, 307, 22);
insert into teams_to_tournaments (id, teamId, tournamentId) values (615, 287, 8);
insert into teams_to_tournaments (id, teamId, tournamentId) values (616, 503, 11);
insert into teams_to_tournaments (id, teamId, tournamentId) values (617, 498, 12);
insert into teams_to_tournaments (id, teamId, tournamentId) values (618, 13, 6);
insert into teams_to_tournaments (id, teamId, tournamentId) values (619, 11, 4);
insert into teams_to_tournaments (id, teamId, tournamentId) values (620, 793, 7);
insert into teams_to_tournaments (id, teamId, tournamentId) values (621, 722, 7);
insert into teams_to_tournaments (id, teamId, tournamentId) values (622, 220, 18);
insert into teams_to_tournaments (id, teamId, tournamentId) values (623, 440, 2);
insert into teams_to_tournaments (id, teamId, tournamentId) values (624, 303, 1);
insert into teams_to_tournaments (id, teamId, tournamentId) values (625, 651, 2);
insert into teams_to_tournaments (id, teamId, tournamentId) values (626, 628, 20);
insert into teams_to_tournaments (id, teamId, tournamentId) values (627, 757, 13);
insert into teams_to_tournaments (id, teamId, tournamentId) values (628, 246, 5);
insert into teams_to_tournaments (id, teamId, tournamentId) values (629, 75, 13);
insert into teams_to_tournaments (id, teamId, tournamentId) values (630, 572, 9);
insert into teams_to_tournaments (id, teamId, tournamentId) values (631, 472, 17);
insert into teams_to_tournaments (id, teamId, tournamentId) values (632, 190, 14);
insert into teams_to_tournaments (id, teamId, tournamentId) values (633, 610, 18);
insert into teams_to_tournaments (id, teamId, tournamentId) values (634, 380, 5);
insert into teams_to_tournaments (id, teamId, tournamentId) values (635, 403, 13);
insert into teams_to_tournaments (id, teamId, tournamentId) values (636, 550, 6);
insert into teams_to_tournaments (id, teamId, tournamentId) values (637, 665, 11);
insert into teams_to_tournaments (id, teamId, tournamentId) values (638, 215, 24);
insert into teams_to_tournaments (id, teamId, tournamentId) values (639, 598, 21);
insert into teams_to_tournaments (id, teamId, tournamentId) values (640, 608, 14);
insert into teams_to_tournaments (id, teamId, tournamentId) values (641, 776, 16);
insert into teams_to_tournaments (id, teamId, tournamentId) values (642, 600, 22);
insert into teams_to_tournaments (id, teamId, tournamentId) values (643, 787, 13);
insert into teams_to_tournaments (id, teamId, tournamentId) values (644, 305, 15);
insert into teams_to_tournaments (id, teamId, tournamentId) values (645, 456, 21);
insert into teams_to_tournaments (id, teamId, tournamentId) values (646, 747, 13);
insert into teams_to_tournaments (id, teamId, tournamentId) values (647, 289, 6);
insert into teams_to_tournaments (id, teamId, tournamentId) values (648, 351, 24);
insert into teams_to_tournaments (id, teamId, tournamentId) values (649, 375, 1);
insert into teams_to_tournaments (id, teamId, tournamentId) values (650, 321, 6);
insert into teams_to_tournaments (id, teamId, tournamentId) values (651, 105, 10);
insert into teams_to_tournaments (id, teamId, tournamentId) values (652, 225, 10);
insert into teams_to_tournaments (id, teamId, tournamentId) values (653, 306, 21);
insert into teams_to_tournaments (id, teamId, tournamentId) values (654, 506, 25);
insert into teams_to_tournaments (id, teamId, tournamentId) values (655, 486, 9);
insert into teams_to_tournaments (id, teamId, tournamentId) values (656, 515, 24);
insert into teams_to_tournaments (id, teamId, tournamentId) values (657, 64, 23);
insert into teams_to_tournaments (id, teamId, tournamentId) values (658, 94, 6);
insert into teams_to_tournaments (id, teamId, tournamentId) values (659, 49, 15);
insert into teams_to_tournaments (id, teamId, tournamentId) values (660, 258, 13);
insert into teams_to_tournaments (id, teamId, tournamentId) values (661, 210, 17);
insert into teams_to_tournaments (id, teamId, tournamentId) values (662, 224, 10);
insert into teams_to_tournaments (id, teamId, tournamentId) values (663, 718, 7);
insert into teams_to_tournaments (id, teamId, tournamentId) values (664, 138, 22);
insert into teams_to_tournaments (id, teamId, tournamentId) values (665, 92, 17);
insert into teams_to_tournaments (id, teamId, tournamentId) values (666, 52, 7);
insert into teams_to_tournaments (id, teamId, tournamentId) values (667, 331, 21);
insert into teams_to_tournaments (id, teamId, tournamentId) values (668, 574, 20);
insert into teams_to_tournaments (id, teamId, tournamentId) values (669, 318, 3);
insert into teams_to_tournaments (id, teamId, tournamentId) values (670, 520, 17);
insert into teams_to_tournaments (id, teamId, tournamentId) values (671, 562, 7);
insert into teams_to_tournaments (id, teamId, tournamentId) values (672, 267, 7);
insert into teams_to_tournaments (id, teamId, tournamentId) values (673, 607, 8);
insert into teams_to_tournaments (id, teamId, tournamentId) values (674, 375, 5);
insert into teams_to_tournaments (id, teamId, tournamentId) values (675, 523, 9);
insert into teams_to_tournaments (id, teamId, tournamentId) values (676, 631, 24);
insert into teams_to_tournaments (id, teamId, tournamentId) values (677, 750, 9);
insert into teams_to_tournaments (id, teamId, tournamentId) values (678, 652, 5);
insert into teams_to_tournaments (id, teamId, tournamentId) values (679, 165, 9);
insert into teams_to_tournaments (id, teamId, tournamentId) values (680, 15, 21);
insert into teams_to_tournaments (id, teamId, tournamentId) values (681, 385, 7);
insert into teams_to_tournaments (id, teamId, tournamentId) values (682, 690, 3);
insert into teams_to_tournaments (id, teamId, tournamentId) values (683, 329, 21);
insert into teams_to_tournaments (id, teamId, tournamentId) values (684, 37, 4);
insert into teams_to_tournaments (id, teamId, tournamentId) values (685, 118, 21);
insert into teams_to_tournaments (id, teamId, tournamentId) values (686, 544, 3);
insert into teams_to_tournaments (id, teamId, tournamentId) values (687, 378, 18);
insert into teams_to_tournaments (id, teamId, tournamentId) values (688, 96, 1);
insert into teams_to_tournaments (id, teamId, tournamentId) values (689, 469, 20);
insert into teams_to_tournaments (id, teamId, tournamentId) values (690, 320, 18);
insert into teams_to_tournaments (id, teamId, tournamentId) values (691, 594, 1);
insert into teams_to_tournaments (id, teamId, tournamentId) values (692, 653, 9);
insert into teams_to_tournaments (id, teamId, tournamentId) values (693, 695, 9);
insert into teams_to_tournaments (id, teamId, tournamentId) values (694, 434, 24);
insert into teams_to_tournaments (id, teamId, tournamentId) values (695, 409, 25);
insert into teams_to_tournaments (id, teamId, tournamentId) values (696, 165, 2);
insert into teams_to_tournaments (id, teamId, tournamentId) values (697, 442, 11);
insert into teams_to_tournaments (id, teamId, tournamentId) values (698, 684, 14);
insert into teams_to_tournaments (id, teamId, tournamentId) values (699, 755, 22);
insert into teams_to_tournaments (id, teamId, tournamentId) values (700, 498, 20);
insert into teams_to_tournaments (id, teamId, tournamentId) values (701, 634, 21);
insert into teams_to_tournaments (id, teamId, tournamentId) values (702, 198, 14);
insert into teams_to_tournaments (id, teamId, tournamentId) values (703, 76, 1);
insert into teams_to_tournaments (id, teamId, tournamentId) values (704, 682, 9);
insert into teams_to_tournaments (id, teamId, tournamentId) values (705, 190, 15);
insert into teams_to_tournaments (id, teamId, tournamentId) values (706, 230, 2);
insert into teams_to_tournaments (id, teamId, tournamentId) values (707, 577, 18);
insert into teams_to_tournaments (id, teamId, tournamentId) values (708, 308, 15);
insert into teams_to_tournaments (id, teamId, tournamentId) values (709, 488, 16);
insert into teams_to_tournaments (id, teamId, tournamentId) values (710, 12, 19);
insert into teams_to_tournaments (id, teamId, tournamentId) values (711, 431, 3);
insert into teams_to_tournaments (id, teamId, tournamentId) values (712, 232, 18);
insert into teams_to_tournaments (id, teamId, tournamentId) values (713, 607, 10);
insert into teams_to_tournaments (id, teamId, tournamentId) values (714, 99, 4);
insert into teams_to_tournaments (id, teamId, tournamentId) values (715, 673, 5);
insert into teams_to_tournaments (id, teamId, tournamentId) values (716, 611, 7);
insert into teams_to_tournaments (id, teamId, tournamentId) values (717, 742, 12);
insert into teams_to_tournaments (id, teamId, tournamentId) values (718, 257, 2);
insert into teams_to_tournaments (id, teamId, tournamentId) values (719, 704, 24);
insert into teams_to_tournaments (id, teamId, tournamentId) values (720, 525, 4);
insert into teams_to_tournaments (id, teamId, tournamentId) values (721, 438, 7);
insert into teams_to_tournaments (id, teamId, tournamentId) values (722, 512, 19);
insert into teams_to_tournaments (id, teamId, tournamentId) values (723, 113, 5);
insert into teams_to_tournaments (id, teamId, tournamentId) values (724, 202, 2);
insert into teams_to_tournaments (id, teamId, tournamentId) values (725, 425, 21);
insert into teams_to_tournaments (id, teamId, tournamentId) values (726, 479, 25);
insert into teams_to_tournaments (id, teamId, tournamentId) values (727, 594, 13);
insert into teams_to_tournaments (id, teamId, tournamentId) values (728, 193, 6);
insert into teams_to_tournaments (id, teamId, tournamentId) values (729, 357, 2);
insert into teams_to_tournaments (id, teamId, tournamentId) values (730, 323, 5);
insert into teams_to_tournaments (id, teamId, tournamentId) values (731, 104, 22);
insert into teams_to_tournaments (id, teamId, tournamentId) values (732, 192, 11);
insert into teams_to_tournaments (id, teamId, tournamentId) values (733, 775, 2);
insert into teams_to_tournaments (id, teamId, tournamentId) values (734, 73, 2);
insert into teams_to_tournaments (id, teamId, tournamentId) values (735, 601, 4);
insert into teams_to_tournaments (id, teamId, tournamentId) values (736, 361, 17);
insert into teams_to_tournaments (id, teamId, tournamentId) values (737, 25, 9);
insert into teams_to_tournaments (id, teamId, tournamentId) values (738, 479, 11);
insert into teams_to_tournaments (id, teamId, tournamentId) values (739, 383, 5);
insert into teams_to_tournaments (id, teamId, tournamentId) values (740, 615, 22);
insert into teams_to_tournaments (id, teamId, tournamentId) values (741, 57, 16);
insert into teams_to_tournaments (id, teamId, tournamentId) values (742, 257, 9);
insert into teams_to_tournaments (id, teamId, tournamentId) values (743, 103, 8);
insert into teams_to_tournaments (id, teamId, tournamentId) values (744, 57, 7);
insert into teams_to_tournaments (id, teamId, tournamentId) values (745, 748, 16);
insert into teams_to_tournaments (id, teamId, tournamentId) values (746, 142, 16);
insert into teams_to_tournaments (id, teamId, tournamentId) values (747, 793, 14);
insert into teams_to_tournaments (id, teamId, tournamentId) values (748, 61, 8);
insert into teams_to_tournaments (id, teamId, tournamentId) values (749, 267, 8);
insert into teams_to_tournaments (id, teamId, tournamentId) values (750, 86, 13);
insert into teams_to_tournaments (id, teamId, tournamentId) values (751, 736, 17);
insert into teams_to_tournaments (id, teamId, tournamentId) values (752, 710, 22);
insert into teams_to_tournaments (id, teamId, tournamentId) values (753, 438, 8);
insert into teams_to_tournaments (id, teamId, tournamentId) values (754, 352, 12);
insert into teams_to_tournaments (id, teamId, tournamentId) values (755, 380, 5);
insert into teams_to_tournaments (id, teamId, tournamentId) values (756, 694, 9);
insert into teams_to_tournaments (id, teamId, tournamentId) values (757, 550, 16);
insert into teams_to_tournaments (id, teamId, tournamentId) values (758, 32, 2);
insert into teams_to_tournaments (id, teamId, tournamentId) values (759, 465, 16);
insert into teams_to_tournaments (id, teamId, tournamentId) values (760, 450, 19);
insert into teams_to_tournaments (id, teamId, tournamentId) values (761, 173, 22);
insert into teams_to_tournaments (id, teamId, tournamentId) values (762, 302, 14);
insert into teams_to_tournaments (id, teamId, tournamentId) values (763, 330, 14);
insert into teams_to_tournaments (id, teamId, tournamentId) values (764, 740, 18);
insert into teams_to_tournaments (id, teamId, tournamentId) values (765, 8, 21);
insert into teams_to_tournaments (id, teamId, tournamentId) values (766, 357, 25);
insert into teams_to_tournaments (id, teamId, tournamentId) values (767, 631, 9);
insert into teams_to_tournaments (id, teamId, tournamentId) values (768, 299, 23);
insert into teams_to_tournaments (id, teamId, tournamentId) values (769, 185, 3);
insert into teams_to_tournaments (id, teamId, tournamentId) values (770, 662, 25);
insert into teams_to_tournaments (id, teamId, tournamentId) values (771, 438, 24);
insert into teams_to_tournaments (id, teamId, tournamentId) values (772, 517, 23);
insert into teams_to_tournaments (id, teamId, tournamentId) values (773, 364, 23);
insert into teams_to_tournaments (id, teamId, tournamentId) values (774, 31, 9);
insert into teams_to_tournaments (id, teamId, tournamentId) values (775, 357, 3);
insert into teams_to_tournaments (id, teamId, tournamentId) values (776, 177, 2);
insert into teams_to_tournaments (id, teamId, tournamentId) values (777, 184, 9);
insert into teams_to_tournaments (id, teamId, tournamentId) values (778, 196, 12);
insert into teams_to_tournaments (id, teamId, tournamentId) values (779, 757, 22);
insert into teams_to_tournaments (id, teamId, tournamentId) values (780, 715, 20);
insert into teams_to_tournaments (id, teamId, tournamentId) values (781, 199, 10);
insert into teams_to_tournaments (id, teamId, tournamentId) values (782, 429, 8);
insert into teams_to_tournaments (id, teamId, tournamentId) values (783, 16, 19);
insert into teams_to_tournaments (id, teamId, tournamentId) values (784, 350, 12);
insert into teams_to_tournaments (id, teamId, tournamentId) values (785, 479, 5);
insert into teams_to_tournaments (id, teamId, tournamentId) values (786, 227, 5);
insert into teams_to_tournaments (id, teamId, tournamentId) values (787, 247, 4);
insert into teams_to_tournaments (id, teamId, tournamentId) values (788, 701, 4);
insert into teams_to_tournaments (id, teamId, tournamentId) values (789, 296, 2);
insert into teams_to_tournaments (id, teamId, tournamentId) values (790, 297, 14);
insert into teams_to_tournaments (id, teamId, tournamentId) values (791, 342, 22);
insert into teams_to_tournaments (id, teamId, tournamentId) values (792, 738, 25);
insert into teams_to_tournaments (id, teamId, tournamentId) values (793, 771, 16);
insert into teams_to_tournaments (id, teamId, tournamentId) values (794, 564, 3);
insert into teams_to_tournaments (id, teamId, tournamentId) values (795, 439, 2);
insert into teams_to_tournaments (id, teamId, tournamentId) values (796, 728, 25);
insert into teams_to_tournaments (id, teamId, tournamentId) values (797, 142, 2);
insert into teams_to_tournaments (id, teamId, tournamentId) values (798, 190, 15);
insert into teams_to_tournaments (id, teamId, tournamentId) values (799, 593, 24);
insert into teams_to_tournaments (id, teamId, tournamentId) values (800, 504, 7);
